排名,名称,类型,话数,放送时间,导演,脚本,声优,评分,评分人数,封面,详情页
1,攻壳机动队 S.A.C. 2nd GIG,TV,26,2004-01-01,神山健治,櫻井大樹、菅正太郎、佐藤大、藤咲淳一、神山健治、松家雄一郎、大松裕,田中敦子、大塚明夫、阪脩、山寺宏一、仲野裕、大川透、小野塚貴志、玉川砂記子、山口太郎、小山力也、秋元羊介、鈴木泰明、榊原良子、西田健,9.2,10006,https://lain.bgm.tv/r/400/pic/cover/l/a6/66/326_D8wjw.jpg,https://bangumi.tv/subject/326
2,CLANNAD 〜AFTER STORY〜,TV,24,2008-10-02,石原立也,志茂文彦,中村悠一、中原麻衣、こおろぎさとみ、井上喜久子、置鮎龍太郎、中博史、緑川光、川上とも子、広橋涼、神田朱未、桑島法子、能登麻美子、阪口大助、田村ゆかり、ゆきのさつき、榎本温子、野中藍、皆口裕子、矢島晶子、川名真知子、朴璐美、青野武、麻生美代子、小野大輔、板東愛、相沢舞、坂本梓馬、安井絵里、紗川じゅん,9.2,31321,https://lain.bgm.tv/r/400/pic/cover/l/67/d1/876_dCfrd.jpg,https://bangumi.tv/subject/876
3,猫和老鼠（1965年电视版）,TV,0,未知,William、Hanna、Joseph、Barbera、Tex、Avery、Michael、Lah、Rudolf、Ising,William Hanna、Joseph Barbera、Rich Hogan、Homer Brightman、Jack Cosgriff、Heck Allen,William Hanna,9.1,14051,https://lain.bgm.tv/r/400/pic/cover/l/fd/60/25961_WDKz6.jpg,https://bangumi.tv/subject/25961
4,星际牛仔,TV,26,1998-10-23,渡辺信一郎,信本敬子、横手美智子、山口亮太、村井さだゆき、佐藤大、稲荷昭彦、渡辺信一郎,山寺宏一、石塚運昇、김기현、林原めぐみ、多田葵、山寺宏一、若本規夫、茂呂田かおる、中尾隆聖、坂本真綾、土井美加、山口勝平、高島雅羅、緑川光、堀内賢雄、檜山修之、冬馬由美、大塚明夫、富田耕生、鈴鹿千春、伊藤和晃、渡部猛、仲木隆司、西凜太朗、日野由利加、小山武宏、平尾仁、中嶋聡彦、中博史、大友龍三郎、藤本譲、垂木勉、長沢美樹、小川真司、有田麻里、中田和宏、茶風林、仲野裕、一城みゆ希、中村秀利、郷里大輔、片岡富枝、中村秀利、中田和宏、内川藍維、島香裕、辻親八、中嶋聡彦、はやみけい、中田譲治、龍田直樹、辻親八、宝亀克寿、松岡文雄、田口昻、中博史、辻親八、岩崎ひろし、岸野幸正、廣田行生、大家仁志、島香裕、鈴木英一郎、佐々木敏、広瀬正志、大塚芳忠、田中敦子、玄田哲章、千葉繁、三木眞一郎、長嶝高士、石井康嗣、塩屋翼、中博史、青野武、斎賀みつき、銀河万丈、大木民夫、小笠原亜里沙、土師孝也、江原正士、八戸優、大塚周夫、堀越真己、喜田あゆ美、奥島和美、黒田弥生、中原茂、谷育子、内海賢二、内川藍維、まるたまり、百々麻子、掛川裕彦,9.1,19404,https://lain.bgm.tv/r/400/pic/cover/l/c2/4c/253_jJJj9.jpg,https://bangumi.tv/subject/253
5,攻壳机动队 STAND ALONE COMPLEX,TV,26,2002-10-01,神山健治,神山健治、藤咲淳一、櫻井大樹、菅正太郎、佐藤大、寺戸信寿,田中敦子、大塚明夫、山寺宏一、阪脩、山寺宏一、仲野裕、大川透、小野塚貴志、玉川砂記子、山口太郎、秋元羊介、鈴木泰明,9.1,11414,https://lain.bgm.tv/r/400/pic/cover/l/f2/fc/324_psuXk.jpg,https://bangumi.tv/subject/324
6,浪客剑心 追忆篇,OVA,4,1999-02-20,古橋一浩,十川誠志,鈴木真仁、涼風真世、岩男潤子、池田秀一、鈴置洋孝、日比野朱里、佐々木望、関智一、岩永哲哉、高木渉、薛宏美、尾小平志津香、モリノリ久、仲尾あづさ、小山力也,8.9,9553,https://lain.bgm.tv/r/400/pic/cover/l/71/37/1728_HLsCr.jpg,https://bangumi.tv/subject/1728
7,新世纪福音战士剧场版 Air/真心为你,剧场版,2,1997-07-19,鶴巻和哉、庵野秀明,庵野秀明,緒方恵美、罗伟杰、朱憶華、林原めぐみ、馬君珮、宮村優子、劉凱寧、三石琴乃、郭馨雅、山口由里子、長沢美樹、清川元夢、優希比呂、子安武人、立木文彦、麦人、林原めぐみ、林原めぐみ、石田彰、菅原淳一、川村万梨阿、松本保典、矢島晶子、長嶝高士、沢木郁也、渋谷茂、大山高男、永野広一、山野井仁,8.9,21748,https://lain.bgm.tv/r/400/pic/cover/l/fe/45/6049_zy52O.jpg,https://bangumi.tv/subject/6049
8,命运石之门,TV,25,2011-04-06,佐藤卓哉、浜崎博嗣、小林智樹,花田十輝、横谷昌宏、根元歳三、林直孝,宮野真守、花澤香菜、関智一、今井麻美、田村ゆかり、後藤沙緒里、小林ゆう、桃井はるこ、てらそままさき、山本彩乃、小形満、星野充昭、菊本平、白石稔、ふくまつ進紗、榊原奈緒子、小林かつのり,8.8,39999,https://lain.bgm.tv/r/400/pic/cover/l/a9/79/10380_YwP4R.jpg,https://bangumi.tv/subject/10380
9,攻壳机动队,剧场版,1,1995-11-18,押井守,伊藤和典,田中敦子、坂本真綾、蔣篤慧、大塚明夫、陳旭昇、大木民夫、孫中台、山寺宏一、于正昇、仲野裕、孫中台、家弓家正、劉傑,8.8,12776,https://lain.bgm.tv/r/400/pic/cover/l/53/9f/237_78UdL.jpg,https://bangumi.tv/subject/237
10,3月的狮子 第二季,TV,22,2017-10-14,新房昭之,木澤行人,河西健吾、茅野愛衣、花澤香菜、久野美咲、岡本信彦、三瓶由布子、井上麻里奈、細谷佳正、三木眞一郎、杉田智和、上田燿司、櫻井孝宏、大川透、千葉繁、木村昴、根谷美智子、石田彰、玄田哲章、阪口大助、中村悠一、東地宏樹、大塚明夫、岩田光央、岡和男、津田健次郎、うえだゆうじ、大塚芳忠、悠木碧、西明日香、竹内良太、吉野裕行、安元洋貴、小野大輔、立木文彦、島本須美、井上麻里奈、大地葉,8.8,10550,https://lain.bgm.tv/r/400/pic/cover/l/5c/49/211567_pGm5Q.jpg,https://bangumi.tv/subject/211567
11,钢之炼金术师 FULLMETAL ALCHEMIST,TV,64,2009-04-05,入江泰浩,大野木寛、土屋理敬、菅正太郎、津村米紀、水上清資,朴璐美、釘宮理恵、高本めぐみ、三木眞一郎、折笠富美子、内海賢二、藤原啓治、井上喜久子、白鳥哲、高山みなみ、三宅健太、小山茉美、麻生美代子、三ツ木勇気、鷹森淑乃、半場友恵、福圓美里、小室正幸、うえだゆうじ、佐藤美一、名塚佳織、早志勇紀、藤村知可、梅津秀行、松本大、野島健児、矢尾一樹、津田匠子、佐々木誠二、中村悠一、木内秀信、柴田秀勝、宮野真守、水樹奈々、堀勝之祐、後藤麻衣、釘宮理恵、石塚運昇、浪川大輔、子安武人、てらそままさき、天野由梨、家弓家正、三瓶由布子、吉野裕行、谷昌樹、有本欽隆、沢海陽子、中井和哉、大友龍三郎、立木文彦、納谷六朗、宝亀克寿、江川央生、加藤精三、山寺宏一、浜田賢二、永井誠、青森伸、ゆきのさつき、柿原徹也、諸星すみれ、岡村明美、武虎、釘宮理恵、さとうあい、阪口周平、勝杏里、稲田徹、本田貴子、うえだゆうじ、長島真祐、永吉ユカ、飯塚昭三、紗ゆり、川島得愛、藤本譲、宮澤正、三宅健太、加瀬康之、上村典子、家弓家正,8.8,24790,https://lain.bgm.tv/r/400/pic/cover/l/06/63/1428_xwkMI.jpg,https://bangumi.tv/subject/1428
12,机动警察剧场版2 和平保卫战,剧场版,1,1993-08-07,押井守,伊藤和典,大林隆介、榊原良子、竹中直人、根津甚八、冨永みーな、古川登志夫、郷里大輔、池水通洋、二又一成、阪脩、千葉繁、西村知道、安達忍、TARAKO,8.8,4027,https://lain.bgm.tv/r/400/pic/cover/l/ca/f1/321_j3YWy.jpg,https://bangumi.tv/subject/321
13,蓝色恐惧,剧场版,1,1998-02-28,今敏,村井さだゆき,岩男潤子、大倉正章、松本梨香,8.7,11354,https://lain.bgm.tv/r/400/pic/cover/l/8f/7d/839_0uIrU.jpg,https://bangumi.tv/subject/839
14,白箱,TV,24,2014-10-09,水島努,横手美智子、吉田玲子、浦畑達彦,木村珠莉、佳村はるか、千菅春香、髙野麻美、大和田仁美、西地修哉、吉野裕行、山岡ゆり、松岡禎丞、松風雅也、茅野愛衣、中原麻衣、小林裕介、高木渉、檜山修之、斎藤寛仁、浜田賢二、沼倉愛美、松本忍、山川琴美、小柳基、高橋伸也、間島淳司、高梨謙吾、伊藤静、日野まり、こぶしのぶゆき、葉山いくみ、米澤円、小林裕介、井澤詩織、興津和幸、木村珠莉、茅野愛衣、中原麻衣、伊藤静、金元寿子、樫井笙人、福島潤、櫻井孝宏、高橋李依、高橋李依、高橋李依、高橋李依、菅原雅芳、岩田光央、伊藤静、高橋伸也、岩田光央、横尾まり、野瀬育二、小西克幸、森谷里美、青山穣、田村ゆかり、保村真、高木渉、橋本ちなみ、山岡ゆり、沼倉愛美、山岡ゆり、米澤円、飛田展男、真殿光昭、子安武人、宮田幸季、中原麻衣、伊藤静、茅野愛衣、金元寿子、伊藤静、沼倉愛美、山岡ゆり、米澤円、千菅春香、日野まり,8.7,23183,https://lain.bgm.tv/r/400/pic/cover/l/73/26/110467_Fx9tT.jpg,https://bangumi.tv/subject/110467
15,凉宫春日的消失,剧场版,1,2010-02-06,武本康弘,志茂文彦,杉田智和、茅原実里、平野綾、後藤邑子、小野大輔、桑谷夏子、松岡由貴、白石稔、松元恵、あおきさやか、柳沢栄治,8.7,24382,https://lain.bgm.tv/r/400/pic/cover/l/9b/9b/3375_33BCV.jpg,https://bangumi.tv/subject/3375
16,进击的巨人 第三季 Part.2,TV,10,2019-04-28,肥塚正史,小林靖子、瀬古浩司,梶裕貴、石川由依、井上麻里奈、神谷浩史、谷山紀章、三上枝織、下野紘、細谷佳正、朴璐美、子安武人、山下大輝、土田大、上村祐翔、小野大輔、橋詰知久、小林ゆう、杉田智和、小野賢章、渡辺明乃、松本保典、逢坂良太,8.7,23267,https://lain.bgm.tv/r/400/pic/cover/l/c2/56/263750_56TBs.jpg,https://bangumi.tv/subject/263750
17,银河英雄传说,OVA,110,1988-01-08,田中芳樹,首藤剛志、遠藤明範、花園由宇保、戸田博史、柳川茂、小西川博、田原正利,堀川りょう、富山敬、広中雅志、森功至、若本規夫、塩沢兼人、勝生真沙子、佐々木望、榊原良子、小山茉美、岡部政明、堀勝之祐、玄田哲章、野田圭一、土師孝也、納谷悟朗、小林清志、潘恵子、目黒光祐、水島裕、速水奨、堀内賢雄、小林修、安原義人、古川登志夫、井上和彦、石塚運昇、キートン山田、羽佐間道夫、政宗一成、鈴木泰明、青野武、小杉十郎太、難波圭一、銀河万丈、家弓家正、富田耕生、鈴置洋孝、塩屋浩三、神谷明、三石琴乃、仲村秀生、小室正幸、池田秀一、渡部猛、阿南健治、津嘉山正種、石丸博也、置鮎龍太郎、石田太郎、高木均、田中亮一、堀秀行、柴田秀勝、郷里大輔、中村正、阪脩、中田譲治、塩屋翼、仁内建之、村越伊知郎、佐藤正治、有本欽隆、江森浩子、二又一成、戸谷公次、寺島幹夫、緒方賢一、北島淳司、村山明、内海賢二、永井一郎、飯塚昭三、大宮悌二、井上真樹夫、松島みのり、古谷徹、小林恭治、小川真司、石森達幸、北川米彦、池田勝、大森章督、阪脩、広瀬正志、勝田久、島田彰、水鳥鉄夫、嶋俊介、曽我部和恭、秋元羊介、清川元夢、水内清光、安宅誠、菊池正美、松本保典、穂積隆信、田中康郎、大木正司、矢田耕司、八奈見乗児、榎本温子、田中信夫、佐藤正治、山口勝平、中尾隆聖、田中秀幸、徳丸完、平野文、平野正人、増岡弘、肝付兼太、丸山詠二、北村弘一、横尾まり、佐藤政道、中田和宏、宮田浩徳、納谷六朗、宮田浩徳、中江真司、天野由梨、大塚芳忠、福田信昭、山寺宏一、檜山修之、池田勝、山賀教弘、麦人、高宮俊介、嶋崎伸夫、咲野俊介、島香裕、岩田安生、半場友恵、橋本晃一、西村知道、山本百合子、掛川裕彦、鈴置洋孝、三ツ矢雄二、松尾佳子、江原正士、鈴木勝美、大木民夫、今西正男、玉川砂記子、中原茂、加藤治、日髙のり子、加藤精三、江森浩子、荒川太朗、梅津秀行、池水通洋、斉藤茂一、大友龍三郎、岸野幸正、亀山助清、佐藤佑暉、桑原たけし、大山高男、林一夫、辻村真人、山内雅人、島田敏、真地勇志、梶哲也、大友龍三郎、龍田直樹、大塚周夫、千葉繁、亀井三郎、大滝進矢、加門良、新井量大、大塚明夫、円谷文彦、名取幸政、谷口節、小野健一、菅原正志、岡和男、山下啓介、松田重治、幹本雄之、飯田道朗、長克巳、田原アルノ、福田信昭、坂東尚樹、中村秀利、富沢美智恵、河合義雄、相沢まさき、中博史、石井隆夫、長嶝高士、辻親八、山野井仁、あずさ欣平、久川綾、山野史人、伊藤健太郎、後藤敦、山口健、村田則男、上田敏也、檀臣幸、梶原善、小林隆、池本小百合、鈴木清信、光岡湧太郎、大川透、茶風林、山口晃、桜井敏治、伊藤栄次,8.7,2913,https://lain.bgm.tv/r/400/pic/cover/l/c7/55/2907_8xX82.jpg,https://bangumi.tv/subject/2907
18,千年女优,剧场版,1,2002-09-14,今敏,村井さだゆき、今敏,折笠富美子、小山茉美、荘司美代子、山寺宏一、飯塚昭三、佐藤政道、小野坂昌也,8.7,12852,https://lain.bgm.tv/r/400/pic/cover/l/fa/83/840_JRk3Z.jpg,https://bangumi.tv/subject/840
19,银魂',TV,51,2011-04-04,藤田陽一,下山健人、大和屋暁、横手美智子,杉田智和、林協忠、釘宮理恵、林凱羚、阪口大助、江志倫、高橋美佳子、ゆきのさつき、中井和哉、立木文彦、折笠富美子、菅生隆之、野中藍、玄田哲章、平田広明、白石涼子、田村ゆかり、石塚運昇、三宅健太、石田彰、鈴村健一、千葉進歩、子安武人、三木眞一郎、小林ゆう、高松信司、古谷徹、杉本ゆう、林凱羚、高橋美佳子、甲斐田裕子、太田哲治、くじら、日野聡、山崎たくみ、藤原啓治、速水奨、大塚芳忠、坂口候一、南央美、青野武、成田紗矢香、白石涼子、森川智之、茶風林、青山穣、若本規夫、平野綾、小野友樹、櫻井智、吉野裕行、白石涼子、杉田智和、坂口候一、坂口候一、渡辺明乃、黒田崇矢、龍田直樹、斎藤千和、遊佐浩二、山寺宏一、宮本茉奈、能登麻美子、吉野裕行、倉富亮、斎藤志郎、檜山修之、鈴木千尋,8.7,13661,https://lain.bgm.tv/r/400/pic/cover/l/e1/36/11834_fEZvv.jpg,https://bangumi.tv/subject/11834
20,虫师,TV,26,2005-10-22,長濵博史,桑畑絹子、山田由香、伊丹あき,中野裕斗、沢城みゆき、土井美加、うえだゆうじ、伊瀬茉莉也、三瓶由布子、岡明子、國分優香里、本城雄太郎、翠準子、小山剛志、佐藤利奈、千葉千恵巳、今井由香、前田剛、藤田大助、明坂聡美、花村怜美、陰山泰、日高奈留美、安達直人、坂口芳貞、保村真、岩男潤子、熊谷健吾、鬼頭典子、岡村明美、天野由梨、宮本侑芽、青野武、黒葛原未有、名塚佳織、川田紳司、福井裕佳梨、井上優、小林愛、黒葛原未有、京田尚子、川上とも子、下崎紘史、宮島依里、鈴木真仁、五十嵐浩子、竹本英史、安原麗子、坂本真綾、伊藤実華、浜田賢二、小清水亜美、稲村優奈、中川玲、笠原弘子、安達まり、宮本侑芽、尾小平志津香、筈見純、松山鷹志、井関佳子、関根直也、清水香里、仲尾あづさ、椙本滋、氷青、竹村叔子、玉井碧、鎗田千裕、太刀川亞希、澤田博幸、瀬尾智美、千田隼生、椙本滋、豊後敦子、杉田郁子、牧莉々香、側見民雄、田村勇馬、脇田茂、山口祥行、齋藤彩夏、堀部隆一、望木祐子、内藤玲、和田みちる、戎怜菜、山路和弘、菊池こころ、伊藤実華、石井康嗣、高柳葉子、平田由季、島ゆうこ、内藤玲、矢部雅史、矢部雅史、土井美加,8.7,11800,https://lain.bgm.tv/r/400/pic/cover/l/40/00/340_J14Mj.jpg,https://bangumi.tv/subject/340
21,攻壳机动队2 无罪,剧场版,1,2004-03-06,押井守,押井守,大塚明夫、田中敦子、大木民夫、山寺宏一、仲野裕、竹中直人、榊原良子,8.7,8212,https://lain.bgm.tv/r/400/pic/cover/l/ac/1d/238_jJONA.jpg,https://bangumi.tv/subject/238
22,新世纪福音战士,TV,26,1995-10-04,庵野秀明,庵野秀明、榎戸洋司、薩川昭夫、磯光雄、山口宏、樋口真嗣,緒方恵美、罗伟杰、刘艺、朱憶華、林原めぐみ、馮美麗、刘海霞、宮村優子、郝琳杰、徐琳、許雲雲、三石琴乃、陶敏嫻、郝琳杰、長沢美樹、山寺宏一、清川元夢、方树桥、岩永哲哉、岩男潤子、贾丽娜、優希比呂、滕奎兴、子安武人、林原めぐみ、曹玉敏、山口由里子、徐琳、石田彰、立木文彦、陳進益、関智一、林原めぐみ、大塚芳忠、麦人、土井美加、林原めぐみ、鈴木勝美、中博史、平松晶子、長嶝高士、宇垣秀成、大山豊、丸山詠二、永野広一、西村知道、山野井仁,8.7,33979,https://lain.bgm.tv/r/400/pic/cover/l/e5/69/265_Z5Uou.jpg,https://bangumi.tv/subject/265
23,水星领航员 第三季,TV,14,2008-01-08,佐藤順一,藤咲あゆな、浦畑達彦、竹下健一、布施木一喜、吉田玲子,葉月絵理乃、斎藤千和、広橋涼、大原さやか、皆川純子、川上とも子、河井英里、西村ちなみ、水橋かおり、松尾佳子、野島裕史、渡辺明乃、早水リサ、白石涼子、桑島法子、阿澄佳奈、水橋かおり、渡辺明乃、石塚運昇、清川元夢、うえだゆうじ,8.7,2901,https://lain.bgm.tv/r/400/pic/cover/l/c8/50/1270_Yo7p2.jpg,https://bangumi.tv/subject/1270
24,乒乓,TV,11,2014-04-10,湯浅政明,湯浅政明,片山福十郎、内山昂輝、文晔星、木村昴、咲野俊介、屋良有作、野沢雅子、程波、津田健次郎、星野貴紀、浜田賢二、大隈健太、小川真司、石住昭彦、島田岳洋、川澄綾子、中務貴幸、畠中祐,8.7,17365,https://lain.bgm.tv/r/400/pic/cover/l/1e/63/93739_TZ9dS.jpg,https://bangumi.tv/subject/93739
25,银魂,TV,201,2006-04-04,高松信司、藤田陽一,大和屋暁、下山健人、隅沢克之、横手美智子、高松信司、高松信司,杉田智和、矢口アサミ、林協忠、釘宮理恵、林凱羚、阪口大助、賀宇傑、高橋美佳子、ゆきのさつき、中井和哉、杉本ゆう、林凱羚、立木文彦、関山美沙紀、真殿光昭、折笠富美子、玄田哲章、城雅子、岡本麻弥、日比愛子、根本圭子、私市淳、宇垣秀成、江川央生、伊藤美紀、石塚堅、田村ゆかり、青山桐子、檜山修之、保村真、羽多野渉、石塚運昇、比嘉久美子、三宅健太、植田佳奈、三宅健太、石野竜三、うえだゆうじ、鈴木れい子、鈴村健一、千葉進歩、高松信司、石田彰、くじら、太田哲治、子安武人、小林ゆう、藤原啓治、高橋美佳子、三木眞一郎、甲斐田裕子、日野聡、若本規夫、山崎たくみ、青山穣、早水リサ、龍田直樹、坂口候一、青野武、黒田崇矢、南央美、速水奨、茶風林、平野俊隆、成田紗矢香、豊口めぐみ、櫻井智、銀河万丈、三瓶由布子、大塚芳忠、小野友樹、神谷浩史、緑川光、大原桃子、山口享佑子、成田剣、川澄綾子、宮本真利、石川和之、遊佐浩二、浜田賢二、園部好徳、緑川光、久保さゆり、高木渉、深見梨加、田中一成、川津泰彦、堀井真吾、菅原正志、斎藤千和、渡辺明乃、石田彰、喜山茂雄、飯田利信、立木文彦、後藤邑子、利根健太朗、堀内賢雄、巴菁子、杉崎亮、坂口候一、川原慶久、宮澤正、小林沙苗、岡崎雅紘、杉田智和、ゆかな、鍋井まき子、三宅健太、富田耕生、緒方賢一、宇垣秀成、成田紗矢香、森夏姫、喜山茂雄、川島得愛、坂口候一、千葉進歩、中井和哉、杉田智和、ゆきのさつき、吉野裕行、坂口候一、杉田智和、喜山茂雄、坂口候一、石田彰、杉田智和、梁田清之、長嶝高士、松本大、勝杏里、中田譲治、橘U子、屋良有作、勝生真沙子、中村秀利、梅津秀行、山寺宏一、足立友、能登麻美子、坂口候一、ふくまつ進紗、福原耕平、チョー、下山吉光、久嶋志帆、坂口候一、川野剛稔、檜山修之、鈴木千尋、島本須美、近藤浩徳、青山穣、田中総一郎、下山吉光、中嶋佳葉、立木文彦、来宮良子、景浦大輔、大森章督、河内孝博,8.7,13799,https://lain.bgm.tv/r/400/pic/cover/l/3c/ec/247_MnPPU.jpg,https://bangumi.tv/subject/247
26,哆啦A梦 大山版,TV,1787,1979-04-02,もとひら了、芝山努,池田眞美子、岡部優子、桶谷顕、加藤公平、川崎良、川辺美奈子、岸間信明、楠部工、小松崎康弘、酒井直行、佐藤勝一、志茂文彦、城山昇、杉原めぐみ、園田英樹、田村安彦、辻真先、富永淳一、中弘子、藤子不二雄、藤本信行、松岡清治、松下幹夫、水出弘一、もとひら了、矢島大輔、山田隆司、山崎晴哉、雪室俊一、吉田喜昭、芝山努、神戸一彦、藤子・F・不二雄,大山のぶ代、林保全、孫若瑜、林芳雪、邱佩轝、呂佩玉、陳美貞、李明幸、小原乃梨子、錢欣郁、馮友薇、楊凱凱、陳美貞、姚敏敏、汪世瑋、靳東美、野村道子、敖冰欣、許淑嬪、丘梅君、錢欣郁、たてかべ和也、楊少文、胡大衛、符爽、于正昇、于正昌、肝付兼太、于正昇、符爽、于正昌、官志宏、劉傑、よこざわけい子、納谷六朗、青木和代、横尾まり、鳳芳野、兼本新吾、野本礼三、渡部猛、銀河万丈,8.7,3288,https://lain.bgm.tv/r/400/pic/cover/l/64/b3/37460_gtg0V.jpg,https://bangumi.tv/subject/37460
27,莉兹与青鸟,剧场版,1,2018-04-21,山田尚子,吉田玲子,種﨑敦美、東山奈央、本田望結、本田望結、藤村鼓乃美、山岡ゆり、中村悠一、桑島法子、杉浦しおり、黒沢ともよ、朝井彩加、豊田萌絵、安済知佳、櫻井孝宏、大地葉、渡部紗弓、小岩井ことり、島袋美由利、高橋花林、前田玲奈、久野美咲、七瀬彩夏,8.6,20208,https://lain.bgm.tv/r/400/pic/cover/l/1d/35/216371_5926R.jpg,https://bangumi.tv/subject/216371
28,千与千寻,剧场版,1,2001-07-20,宮崎駿,宮崎駿,柊瑠美、許淑嬪、周冬雨、入野自由、陳安瑩、汪世瑋、井柏然、玉井夕海、乔诗语、劉小芸、夏木マリ、王琳、陳季霞、夏木マリ、陳季霞、王琳、神木隆之介、陳若甄、菅原文太、沈光平、田壮壮、中村彰男、彭昱畅、大泉洋、吳文民、沢口靖子、崔幗夫、季冠霖、内藤剛志、盧雄、曹冀魯、汤水雨,8.6,27265,https://lain.bgm.tv/r/400/pic/cover/l/9d/fc/311_GAg3x.jpg,https://bangumi.tv/subject/311
29,机动战士高达0080 口袋里的战争,OVA,6,1989-03-25,高山文彦,山賀博之,浪川大輔、辻谷耕史、林原めぐみ、稲葉実、折笠愛、筈見純、榊原良子、秋元羊介、島香裕、島田敏、星野充昭、平野正人、丸尾知子、吉田小南美、増岡弘、古田信幸、戸谷公次,8.6,5965,https://lain.bgm.tv/r/400/pic/cover/l/29/89/1015_Z2xoh.jpg,https://bangumi.tv/subject/1015
30,灌篮高手,TV,101,1993-10-16,井上雄彦,菅良幸、岸間信明,草尾毅、于正昇、緑川光、塩屋翼、置鮎龍太郎、梁田清之、緒方恵美、西村知道、平松晶子、田中秀幸、森川智之、于正昇、大塚芳忠、岸野幸正、辻谷耕史、風間信彦、江川央生、森川智之、神奈延年、原えりこ、華姍、幹本雄之、塩屋浩三、神奈延年、小野坂昌也、于正昇、大塚芳忠、小野坂昌也、石川英郎、石塚運昇、里内信夫、佐藤正治、幹本雄之、塩屋浩三、神奈延年、里内信夫、永島由子、梅津秀行,8.6,9371,https://lain.bgm.tv/r/400/pic/cover/l/fa/af/1608_3I59P.jpg,https://bangumi.tv/subject/1608
31,明日之丈2,TV,47,1980-10-13,出﨑統,出﨑統、大和屋竺、高屋敷英夫、山崎晴哉、篠崎好,あおい輝彦、田中エミ、藤岡重慶、だるま 二郎、千葉繁、納谷六朗、中尾隆聖、小宮和枝、若本規夫、田口昻、宮村義人、白石冬美、渡部猛、丸山裕子、鈴木清信、つかせのりこ、堀絢子、仲村秀生,8.7,897,https://lain.bgm.tv/r/400/pic/cover/l/e5/34/67753_OYWBt.jpg,https://bangumi.tv/subject/67753
32,大闹天宫,剧场版,1,1961-12,万籁鸣,李克弱、万籁鸣,邱岳峰、于鼎、毕克、富润生、尚华、于鼎,8.6,5726,https://lain.bgm.tv/r/400/pic/cover/l/95/f6/1962_qPd3y.jpg,https://bangumi.tv/subject/1962
33,四叠半神话大系,TV,11,2010-04-22,湯浅政明,上田誠、湯浅政明,浅沼晋太郎、吉野裕行、坂本真綾、藤原啓治、甲斐田裕子、諏訪部順一、佐藤せつじ、浅沼晋太郎、能登麻美子、檜山修之、宮澤正、吉野裕行,8.6,15385,https://lain.bgm.tv/r/400/pic/cover/l/7f/c6/4019_f34f4.jpg,https://bangumi.tv/subject/4019
34,魔法少女小圆,TV,12,2011-01-06,新房昭之,虚淵玄,悠木碧、斎藤千和、喜多村英梨、水橋かおり、野中藍、加藤英美里、吉田聖子、新谷良子、後藤邑子、岩永哲哉、水橋かおり、岩男潤子、松岡禎丞、水橋かおり、田坂秀樹、飛田展男、三木眞一郎、松嵜麗、大久保瑠美、佐倉綾音,8.6,38392,https://lain.bgm.tv/r/400/pic/cover/l/cb/57/9717_sAVag.jpg,https://bangumi.tv/subject/9717
35,剧场版 魔法少女小圆 [新篇] 叛逆的物语,剧场版,1,2013-10-26,宮本幸裕,虚淵玄,悠木碧、斎藤千和、喜多村英梨、水橋かおり、野中藍、加藤英美里、阿澄佳奈、後藤邑子、岩永哲哉、水橋かおり、吉田聖子、新谷良子、岩男潤子、松岡禎丞、上田麗奈、赤﨑千夏、五十嵐裕美、阿座上洋平、河西健吾、木島隆一、前田邦宏,8.6,17720,https://lain.bgm.tv/r/400/pic/cover/l/31/1c/44693_YS9kU.jpg,https://bangumi.tv/subject/44693
36,虫师 续章 第2部分,TV,10,2014-10-18,長濵博史,長濵博史,中野裕斗、沢城みゆき、折笠富美子、土井美加,8.6,4362,https://lain.bgm.tv/r/400/pic/cover/l/9c/c7/106207_z8288.jpg,https://bangumi.tv/subject/106207
37,航海王：粉丝来信,TV,1,2024-10-20,䂖谷恵,豊田百香,菊池こころ、加瀬康之、高橋広樹、斉藤次郎、小松由佳、かかずゆみ、小林ゆう、高戸靖広、竹内良太、桐本拓哉、稲田徹、菊池正美、高塚正也、中村光樹、蟹江俊介、山田京奈、宮園拓夢、七蒼花梨、浅野良介、吉水孝宏、西原久美子、檜山修之、平井啓二、広橋涼、田中真弓、岡村明美、中井和哉、山口勝平、平田広明、大谷育江、山口由里子、矢尾一樹、チョー、宝亀克寿、大塚周夫、大場真人,8.6,4236,https://lain.bgm.tv/r/400/pic/cover/l/be/42/518519_DMDo8.jpg,https://bangumi.tv/subject/518519
38,天元突破 红莲螺岩,TV,27,2007-04-01,今石洋之,中島かずき、山口宏、佐伯昭志、大塚雅彦、砂山蔵澄,菅生隆之、柿原徹也、小西克幸、井上麻里奈、福井裕佳梨、伊藤静、小野坂昌也、檜山修之、中村大樹、谷山紀章、佐藤利奈、植田佳奈、阿澄佳奈、中田譲治、斎賀みつき、本田貴子、伊藤静、檜山修之、小西克幸、本田貴子、川上貴史、近藤隆、桐井大介、四宮豪、堂坂晃三、水島大宙、四宮豪、桐井大介、梁田清之、根谷美智子、陶山章央、川久保潔、池田成志、水島大宙、七緒はるひ、上川隆也、伊藤静,8.5,16484,https://lain.bgm.tv/r/400/pic/cover/l/4e/a0/770_EvrMq.jpg,https://bangumi.tv/subject/770
39,混沌武士,TV,26,2004-05-19,渡辺信一郎,小原信治、佐藤大、高木聖子、待田堂子、渡辺信一郎、中澤一登、信本敬子、杉良太,中井和哉、佐藤銀平、川澄綾子、石塚運昇、日髙のり子、渋谷茂、鶴ひろみ、三木眞一郎、大塚芳忠、前田愛、梁田清之、成田剣、立木文彦、紗ゆり、山口眞弓、佐々木誠二、かわのをとや、速水奨、飯塚昭三、大塚明夫、佐々木望、玉川砂記子、森久保祥太郎、山寺宏一、川村万梨阿、風間勇刀、AFRA、石原凡、豊口めぐみ、小杉十郎太、子安武人、難波圭一、菅生隆之、中田浩二、乃村健次,8.5,11219,https://lain.bgm.tv/r/400/pic/cover/l/c5/2f/254_PLvyV.jpg,https://bangumi.tv/subject/254
40,葬送的芙莉莲,TV,28,2023-09-29,斎藤圭一郎,鈴木智尋,種﨑敦美、李蝉妃、李昀晴、市ノ瀬加那、林沛笭、苏婉、小林千晃、清都ありさ、kinsen、張立昂、邱涵菲、岡本信彦、喬資淯、鱼冻、東地宏樹、王辰驊、蒋可、上田燿司、苏鑫、陳彥鈞、川井田夏海、中村悠一、林沛笭、陳彥鈞、刘飞、田中敦子、严丽祯、傅其慧、安元洋貴、程智超、孟慶府、竹達彩奈、小N、連思宇、咲野俊介、冷泉夜月、黃天佑、諏訪部順一、宋昱璁、刘照坤、石見舞菜香、連婉鈞、皛四白、大鈴功起、賈文安、子安武人、戴超行、蔣鐵城、和氣あず未、富贵、李珮嘉、鈴代紗弓、張乃文、谢莹、長谷川育美、傅其慧、王愫稣、小松昌平、杨超然、江志倫、斉藤次郎、许棕哲、陳彥鈞、花輪英司、刘垚、喬資淯、石上静香、林沛笭、王晓彤、谷山紀章、張乃文、张沛、王辰驊、伊藤かな恵、小敢、李昀晴、村井雄治、陳彥鈞、大白siro、伊瀬茉莉也、骆妍倩、魏晶琦、新垣樽助、吕书君、陳彥鈞、照井春佳、張乃文、小N、黒沢ともよ、李珮嘉、徐慧、高橋伸也、杨超然、喬資淯、白石兼斗、喬資淯、大白siro、宮内敦士、王衡、張立昂、上田麗奈、孙畅、錢欣郁、こばたけまさふみ、杨富禄、王辰驊、錢欣郁、坂泰斗、江志倫、小原好美、刘雯、邱涵菲、江口拓也、王辰驊、加瀬康之、喬資淯、平川大輔、宋国庆、喬資淯、手塚ヒロミチ、國府咲月、王辰驊、馮嘉德、内田夕夜、刘垚、鈕凱暘、中務貴幸、王辰驊、星野充昭、康殿宏、王衡、川田紳司、江志倫、こばたけまさふみ、陳彥鈞、松田カミリ、さとうあい、錢欣郁、園部啓一、陳彥鈞、宮澤正、王辰驊、内藤有海、連婉鈞、白石兼斗、陳彥鈞、白石兼斗、王辰驊、松本沙羅、林沛笭、久保田民絵、孙畅、馮嘉德、チョー、王辰驊、佐々健太、孟慶府、喜屋武和輝、陳彥鈞、佐藤はな、白石兼斗、喜屋武和輝、こばたけまさふみ、陳彥鈞、王辰驊、大井麻利衣、傅其慧、岡田幸子、劉如蘋、大井麻利衣、劉如蘋、いとうさとる、喬資淯、広瀬さや、連思宇、中島卓也、孟慶府、山口恵、陳彥鈞、岡井カツノリ、王辰驊、白石兼斗、最上嗣生、賈文安、河村梨恵、劉如蘋、真木駿一、王辰驊、こばたけまさふみ、河村梨恵、林沛笭、八百屋杏、小牧未侑、こばたけまさふみ、こばたけまさふみ、文月くん、林沛笭、田中貴子、張乃文、藤原聖侑、喜屋武和輝、片貝薫、白石兼斗,8.5,35705,https://lain.bgm.tv/r/400/pic/cover/l/13/c5/400602_ZI8Y9.jpg,https://bangumi.tv/subject/400602
41,奇巧计程车,TV,13,2021-04-05,木下麦,此元和津也,花江夏樹、飯田里穂、木村良平、山口勝平、三森すずこ、小泉萌香、村上まなつ、古川慎、昴生、亜生、ユースケ、津田篤宏、たかし、村上知子、浜田賢二、酒井広大、斉藤壮馬、METEOR、堀井茶渡、黒田崇矢、大塚芳忠、高杉真宙、鬼頭明里、高井佳佑、フェニックス、汐宮あまね、神楽千歌,8.5,21632,https://lain.bgm.tv/r/400/pic/cover/l/65/90/325285_4688X.jpg,https://bangumi.tv/subject/325285
42,哆啦A梦,TV,0,未知,善聡一郎、八鍬新之介、小倉宏文,早川正、高橋ナツコ、大野木寛、与口奈津江、岡部優子、富永淳一、藤本信行、水野宗徳、廣川浩二、相内美生、渡辺歩、小林英造、清水東、大野敏哉、井上テテ、大塩哲史、原島興子、千葉美鈴、楠葉宏三、田中智章、伊藤公志、八鍬新之介、鈴木洋介、福島直浩、佐藤大、岡野慎吾、高橋悠也、永野たかひろ、内海照子、諸橋隼人、志茂文彦、田村安彦、村山功、西中千晶、神沢ミホ、富永淳一、田中智章、水野宗徳、伊藤公志、関智一、三石琴乃、大倉俊輔、高橋敦史、島田満,水田わさび、陳美貞、大原めぐみ、劉凱寧、林筱玲、劉如蘋、伍凤春、かかずゆみ、林美秀、穆宣名、木村昴、宋克軍、梁興昌、関智一、李世揚、千秋、松本保典、三石琴乃、萩野志保子、阪口周平、大滝進矢、釘宮理恵、竹内都子、高山みなみ、菅原淳一、宝亀克寿、日野まり、村瀬迪与、桃森すもも、藍沢歩実、小澤亜李、青山吉能、佐倉綾音、まるたまり、飯田友子、髙橋ミナミ、加隈亜衣、原田ひとみ、岡本信彦、私市淳、広瀬正志、中村千絵、利根健太朗、ささきのぞみ、伊藤かな恵、千葉一伸、奈良徹、高戸靖広、福圓美里、野中藍、堀川仁、浅利遼太、久保田竜一、山下百合恵、櫻井トオル,8.5,6096,https://lain.bgm.tv/r/400/pic/cover/l/b4/4f/18692_Gilpl.jpg,https://bangumi.tv/subject/18692
43,剧场版 少女☆歌剧 Revue Starlight,剧场版,1,2021-06-04,古川知宏,樋口達人,小山百代、三森すずこ、富田麻帆、佐藤日向、岩田陽葵、小泉萌香、相羽あいな、生田輝、伊藤彩沙、津田健次郎、篠宮あすか、広瀬さや、名塚佳織,8.5,11106,https://lain.bgm.tv/r/400/pic/cover/l/1e/41/294135_cvCcW.jpg,https://bangumi.tv/subject/294135
44,机动战士Z高达,TV,50,1985-03-02,富野由悠季,大野木寛、富野由悠季、鈴木裕美子、川崎知子、丸尾みほ、平野靖士、遠藤明範,飛田展男、鈴置洋孝、池田秀一、劉錫華、松岡ミユキ、古谷徹、井上和彦、島田敏、榊原良子、岡本麻弥、小杉十郎太、難波圭一、森しん、柴本浩行、柴本浩行、塩屋浩三、勝生真沙子、坂本千夏、荘真由美、郷里大輔、池田勝、西村知道、水谷優子、大塚芳忠、菊池正美、森しん、キートン山田、戸谷公次、榊原良子、中村秀利、大林隆介、矢尾一樹、矢尾一樹、島津冴子、佐脇君枝、高島雅羅、石森達幸、藤井佳代子、鈴木清信、朱志屏、川村万梨阿、伊藤美紀、名取幸政、白石冬美、荘真由美、頓宮恭子、鵜飼るみ子、古川登志夫、井上瑤、藤堂貴也、花井康子、水谷優子、湯田真子、沢木郁也、荘真由美、小杉十郎太,8.5,5284,https://lain.bgm.tv/r/400/pic/cover/l/97/c8/9622_2P229.jpg,https://bangumi.tv/subject/9622
45,虫师 续章,TV,11,2014-04-04,長濵博史,長濵博史,中野裕斗、うえだゆうじ、小林愛、日笠陽子、京田尚子、岸尾だいすけ、土井美加,8.5,4806,https://lain.bgm.tv/r/400/pic/cover/l/a6/33/92705_P0yq4.jpg,https://bangumi.tv/subject/92705
46,机动战士高达 逆袭的夏亚,剧场版,1,1988-03-12,富野由悠季,富野由悠季,古谷徹、池田秀一、鈴置洋孝、森しん、川村万梨阿、佐々木望、山寺宏一、榊原良子、弥生みつき、安達忍、村松康雄、伊倉一恵、村山明、白石冬美、荘真由美,8.5,5120,https://lain.bgm.tv/r/400/pic/cover/l/33/80/4583_RvVeE.jpg,https://bangumi.tv/subject/4583
47,天空之城,剧场版,1,1986-08-02,宮崎駿,宮崎駿,よこざわけい子、許淑嬪、张雨濛、林美秀、田中真弓、万舒心、劉小芸、馮友薇、初井言榮、陳安瑩、姜瑰瑾、崔幗夫、寺田農、于正昇、卢力峰、康殿宏、永井一郎、森中人、陳宗岳、孫中台、糸博、孫中台、周寧、神山卓三、陳宗岳、李香生、傅晨阳、安原義人、孫中台、张占坤、李勇、亀山助清、周寧、锦鲤、于正昇、孫中台、常田富士男、胡立成、于正昇、李昊甲、鷲尾真知子、陳季霞、許淑嬪、TARAKO、雷碧文、西村知道、沈光平、古田信幸、大滝進矢、田中和実、関俊彦、大塚芳忠、菅原正志、峰恵研、林原めぐみ,8.5,15424,https://lain.bgm.tv/r/400/pic/cover/l/26/e3/298_WFVhX.jpg,https://bangumi.tv/subject/298
48,瑞克和莫蒂 第三季,TV,10,2017-04-01,Justin、Roiland、Dan、Harmon,Mike McMahan、Ryan Ridley、Tom Kauffman、Dan Guterman、Justin Roiland、Dan Harmon,Justin Roiland、Justin Roiland、Sarah Chalke、Chris Parnell、Spencer Grammer,8.5,5330,https://lain.bgm.tv/r/400/pic/cover/l/c0/a7/146457_G7nNG.jpg,https://bangumi.tv/subject/146457
49,日常,TV,26,2011-04-02,石原立也,花田十輝、西岡麻衣子、村元克彦、伊藤敦、石原立也、石立太一、あらゐけいいち,本多真梨子、相沢舞、富樫美鈴、古谷静佳、今野宏美、白石稔、堀川千華、川原慶久、山本和臣、平松広和、小林元子、吉崎亮太、廣坂愛、比上孝浩、玉置陽子、樋口結美、佐土原かおり、山口浩太、小菅真美、稲田徹、水原薫、チョー、中博史、長嶝高士、竹内良太、山本圭子、味里、本田愛美、皆口裕子、千葉繁、緒方恵美、池田昌子、立木文彦、こおろぎさとみ、愛河里花子、小原乃梨子、若本規夫、関智一、榊原良子、野沢雅子、堀江由衣、永井一郎、小山力也、TARAKO、中井和哉、よこざわけい子、桂玲子、柴田秀勝、白石冬美、銀河万丈、増岡弘、平野綾、小山茉美、島本須美、三ツ矢雄二,8.5,25361,https://lain.bgm.tv/r/400/pic/cover/l/0e/14/9912_vHEd6.jpg,https://bangumi.tv/subject/9912
50,吹响吧！上低音号 第二季,TV,13,2016-10-05,石原立也,花田十輝,黒沢ともよ、朝井彩加、豊田萌絵、安済知佳、寿美菜子、早見沙織、茅原実里、藤村鼓乃美、山岡ゆり、沼倉愛美、久川綾、種﨑敦美、東山奈央、中村悠一、桑島法子、田所あずさ、七緒はるひ、中博史、石谷春貴、津田健次郎、小堀幸、櫻井孝宏、渡辺久美子、日笠陽子、田所あずさ、平井祥恵、田所あずさ、相川奈都姫、小堀幸、千菅春香、中村太亮,8.5,17876,https://lain.bgm.tv/r/400/pic/cover/l/69/28/152091_Bg7Hc.jpg,https://bangumi.tv/subject/152091
51,猫的协奏曲,剧场版,1,1947-04-26,William、Hanna、Joseph、Barbera,威廉·汉纳,,8.5,1228,https://lain.bgm.tv/r/400/pic/cover/l/08/21/132373_6x532.jpg,https://bangumi.tv/subject/132373
52,新世纪福音战士剧场版 DEATH(TRUE)2/Air/真心为你,剧场版,3,1998-03-07,摩砂雪、鶴巻和哉、庵野秀明,薩川昭夫、庵野秀明,,8.5,8648,https://lain.bgm.tv/r/400/pic/cover/l/f5/a0/39923_k7338.jpg,https://bangumi.tv/subject/39923
53,红辣椒,剧场版,1,2006-11-25,今敏,水上清資、今敏,林原めぐみ、林原めぐみ、堀勝之祐、古谷徹、大塚明夫、江守徹、山寺宏一、筒井康隆、今敏,8.5,13126,https://lain.bgm.tv/r/400/pic/cover/l/02/a3/841_P6wS5.jpg,https://bangumi.tv/subject/841
54,蜂蜜与四叶草II,TV,12,2006-06-29,長井龍雪,黒田洋介,本田貴子、神谷浩史、野島健児、工藤晴香、杉田智和、大原さやか、高橋美佳子、釘宮理恵、うえだゆうじ、藤原啓治、竹若拓磨、皆川純子、浜田賢二、小野涼子,8.5,4462,https://lain.bgm.tv/r/400/pic/cover/l/36/2e/848_RC9L8.jpg,https://bangumi.tv/subject/848
55,剧场版 空之境界 第五章 矛盾螺旋,剧场版,1,2008-08-16,平尾隆之,平松正樹,坂本真綾、鈴村健一、本田貴子、五十嵐裕美、柿原徹也、中田譲治、東地宏樹、藤村歩、遊佐浩二、山野井仁、伊藤美紀、佐藤雄大、松尾大亮、増田隆之、坂巻学、吉田聖子,8.4,12381,https://lain.bgm.tv/r/400/pic/cover/l/ff/49/1333_0Dn08.jpg,https://bangumi.tv/subject/1333
56,轻音少女 第二季,TV,26,2010-04-06,山田尚子,吉田玲子、花田十輝、村元克彦、横谷昌宏,豊崎愛生、林美秀、日笠陽子、錢欣郁、佐藤聡美、謝佼娟、寿美菜子、傅其慧、竹達彩奈、雷碧文、真田アサミ、龍顯蕙、藤東知夏、龍顯蕙、米澤円、傅其慧、永田依子、林美秀、伊藤実華、雷碧文、中村千絵、雷碧文、MAKO、山村響、長谷川瑜ら、永田依子、中村知子、中村知子、雷碧文、長谷川瑜ら、永田依子、永田依子、七沢心、傅其慧、陰山真寿美、伊藤実華、中村知子、永田依子、伊藤実華、佐藤有世、佐藤有世、北村妙子、七沢心、ふじたまみ、MAKO、陰山真寿美、片岡あづさ、長谷川瑜ら、平野妹、中村知子、金谷ヒデユキ、何志威、永木貴依子、坂本くんぺい、桑門そら、寺島拓篤、児玉明日美、雷碧文、千々松幸子、錢欣郁、浅川悠、傅其慧、長谷川瑜ら、小池謙一、江口拓也、長谷川瑜ら、大野佐和、越田直樹、何志威、谷内健、何志威,8.4,24784,https://lain.bgm.tv/r/400/pic/cover/l/73/f1/3774_hs9Fr.jpg,https://bangumi.tv/subject/3774
57,福音战士新剧场版：破,剧场版,1,2009-06-27,摩砂雪、鶴巻和哉,庵野秀明,緒方恵美、蔣鐵城、林原めぐみ、連思宇、坂本真綾、穆宣名、宮村優子、李昀晴、三石琴乃、錢欣郁、山口由里子、長沢美樹、石田彰、賈文安、林原めぐみ、山寺宏一、清川元夢、岩永哲哉、岩男潤子、優希比呂、子安武人、康秋樂、立木文彦、夏治世、関智一、麦人、林原めぐみ、林原めぐみ,8.4,17976,https://lain.bgm.tv/r/400/pic/cover/l/6f/ab/3302_rEfZV.jpg,https://bangumi.tv/subject/3302
58,猎人,TV,62,1999-10-16,古橋一浩,菅良幸、山口亮太、十川誠志、岸間信明,竹内順子、三橋加奈子、甲斐田ゆき、郷田ほづみ、永野善一、于正昇、高橋広樹、小和田貢平、岸祐二、木村亜希子、東地宏樹、高乃麗、雪絵玲那、徳永悦子、永野善一、竹本英史、上別府仁資、松本ヨシロウ、日比野朱里、高橋啓士、高乃麗、于正昇、外波山文明、モリノリ久、赤井田良彦、杉野田ぬき、木内秀信、小谷伸子、遠藤章史、小山剛志、環有希、天神有海、竹本英史、木内レイコ、赤星昇一郎、松山鷹志、前川優子、石塚堅、雪絵玲那、宮澤正、石井康嗣、天神有海、菊池正美、赤井田良彦、永野善一、小和田貢平、岸祐二、並木のり子、TARAKO、杉野田ぬき、前川優子、豊後敦子、日比野朱里、竹本英史、高戸靖広、松山鷹志、金子幸伸、松本ヨシロウ、井関佳子、天神有海、岸祐二、冨樫義博、平光琢也、水谷ケイコ、西松和彦、モリノリ久、上別府仁資、石川大介、加勢田進、永野善一、天神有海、前田剛、水谷ケイコ、橘健治、松山鷹志、飯田かおり、竹本英史、石川正明、AKIKO、道脇広行、中野健治、竹本英史、モリノリ久、田邉真悟、永野善一、永野善一、モリノリ久、並木のり子、前川優子、甲斐田ゆき、松山鷹志、永吉ユカ、松山鷹志、小山剛志、矢尾一樹、大田詩織、木内秀信、モリノリ久、石川正明、西松和彦、小和田貢平、小和田貢平、小山剛志、堀圭一郎、高橋あきお、内藤玲、上別府仁資、鈴木淳、山野井仁、金子幸伸、いずみ尚、西松和彦、清水みな、高橋広樹,8.4,5780,https://lain.bgm.tv/r/400/pic/cover/l/a5/88/1704_kwXKE.jpg,https://bangumi.tv/subject/1704
59,瑞克和莫蒂 第一季,TV,11,2013-12-02,Justin、Roiland、Dan、Harmon,Justin Roiland、Dan Harmon、Tom Kauffman、Ryan Ridley、Mike McMahan,Justin Roiland、Justin Roiland、Sarah Chalke、Chris Parnell、Spencer Grammer,8.4,6240,https://lain.bgm.tv/r/400/pic/cover/l/db/e4/93377_TEzAK.jpg,https://bangumi.tv/subject/93377
60,少女革命,TV,39,1997-04-02,幾原邦彦,榎戸洋司、山口亮太、上村一宏、月村了衛、五十嵐卓哉,川上とも子、渕崎ゆり子、子安武人、三石琴乃、久川綾、草尾毅、白鳥由里、今井由香、小杉十郎太、優希比呂、緑川光、川村万梨阿、折笠愛、本多知恵子、西原久美子、矢島晶子、西村ちなみ、置鮎龍太郎、中川玲、日髙のり子、佐々木望、川村万梨阿、こおろぎさとみ、渡辺久美子、こおろぎさとみ、本井えみ、高野直子、鈴木琢磨、吉野裕行、武政弘子、沢海陽子,8.4,5644,https://lain.bgm.tv/r/400/pic/cover/l/53/6a/1453_iZIOZ.jpg,https://bangumi.tv/subject/1453
61,化物语,TV,15,2009-07-03,新房昭之,木澤行人、中本宗応、西尾維新,神谷浩史、斎藤千和、加藤英美里、沢城みゆき、花澤香菜、堀江由衣、堀江由衣、櫻井孝宏、喜多村英梨、井口裕香、立木文彦,8.4,24879,https://lain.bgm.tv/r/400/pic/cover/l/64/7c/1671_vQ2W9.jpg,https://bangumi.tv/subject/1671
62,排球少年 乌野高校 VS 白鸟泽学园高校,TV,10,2016-10-07,満仲勧,岸本卓、満仲勧,村瀬歩、李明幸、石川界人、鍾少庭、日野聡、林谷珍、入野自由、鄒韋、林勇、鈕凱暘、細谷佳正、鈕凱暘、岡本信彦、鍾少庭、内山昂輝、鄒韋、斉藤壮馬、林谷珍、増田俊樹、翁瑞陽、相楽信頼、鍾少庭、西山宏太朗、翁瑞陽、名塚佳織、林慕青、諸星すみれ、曾莉婷、神谷浩史、鈕凱暘、田中一成、江川央生、鄒韋、中博史、鍾少庭、竹内良太、鄒韋、木村昴、鍾少庭、土屋神葉、翁瑞陽、豊永利行、林谷珍、寺島拓篤、鈕凱暘、丹沢晃之、蔡宇軒、大森大樹、翁瑞陽、福田賢二、林谷珍、中尾隆聖、林谷珍、杉村憲司、浪川大輔、林谷珍、吉野裕行、蔡宇軒、中村悠一、林谷珍、石井マーク、鄒韋、木村良平、鄒韋、逢坂良太、蔡宇軒、阪口周平、翁瑞陽、前野智昭、蔡宇軒、宮田幸季、小西克幸、小松由佳、楊慧玉、櫻井孝宏、鍾少庭、瀬戸麻沙美、曾莉婷、佐藤奏美、林慕青、末柄里恵、李明幸、山崎はるか、櫛田泰道、池田恭祐、横田成吾、岩崎ひろし、滝知史、宮沢きよこ、関根明良、田谷隼、藤田大助、赤﨑千夏,8.4,6623,https://lain.bgm.tv/r/400/pic/cover/l/1c/c6/173849_R21bS.jpg,https://bangumi.tv/subject/173849
63,蜂蜜与四叶草,TV,24,2005-04-14,カサヰケンイチ,黒田洋介,本田貴子、神谷浩史、工藤晴香、杉田智和、大原さやか、高橋美佳子、うえだゆうじ、藤原啓治、三宅健太、菅生隆之、竹若拓磨、浜田賢二,8.4,5754,https://lain.bgm.tv/r/400/pic/cover/l/f4/55/847_xHHqh.jpg,https://bangumi.tv/subject/847
64,瑞克和莫蒂 第二季,TV,10,2015-07-26,Justin、Roiland、Dan、Harmon,Justin Roiland、Dan Harmon、Ryan Ridley、Mike McMahan、Tom Kauffman、Dan Guterman,Justin Roiland、Justin Roiland、Sarah Chalke、Chris Parnell、Spencer Grammer,8.4,5122,https://lain.bgm.tv/r/400/pic/cover/l/63/28/141530_HCCpE.jpg,https://bangumi.tv/subject/141530
65,异国日记,TV,13,2026-01-04,大城美幸,喜安浩平,沢城みゆき、森風子、諏訪部順一、諸星すみれ、松井恵理子、近藤隆、大原さやか、吉野貴大、青木瑠璃子、綿貫竜之介、小橋里美、浅野まゆみ、金元寿子、小林沙苗、園崎未恵、上絛千尋、光富崇雄、宮瀬尚也、菊池勇成、佐伯伊織、城内由茄子、芦田もえな、安田陸矢、新井笙子、江越彬紀、江越彬紀、上田佳耶、くじら、佐藤美由希、宮瀬尚也、花澤香菜、夏谷美希、喜安浩平、東城日沙子、新井笙子、亀山雄慈,8.4,7460,https://lain.bgm.tv/r/400/pic/cover/l/fe/bf/493016_Qqmf5.jpg,https://bangumi.tv/subject/493016
66,死亡笔记,TV,37,2006-10-04,荒木哲郎,井上敏樹、小林靖子、米村正二、伊藤智彦,宮野真守、李景唐、山口勝平、曹冀魯、中村獅童、陳幼文、平野綾、龍顯蕙、日髙のり子、陶敏嫻、佐々木望、何志威、松風雅也、曹冀魯、坂本真綾、岡村麻純、陶敏嫻、斉藤貴美子、梁興昌、矢尾一樹、曹冀魯、小林清志、陳幼文、内田直哉、曹冀魯、内藤玲、李景唐、藤原啓治、李景唐、中井和哉、陳幼文、さとうあい、龍顯蕙、工藤晴香、陶敏嫻、桐本拓哉、梁興昌、長沢美樹、陶敏嫻、二又一成、梁興昌、野島裕史、何志威、茶風林、梁興昌、松山ケンイチ、陳幼文、石川英郎、曹冀魯、松井菜桜子、陶敏嫻、後藤哲夫、匿名希望、宝亀克寿、梁興昌、竹尾一真、木内秀信、曹冀魯、西健亮、曹冀魯、石川英郎、陳幼文、池田勝、梁興昌、梁田清之、陳幼文、西凜太朗、何志威、横尾博之、李景唐、相沢まさき、梁興昌、花輪英司、何志威、徳本恭敏、曹冀魯、大竹宏、相沢まさき、梁興昌、高橋広樹、曹冀魯、小形満、小柳基、田原アルノ、相沢まさき、曹冀魯、松山鷹志、梁興昌、近藤広務、渡辺明乃、龍顯蕙、西村朋紘、梁興昌、西村朋紘、陳幼文、徳本恭敏、曹冀魯,8.4,25576,https://lain.bgm.tv/r/400/pic/cover/l/4a/be/1773_rldoC.jpg,https://bangumi.tv/subject/1773
67,轻音少女 剧场版,剧场版,1,2011-12-03,山田尚子,吉田玲子,豊崎愛生、日笠陽子、佐藤聡美、寿美菜子、竹達彩奈、藤東知夏、米澤円、真田アサミ、永田依子、夏樹リオ、伊藤実華、中村千絵、中尾衣里、浅川悠、山村響、中村知子、七沢心、永田依子、永田依子、佐藤有世、陰山真寿美、平野妹、北沢力、金谷ヒデユキ、大久保瑠美,8.4,16663,https://lain.bgm.tv/r/400/pic/cover/l/9e/3c/12426_vt490.jpg,https://bangumi.tv/subject/12426
68,攻壳机动队2.0,剧场版,1,2008-07-12,押井守,伊藤和典,田中敦子、大塚明夫、大木民夫、山寺宏一、仲野裕、榊原良子,8.4,2966,https://lain.bgm.tv/r/400/pic/cover/l/ef/18/10291_4dGhK.jpg,https://bangumi.tv/subject/10291
69,英雄联盟：双城之战,WEB,9,2021-11-07,PascalCharrue、ArnaudDelord、JérômeCombe,Ash Brannon,Ella Purnell、聂曦映、刘校妤、上坂すみれ、Hailee Steinfeld、贺文潇、小林ゆう、蔡海婷、张福正、宮崎遊、张遥函、青山穣、Harry Lloyd、罗云熙、钱文青、下川涼、JB Blanc、刘琮、藤井隼、Katie Leung、刘校妤、甲斐田裕子、万茜、李诗萌、季冠霖、松井暁波、Jason Spisak、阿杰、佐藤せつじ、苏尚卿、范丞丞、钱琛、畠中祐、Mick Wingert、李昊甲、花江夏樹、塩田朋子,8.4,12140,https://lain.bgm.tv/r/400/pic/cover/l/cd/dd/335036_e2Kg2.jpg,https://bangumi.tv/subject/335036
70,新・福音战士剧场版：终,剧场版,1,2021-03-08,鶴巻和哉、中山勝一、前田真宏,庵野秀明,緒方恵美、神木隆之介、常蓉珊、杨昕燃、蔣鐵城、宮村優子、李昀晴、叶知秋、坂本真綾、穆宣名、月夜桥、林原めぐみ、阎萌萌、連思宇、山寺宏一、乔木心、林原めぐみ、阎萌萌、立木文彦、图特哈蒙、夏治世、三石琴乃、錢欣郁、季冠霖、山口由里子、张碧玉、石田彰、阿杰、賈文安、清川元夢、叶保华、岩永哲哉、郝祥海、関智一、刘琮、岩男潤子、刘芊含、沢城みゆき、Felecia Angelle、姜英俊、長沢美樹、沈欣如、子安武人、藤新、康秋樂、優希比呂、刘明月、伊瀬茉莉也、贺文潇、勝杏里、瞳音、大塚明夫、林帽帽、大原さやか、阎么么、林原めぐみ、連思宇、阎萌萌、内山昂輝、李轻扬,8.4,14670,https://lain.bgm.tv/r/400/pic/cover/l/04/dc/29883_jQ4Hz.jpg,https://bangumi.tv/subject/29883
71,赛马娘 Pretty Derby 第二季,TV,13,2021-01-04,及川啓,杉浦理史、米内山陽子、池田亮、永井真吾,Machico、大西沙織、沖野晃司、和氣あず未、高野麻里佳、大橋彩香、木村千咲、上田瞳、田所あずさ、前田佳織里、花井美春、田澤茉純、遠野ひかる、のぐちゆり、山根綺、長谷川育美、石見舞菜香、近藤唯、渡部恵子、渡部優衣、矢野妃菜喜、立花日菜、豊口めぐみ、藤井ゆきよ、鬼頭明里、青木瑠璃子、髙橋ミナミ、前田玲奈、衣川里佳、Lynn、土師亜文、新田ひより、松嵜麗、三澤紗千香、和多田美咲、星谷美緒、久保田ひかり,8.4,17706,https://lain.bgm.tv/r/400/pic/cover/l/1c/6b/315574_tLgrT.jpg,https://bangumi.tv/subject/315574
72,孤独摇滚！,TV,12,2022-10-08,斎藤圭一郎,吉田恵里香,青山吉能、邱涵菲、郭雅瑂、鈴代紗弓、楊慧玉、李昀晴、水野朔、馮嘉德、連思宇、長谷川育美、張乃文、林慕青、千本木彩花、郭怡心、間島淳司、高銘孝、末柄里恵、郭怡心、和多田美咲、曾莉婷、小岩井ことり、高銘孝、内田真礼、曾莉婷、小岩井ことり、李涵菲、天城サリー、林慕青、河瀬茉希、李涵菲、三浦勝之、高銘孝、市ノ瀬加那、李涵菲、島袋美由利、林慕青、若林佑、堀総士郎、田中貴子、大塚剛央、永瀬アンナ、橘龍丸、八百屋杏、竹内恵美子、上田燿司、樫井笙人、酒巻光宏、髙坂篤志、阿座上洋平、木暮晃石、山口愛、羊宮妃那、矢野妃菜喜、小原好美、宮本侑芽、河瀬茉希、川井田夏海、星希成奏、天城サリー、安田陸矢、市川太一、大塚剛央、梅田修一朗、小山内怜央、増谷康紀、林鼓子、遠藤璃菜、白砂沙帆、久遠エリサ、後藤ヒロキ、利根健太朗、巽悠衣子、小原好美、千葉繁、星希成奏、小原好美、宮本侑芽、矢野妃菜喜、神尾晋一郎,8.4,40343,https://lain.bgm.tv/r/400/pic/cover/l/e2/e7/328609_2EHLJ.jpg,https://bangumi.tv/subject/328609
73,∀高达,TV,50,1999-04-09,矢立肇、富野由悠季,星山博之、千葉克彦、浅川美也、高橋哲子、高山治郎、大河内一楼、太田愛、富野由悠季,朴璐美、高橋理恵子、高橋理恵子、村田秋乃、青羽剛、稲田徹、小林愛、野島昭生、桐本拓哉、佐藤せつじ、沢木郁也、田中一成、宇垣秀成、石丸博也、堀内賢雄、松本大、長克巳、宇垣秀成、坂口賢一、福山潤、金尾哲夫、鬼頭典子、大塚芳忠、渡辺久美子、土屋トシヒデ、中西裕美子、小山剛志、水野龍司、川津泰彦、高乃麗、立木文彦、冬馬由美、水野龍司、子安武人、石丸博也、夏樹リオ、折笠富美子、五代あつし,8.4,2790,https://lain.bgm.tv/r/400/pic/cover/l/e2/50/3553_FIw4I.jpg,https://bangumi.tv/subject/3553
74,CLANNAD,TV,23,2007-10-04,石原立也,志茂文彦,中村悠一、緒乃冬華、中原麻衣、野中藍、能登麻美子、広橋涼、桑島法子、神田朱未、阪口大助、榎本温子、ゆきのさつき、田村ゆかり、置鮎龍太郎、井上喜久子、緑川光、皆口裕子、青野武、中博史、相沢舞、板東愛、紗川じゅん、川名真知子、斉木美帆、青山穣、安井絵里、山本圭一郎、杉原睦、金子英彦、西前忠久、川上とも子、矢島晶子、岡本嘉子、浜田賢二、藤井啓輔、すずきけいこ、相馬康一、石井一貴、小川一樹、本多陽子、大原崇、立花慎之介、高橋研二、坪井智浩、笹森亜希、佐藤拓也、巻島直樹、モリノリ久、斉藤次郎、安井絵里、川名真知子、嶋村侑、早見沙織、志村由美、武田華、藤村歩、白石稔、木村拓、石上裕一、岡本信彦、加藤将之、石井真、興津和幸、前野智昭、高橋圭一、遠藤大輔、船木真人、鈴木勝美,8.4,28165,https://lain.bgm.tv/r/400/pic/cover/l/28/38/51_z0Ly8.jpg,https://bangumi.tv/subject/51
75,剧场版 链锯人 蕾塞篇,剧场版,1,2025-09-19,吉原達矢,瀬古浩司,戸谷菊之介、井上麻里奈、上田麗奈、井澤詩織、楠木ともり、坂田将吾、ファイルーズあい、高橋花林、津田健次郎、花江夏樹、内田夕夜、内田真礼、喜多村英梨、高橋英則、赤羽根健治、乃村健次,8.4,13234,https://lain.bgm.tv/r/400/pic/cover/l/e0/d8/470660_uLY5M.jpg,https://bangumi.tv/subject/470660
76,强风吹拂,TV,23,2018-10-02,野村和也,喜安浩平,大塚剛央、豊永利行、内山昂輝、入野自由、榎木淳弥、上村祐翔、興津和幸、株元英彰、北沢力、星野貴紀、河西健吾、木村珠莉、日野聡、中村浩太郎,8.4,10664,https://lain.bgm.tv/r/400/pic/cover/l/d0/e0/248154_D8z6D.jpg,https://bangumi.tv/subject/248154
77,幽灵公主,剧场版,1,1997-07-12,宮崎駿,宮崎駿,松田洋治、李勇、谷江山、石田ゆり子、赵丽颖、林芳雪、徐静蕾、林元春、田中裕子、刘芊含、王彬、森繁久彌、高枫、胡立成、西村雅彦、姜先誠、张占坤、島本須美、钟可、劉小芸、美輪明宏、崔幗夫、叶保华、渡辺哲、张璐、石田ゆり子、劉小芸、小林薫、雷威遠、图特哈蒙、上条恒彦、康殿宏,8.4,12421,https://lain.bgm.tv/r/400/pic/cover/l/06/eb/310_C0oq0.jpg,https://bangumi.tv/subject/310
78,攻壳机动队 S.A.C. Solid State Society,TV,1,2006-09-01,神山健治,神山健治、菅正太郎、櫻井大樹,田中敦子、大塚明夫、阪脩、山寺宏一、仲野裕、大川透、小野塚貴志、玉川砂記子、山口太郎,8.4,3876,https://lain.bgm.tv/r/400/pic/cover/l/32/07/320_IyhUt.jpg,https://bangumi.tv/subject/320
79,冰海战记,TV,24,2019-07-07,籔田修平,瀬古浩司、猪原健太,石上静香、上村祐翔、松田健一郎、小野賢章、河瀬茉希、小林千晃、内田直哉、安元洋貴、大塚明夫、竹内良太、浦山迅、日野聡、上田燿司、菅生隆之、斧アツシ、後藤ヒロキ、高橋伸也、古川慎、幸村誠、中務貴幸、中谷一博、長谷川芳明、高橋伸也、浜添伸也、下山吉光、高梁碧、生天目仁美、市来光弘,8.3,13167,https://lain.bgm.tv/r/400/pic/cover/l/31/8f/240386_6Q62q.jpg,https://bangumi.tv/subject/240386
80,风之谷,剧场版,1,1984-03-11,宮崎駿,宮崎駿,島本須美、陳慧嫻、賀世芳、許淑嬪、榊原良子、袁淑珍、杜素真、劉小芸、納谷悟朗、黃霑、孫中台、趙明哲、松田洋治、何志威、符爽、冨永みーな、杜素真、許淑嬪、家弓家正、陳旭昇、李香生,8.3,8925,https://lain.bgm.tv/r/400/pic/cover/l/49/18/295_W0vZv.jpg,https://bangumi.tv/subject/295
81,Code Geass 反叛的鲁路修,TV,25,2006-10-05,谷口悟朗,吉野弘幸、野村祐一、大河内一楼,大原さやか、福山潤、櫻井孝宏、渡辺明乃、ゆかな、小清水亜美、名塚佳織、折笠富美子、大原さやか、倉田雅世、飛田展男、新井里美、杉山紀彰、渡辺明乃、宝亀克寿、成田剣、かないみか、若本規夫、南央美、皆川純子、高田裕司、井上喜久子、千葉紗子、真殿光昭、白鳥哲、草尾毅、冨澤風斗、田中一成、井上倫宏、中田譲治、千葉紗子、島香裕、二又一成、私市淳、梁田清之、幸野善之、加瀬康之、辻親八、加瀬康之、杉山紀彰、蓮池龍三、井上喜久子、小清水亜美、山野井仁,8.3,22208,https://lain.bgm.tv/r/400/pic/cover/l/da/8c/793_3y432.jpg,https://bangumi.tv/subject/793
82,辉夜大小姐想让我告白-超级浪漫-,TV,13,2022-04-08,小俣真一,中西やすひろ、菅原雪絵,古賀葵、古川慎、小原好美、鈴木崚汰、富田美憂、花守ゆみり、麻倉もも、日高里菜、八代拓、市ノ瀬加那、鈴代紗弓、福原遥、行成とあ、高田憂希、朝井彩加、朝日奈丸佳、子安武人、島﨑信長、高野麻里佳、小澤亜李、加隈亜衣、早見沙織、岡野友佑、小野将夢、掛川裕彦、本泉莉奈、村田太志、貫井柚佳、森嶋優花、佐藤晴男、丸山壮史、鈴木愛理、石谷春貴、佐々健太、小林千晃、天﨑滉平、佐藤元、青山穣,8.3,23283,https://lain.bgm.tv/r/400/pic/cover/l/cf/9c/317613_bpGX4.jpg,https://bangumi.tv/subject/317613
83,偶像大师,TV,26,2011-07-07,錦織敦史,錦織敦史、待田堂子、髙橋龍也、土屋理敬、白根秀樹,中村繪里子、長谷川明子、今井麻美、仁後真耶子、浅倉杏美、平田宏美、下田麻美、下田麻美、釘宮理恵、たかはし智秋、原由実、沼倉愛美、若林直美、赤羽根健治、吉田真弓、滝田樹里、大塚芳忠、寺島拓篤、松岡禎丞、神原大地、子安武人、星野充昭、今井麻美、平松晶子、戸松遥、花澤香菜、三瓶由布子,8.3,8695,https://lain.bgm.tv/r/400/pic/cover/l/a8/6a/11577_5U5G1.jpg,https://bangumi.tv/subject/11577
84,Code Geass 反叛的鲁路修R2,TV,25,2008-04-06,谷口悟朗,大河内一楼,大原さやか、福山潤、櫻井孝宏、渡辺明乃、ゆかな、小清水亜美、水島大宙、名塚佳織、折笠富美子、大原さやか、倉田雅世、緑川光、関根信昭、大原さやか、松本大、新井里美、杉山紀彰、渡辺明乃、成田剣、かないみか、若本規夫、松元環季、皆川純子、百々麻子、後藤邑子、高田裕司、井上喜久子、千葉紗子、真殿光昭、白鳥哲、保志総一朗、冨澤風斗、折笠富美子、田中一成、井上倫宏、中田譲治、千葉紗子、島香裕、二又一成、私市淳、幸野善之、加瀬康之、杉山紀彰、山野井仁、麻見順子、本井えみ、佐藤正治、幹本雄之、寺島拓篤、五王四郎、私市淳、倉田雅世、内田聡明、新井里美、後藤邑子、井上喜久子、三戸耕三、大原さやか、後藤邑子、渡辺明乃、加瀬康之、田中伸幸、私市淳、蓮池龍三、杉山紀彰、真殿光昭、宝亀克寿,8.3,18544,https://lain.bgm.tv/r/400/pic/cover/l/c9/f0/8_wK0z3.jpg,https://bangumi.tv/subject/8
85,传说巨神伊迪安 发动篇,剧场版,1,1982-07-10,滝沢敏文,山浦弘靖、富田祐弘、渡辺由自、松崎健一,塩屋翼、田中秀幸、戸田恵子、白石冬美、井上瑤、鵜飼るみ子、石森達幸、麻上洋子、木原正二郎、銀河万丈,8.4,984,https://lain.bgm.tv/r/400/pic/cover/l/3a/d6/23304_ijJx5.jpg,https://bangumi.tv/subject/23304
86,无职转生～到了异世界就拿出真本事～ 第2部分,TV,12,2021-10-03,岡本学,漆原虹平、高山淳史、齊藤浩央、岡本学、中本宗応、近藤成一、理不尽な孫の手,内山夕実、茅野愛衣、加隈亜衣、小原好美、森川智之、Lynn、浪川大輔、杉田智和、若山詩音、豊口めぐみ、高田憂希、会沢紗弥、福島潤、高岡瓶々、津田健次郎、井口裕香、佐藤聡美、小林裕介、田中理恵、大塚芳忠、井澤詩織、伊藤美来、大地葉、上田燿司、鶴岡聡、武虎、朝井彩加、金元寿子、石見舞菜香、逢坂良太、上田麗奈、興津和幸、前川涼子、渡部紗弓、飛田展男、斎藤寛仁、綿貫竜之介、野瀬育二、辻親八、水中雅章、濱野大輝、小市眞琴、村中知、篠原侑、佐藤はな、くじら、児玉卓也、竹内栄治、猪股慧士,8.3,24631,https://lain.bgm.tv/r/400/pic/cover/l/60/4d/325585_tfU01.jpg,https://bangumi.tv/subject/325585
87,3月的狮子,TV,22,2016-10-08,新房昭之,木澤行人、大嶋実句,内山夕実、河西健吾、茅野愛衣、花澤香菜、久野美咲、三瓶由布子、岡本信彦、櫻井孝宏、井上麻里奈、細谷佳正、三木眞一郎、杉田智和、木村昴、千葉繁、大川透、上田燿司、石田彰、玄田哲章、阪口大助、中村悠一、東地宏樹、大塚明夫、岩田光央、岡和男、うえだゆうじ、津田健次郎、喜多田悠、利根健太朗、大福弓子、井上麻里奈、根谷美智子、大地葉、阿澄佳奈、野中藍、阿澄佳奈、井口裕香、野中藍、野中藍、井口裕香、白石涼子、白石涼子、小林ゆう、瀧内泉,8.3,11173,https://lain.bgm.tv/r/400/pic/cover/l/a7/86/147068_60GJJ.jpg,https://bangumi.tv/subject/147068
88,FLCL,OVA,6,2000-04-26,鶴巻和哉,榎戸洋司,新谷真弓、水樹洵、笠木泉、大倉孝二、伊藤実華、宮島章、鈴木和人、福井裕佳梨、松尾スズキ、糸博、千葉千恵巳、庵野秀明,8.3,10276,https://lain.bgm.tv/r/400/pic/cover/l/af/da/822_9y55j.jpg,https://bangumi.tv/subject/822
89,摇曳露营△ 第二季,TV,13,2021-01-07,京極義昭,田中仁、伊藤睦美,花守ゆみり、東山奈央、原紗友里、豊崎愛生、高橋李依、伊藤静、松田利冴、黒沢ともよ、井上麻里奈、山本希望、大畑伸太郎、水橋かおり、櫻井孝宏、大塚明夫、國立幸、藤村忠寿、渕上舞、若林佑、関根明良、川井田夏海、大塚明夫,8.3,12371,https://lain.bgm.tv/r/400/pic/cover/l/0f/50/262897_d3555.jpg,https://bangumi.tv/subject/262897
90,少女与战车 剧场版,剧场版,1,2015-11-21,水島努,吉田玲子,渕上舞、茅野愛衣、尾崎真実、中上育実、井口裕香、竹達彩奈、福圓美里、高橋美佳子、植田佳奈、菊地美香、吉岡麻耶、桐村まり、中村桜、仙台エリ、森谷里美、井上優佳、大橋歩夕、竹内仁美、中里望、小松未可子、多田このみ、山岡ゆり、秋奈、井澤詩織、井澤詩織、井澤詩織、山本希望、石原舞、金元寿子、喜多村英梨、葉山いくみ、倉田雅世、上坂すみれ、喜多村英梨、明坂聡美、石原舞、倉田雅世、高森奈津美、川澄綾子、伊瀬茉莉也、平野綾、吉岡麻耶、早見沙織、大地葉、金元寿子、上坂すみれ、小笠原早紀、佐藤奏美、Jenya、田中理恵、生天目仁美、仙台エリ、葉山いくみ、瀬戸麻沙美、大空直美、米澤円、七瀬亜深、葉山いくみ、石上美帆、多田このみ、井上優佳、大地葉、能登麻美子、下地紫野、石上美帆、中原麻衣、藤村歩、飯田友子、椎名へきる、冬馬由美、倉田雅世、川原慶久、仙台エリ、伊丸岡篤、ゆきのさつき、景浦大輔、飛田展男、山岡ゆり、秋奈、藤村歩、福圓美里、石上美帆、多田このみ、尾崎真実、中上育実、佐藤奏美,8.3,7000,https://lain.bgm.tv/r/400/pic/cover/l/76/f3/72266_p0Nxo.jpg,https://bangumi.tv/subject/72266
91,幸运星,TV,24,2007-04-08,山本寛、武本康弘,待田堂子、山本寛、賀東招二、荒谷朋恵、岡部優子、村元克彦、美水かがみ,平野綾、加藤英美里、福原香織、遠藤綾、今野宏美、白石稔、相沢舞、前田このみ、長谷川静香、茅原実里、水原薫、ささきのぞみ、清水香里、小菅真美、古澤徹、井上喜久子、升望、明坂聡美、平松広和、島本須美、西原さおり、杉田智和、平野綾、茅原実里、後藤邑子、茅原実里、関智一、清水香里、長沢美樹、立木文彦、井上美紀、くじら、こぶしのぶゆき、小杉十郎太、杉田智和、平野綾、岩男潤子、小野大輔、立木文彦、後藤邑子、高口幸子、鹿野優以、茅原実里、立木文彦、立木文彦、渡辺久美子、古原奈々、くじら、立木文彦、中田譲治、小桜エツコ、白石稔、平松広和、くじら、立木文彦、白石稔,8.3,18853,https://lain.bgm.tv/r/400/pic/cover/l/db/8e/276_1Cr5K.jpg,https://bangumi.tv/subject/276
92,进击的巨人 第三季,TV,12,2018-07-22,肥塚正史,小林靖子、瀬古浩司,梶裕貴、石川由依、井上麻里奈、神谷浩史、谷山紀章、嶋村侑、小林ゆう、三上枝織、下野紘、細谷佳正、橋詰知久、藤田咲、Elizabeth Maxwell、小野大輔、朴璐美、津田健次郎、渡辺明乃、杉田智和、子安武人、日笠陽子、千本木彩花、葉山いくみ、山路和弘、屋良有作、遠藤大智、畠中祐、小野賢章,8.3,20760,https://lain.bgm.tv/r/400/pic/cover/l/18/86/217300_WGgTy.jpg,https://bangumi.tv/subject/217300
93,来自深渊 烈日的黄金乡,TV,12,2022-07-06,小島正幸,倉田英之,富田美憂、伊瀬茉莉也、井澤詩織、久野美咲、寺崎裕香、平田広明、斎賀みつき、久野美咲、原奈津子、後藤ヒロキ、市ノ瀬加那、斉藤貴美子、竹内良太、喜多村英梨、村田太志、水瀬いのり、森川智之、石原夏織、美坂朱音、佐々木祐介、田島章寛、村井雄治、丹羽正人,8.3,13559,https://lain.bgm.tv/r/400/pic/cover/l/ae/18/298477_eBaQ8.jpg,https://bangumi.tv/subject/298477
94,数码宝贝大冒险,TV,54,1999-03-07,中鶴勝祥,吉田玲子、大和屋暁、西園悟、吉村元希、まさきひろ、前川淳、浦沢義雄,藤田淑子、魏晶琦、坂本千夏、林凱羚、風間勇刀、魏伯勤、山口眞弓、魏晶琦、水谷優子、楊凱凱、重松花鳥、王瑞芹、天神有海、王瑞芹、櫻井孝宏、魏伯勤、前田愛、王瑞芹、山田きのこ、楊凱凱、菊池正美、于正昇、竹内順子、于正昇、小西寛子、林凱羚、松本美和、楊凱凱、荒木香衣、楊凱凱、徳光由禾、魏晶琦、坂本千夏、木内レイコ、坂本千夏、坂本千夏、坂本千夏、埴岡由紀子、山口眞弓、山口眞弓、魏伯勤、山口眞弓、松本美和、竹内順子、前田愛、重松花鳥、重松花鳥、重松花鳥、櫻井孝宏、櫻井孝宏、櫻井孝宏、櫻井孝宏、山田きのこ、山田きのこ、山田きのこ、竹内順子、竹内順子、竹内順子、松本美和、松本美和、苏强文、松本美和、苏强文、徳光由禾、徳光由禾、徳光由禾、平田広明、八奈見乗児、于正昇、千葉進歩、于正昇、水谷優子、王瑞芹、平田広明、魏伯勤、坂本千夏、楊凱凱、藤田淑子、魏晶琦、菊池正美、魏伯勤、荒木香衣、水谷優子、林凱羚、櫻井孝宏、于正昇、徳光由禾、林凱羚、菊池正美、魏伯勤、櫻井孝宏、平田広明、川津泰彦、中村秀利、菊池正美、梁田清之、于正昇、菊池正美、平田広明、うえだゆうじ、于正昇、菊池正美、高橋広樹、藤本教子、平田広明、江川央生、于正昇、塩沢兼人、竹内順子、伊藤健太郎、櫻井孝宏、家富ヨウジ、くまいもとこ、山口眞弓、竹内順子、于正昇、重松花鳥、櫻井孝宏、山口勝平、相沢まさき、石塚堅、宮田幸季、園部啓一、高戸靖広、木村雅史、金光宣明、竹内順子、櫻井孝宏、平田広明、風間勇刀、菊池正美、増谷康紀、于正昇、園部啓一、平田広明、田の中勇、宇垣秀成、増谷康紀、宮田幸季、大友龍三郎、于正昇、河本浩之、堀川仁、鈴木琢磨、平田広明、竹内順子、山口眞弓、菊池正美、宮田幸季、小西寛子、坂本千夏、水谷優子、松尾銀三、櫻井孝宏、乃村健次、石田彰、于正昇、平田広明、七緒はるひ、田野めぐみ、杉本ゆう、大友龍三郎、小桜エツコ、風間勇刀、江川央生、大塚周夫、于正昇、櫻井孝宏、竹内順子、小桜エツコ、櫻井孝宏、菊池正美、徳光由禾、荒木香衣、前田愛、竹内順子、天神有海、菊池正美、平田広明、藤田淑子、竹内順子、梁田清之、増谷康紀、平田広明、櫻井孝宏、竹内順子、櫻井孝宏、平田広明、櫻井孝宏、平田広明、高橋広樹、永野愛、大塚周夫、平田広明、于正昇,8.3,8501,https://lain.bgm.tv/r/400/pic/cover/l/df/f8/3128_4QNAH.jpg,https://bangumi.tv/subject/3128
95,吹响吧！上低音号,TV,14,2015-04-07,石原立也,花田十輝,黒沢ともよ、朝井彩加、豊田萌絵、安済知佳、寿美菜子、早見沙織、茅原実里、藤村鼓乃美、山岡ゆり、沼倉愛美、久川綾、田所あずさ、七緒はるひ、櫻井孝宏、日笠陽子、石谷春貴、津田健次郎、小堀幸、千菅春香、田所あずさ、日笠陽子、古木のぞみ、河西健吾、日笠陽子、日笠陽子、久川綾、平井祥恵、遠藤ゆりか、野口瑠璃子、橋本ちなみ、石上静香、田所あずさ、相川奈都姫、橋本ちなみ、櫻井孝宏、小堀幸、日笠陽子、日笠陽子、千菅春香、中村太亮,8.3,22169,https://lain.bgm.tv/r/400/pic/cover/l/37/df/115908_c0uQj.jpg,https://bangumi.tv/subject/115908
96,蜡笔小新：大人王国的反击,剧场版,1,2001-04-21,原恵一,原恵一,矢島晶子、曾允凡、蔣篤慧、ならはしみき、呂佩玉、三田ゆう子、藤原啓治、于正昇、魏晶琦、こおろぎさとみ、唐嶷、賀世芳、真柴摩利、賀世芳、真柴摩利、賀世芳、林玉緒、楊凱凱、一龍斎貞友、魏伯勤、佐藤智恵、于正昇、池本小百合,8.3,3151,https://lain.bgm.tv/r/400/pic/cover/l/0c/2b/8986_o00u5.jpg,https://bangumi.tv/subject/8986
97,棋魂,TV,75,2001-10-10,西澤晋、神谷純、えんどうてつや,冨岡淳広、横手美智子、えんどうてつや、大橋志吉,川上とも子、千葉進歩、小林沙苗、津村まこと、藤原啓治、高木礼子、かかずゆみ、津田英三、鈴村健一、伊藤健太郎、浅川悠、櫻井孝宏、伊藤和晃、榎本温子、納谷六朗、鈴木晶子、伊東みやこ、岩田光央、水田わさび、松岡洋子、重松朋、かわむら拓央、渡辺明乃、吉野裕行、櫻井孝宏、清水敏孝、くわはら利晃、斉藤瑞樹、石波義人、山口隆行、高瀬右光、西村知道、西村知道、日野由利加、小野健一、遊佐浩二、高木礼子、坂口賢一、高瀬右光、楠見尚己、樫井笙人、斉藤瑞樹、石住昭彦、かわむら拓央、河相智哉、遊佐浩二、水野龍司、町井美紀、かわむら拓央、北川勝博、石住昭彦、河相智哉、廣田行生、佐久間レイ、くわはら利晃、柳沢栄治、小西克幸、千葉進歩、檜山修之、星野充昭、宝亀克寿、湯屋敦子、楠見尚己、河相智哉、渡辺久美子、藤巻恵理子、中田雅之、くわはら利晃、樫井笙人、斉藤瑞樹、中田雅之、かわむら拓央、石塚理恵、茶風林、斉藤瑞樹、ゆきのさつき、星野充昭、高瀬右光、金丸淳一、水野龍司、塚田正昭、楠見尚己、星野充昭、前田ゆきえ、樫井笙人、西村ちなみ、柳沢栄治、中田雅之、重松朋、石波義人、中澤やよい、くわはら利晃、星野充昭、河相智哉、くわはら利晃、かわむら拓央、伊井篤史、中澤やよい、星野充昭,8.3,5114,https://lain.bgm.tv/r/400/pic/cover/l/c3/61/605_Jg0W8.jpg,https://bangumi.tv/subject/605
98,赛博浪客,WEB,10,2022-09-13,今石洋之,宇佐義大、大塚雅彦、Bartosz Sztybor,KENN、悠木碧、東地宏樹、黒沢ともよ、本田貴子、鷄冠井美智子、高木渉、加瀬康之、井上和彦、御園行洋、日野由利加、津田健次郎、安原義人、小村哲生,8.3,26969,https://lain.bgm.tv/r/400/pic/cover/l/39/83/309311_dJU58.jpg,https://bangumi.tv/subject/309311
99,我的三体 章北海传,WEB,9,2020-01-21,神游八方,刘慈欣,刘若班、贺文潇、刘琮、钱琛,8.3,5644,https://lain.bgm.tv/r/400/pic/cover/l/ae/c8/246001_RmCfM.jpg,https://bangumi.tv/subject/246001
100,昭和元禄落语心中 -助六再临篇-,TV,12,2017-01-06,小俣真一,熊谷純、中西やすひろ、待田堂子、柿原優子,関智一、石田彰、小林ゆう、牛山茂、遊佐浩二、小野友樹、小松未可子、関俊彦、土師孝也、加瀬康之、斎藤恵理、山寺宏一、立川こはる、林原めぐみ,8.3,2725,https://lain.bgm.tv/r/400/pic/cover/l/d2/ab/176615_W4d9D.jpg,https://bangumi.tv/subject/176615
101,水星领航员 The AVVENIRE,OVA,3,2015-09-26,佐藤順一,吉田玲子,葉月絵理乃、水橋かおり、大原さやか、斎藤千和、広橋涼、西村ちなみ、皆川純子、中原麻衣、茅野愛衣、川上とも子、河井英里、松尾佳子、水橋かおり,8.3,1775,https://lain.bgm.tv/r/400/pic/cover/l/10/a1/124341_5oSro.jpg,https://bangumi.tv/subject/124341
102,辉夜大小姐想让我告白 通往大人的阶梯,TV,2,2025-12-31,小俣真一,赤坂アカ（集英社ヤングジャンプコミックス刊）、八尋裕子,古賀葵、古川慎、小原好美、鈴木崚汰、富田美憂、子安武人、鈴代紗弓、花守ゆみり、麻倉もも、八代拓、市ノ瀬加那、山下誠一郎、高野麻里佳、青山穣,8.3,9310,https://lain.bgm.tv/r/400/pic/cover/l/9b/f5/565802_PRfRL.jpg,https://bangumi.tv/subject/565802
103,轻音少女,TV,14,2009-04-02,山田尚子,吉田玲子、村元克彦、花田十輝,豊崎愛生、林美秀、日笠陽子、錢欣郁、佐藤聡美、謝佼娟、寿美菜子、傅其慧、竹達彩奈、雷碧文、真田アサミ、龍顯蕙、米澤円、傅其慧、藤東知夏、龍顯蕙、永田依子、林美秀、夏樹リオ、利根健太朗、前野智昭、立花慎之介、日笠陽子、伊藤実華、雷碧文、金田アキ、庄子裕衣、錢欣郁、中村千絵、雷碧文、中尾衣里、龍顯蕙、仙台エリ、錢欣郁、門田幸子、西墻由香、中村知子、雷碧文、後藤麻衣、北沢力、何志威、ふじたまみ、西明日香、寺本來可、巽悠衣子、嶋村侑、堀口あすか、菊池こころ,8.3,30507,https://lain.bgm.tv/r/400/pic/cover/l/48/9d/1424_q8FMQ.jpg,https://bangumi.tv/subject/1424
104,航海王,TV,1155,1999-10-20,尾田栄一郎（集英社「週刊少年ジャンプ」連載）,武上純希、島田満、橋本裕志、菅良幸、山口亮太、上坂浩彦、古賀直樹、ますもとたくや、田中仁、中山智博、高橋陽一、冨岡淳広、米村正二、櫻井剛、井上亜樹子、村山功,田中真弓、浦和めぐみ、中井和哉、岡村明美、山崎和佳奈、山口勝平、平田広明、大谷育江、伊倉一恵、大谷育江、小林優子、山口由里子、山根綺、矢尾一樹、野田順子、木村昴、チョー、坂本千夏、郷里大輔、宝亀克寿、桑島法子、土井美加、稲葉実、北村弘一、掛川裕彦、福原耕平、三宅健太、岸尾だいすけ、及川いぞう、高塚正也、置鮎龍太郎、小野坂昌也、渡辺久美子、吉田裕秋、高塚正也、佐々木誠二、松島みのり、神谷浩史、高木礼子、木内レイコ、高塚正也、田中一成、間宮康弘、鹿野優以、朴璐美、小山剛志、くわはら利晃、川原慶久、一条和矢、伊丸岡篤、沼田祐介、日比愛子、森下由樹子、菊池正美、三田ゆう子、前田愛、橘U子、入野自由、古谷徹、竹内順子、後藤哲夫、山寺宏一、広橋涼、佐藤利奈、沢城みゆき、桑島法子、伊瀬茉莉也、佐藤聡美、佐藤聡美、ゆきのさつき、玄田哲章、小山力也、林原めぐみ、松井菜桜子、江原正士、堀内賢雄、山崎たくみ、岩崎ひろし、折笠愛、下野紘、大友龍三郎、根谷美智子、花江夏樹、飛田展男、水島裕、飛田展男、山本百合子、杉山紀彰、鈴木真仁、宮内敦士、三田ゆう子、津田健次郎、岡村明美、堀秀行、岸尾だいすけ、中尾隆聖、久川綾、菊池正美、石丸博也、三木眞一郎、西村知道、山本百合子、高橋広樹、田村真、乃村健次、菊池こころ、島田敏、浅野真澄、金田朋子、斎藤千和、佐藤聡美、池田千草、諏訪部順一、山路和弘、後藤哲夫、高木礼子、宮田幸季、園崎未恵、梅津秀行、花輪英司、早見沙織、庄司宇芽香、潘めぐみ、大空直美、黒沢ともよ、沢木郁也、水島裕、水島裕、山崎和佳奈、甲斐田裕子、三宅健太、赤城進、中根徹、小山剛志、小西克幸、山口太郎、北島淳司、増谷康紀、菊池正美、大西健晴、庄司宇芽香、斉藤貴美子、チョー、坂本千夏、鳥海浩輔、江川央生、宮崎寛務、藤原貴弘、かぬか光明、大谷育江、山口由里子、長克巳、服巻浩司、喜山茂雄、沼田祐介、坂田将吾、鈴木真仁、山口由里子、荒井聡太、日比愛子、福原耕平、松原大典、中井和哉、山口太郎、石塚運昇、皆口裕子、増谷康紀、間宮康弘、内海安希子、新井良平、くじら、大久保利洋、咲野俊介、竹本英史、竹本英史、高塚正也、平井啓二、沼田祐介、間宮康弘、チョー、浅沼晋太郎、辻村真人、斎藤志郎、斉藤次郎、荒井聡太、菅沼久義、服巻浩司、藤本たかひろ、酒井敬幸、松山鷹志、齋藤彩夏、高塚正也、進藤尚美、服巻浩司、山口勝平、吉水孝宏、増谷康紀、庄司宇芽香、稲葉実、川原慶久、日比愛子、園部啓一、大場真人、服巻浩司、山口勝平、納谷六朗、福原耕平、北島淳司、福原耕平、藤本たかひろ、西川宏美、福原耕平、山田真一、坂口哲夫、兼政郁人、佐藤正治、半田裕典、尾形雅宏、一条和矢、石住昭彦、多田野曜平、伊藤かな恵、福原耕平、田中一成、長嶝高士、神田朱未、中友子、平井啓二、藤本たかひろ、菅原正志、宮崎寛務、池田千草、平田広明、高塚正也、山口勝平、菅原淳一、平井啓二、藤本たかひろ、山口勝平、宮崎寛務、西村知道、花田光、荒井聡太、神田朱未、中村浩太郎、木下紗華、増谷康紀、中村浩太郎、佐藤正治、高塚正也、田中亮一、山口勝平、小山剛志、吉水孝宏、西脇保、沼田祐介、松山鷹志、佐藤正治、木下浩之、高塚正也、楠大典、荒井聡太、宮田幸季、平井啓二、白石涼子、野島裕史、ボルケーノ太田、増谷康紀、高塚正也、間宮康弘、関根有咲、橋詰知久、宮崎寛務、織田優成、服巻浩司、広橋涼、森川智之、村治学、福原耕平、代永翼、鈴木勝美、宮崎寛務、高塚正也、？？？、藤真秀、岡本寛志、楠見尚己、高乃麗、小林由美子、松山鷹志、照井春佳、菊池康弘、鈴木れい子、魚建、宮島依里、ボルケーノ太田、江森浩子、山田真一、蟹江俊介、千葉俊哉、関根有咲、中根徹、沼田祐介、浦和めぐみ、片貝直生、麻生智久、孫中台、松岡洋子、大塚周夫、草尾毅、津嘉山正種、永野広一、銀河万丈、豊嶋真千子、宇和川恵美、村上ヨウ、進藤尚美、疋田由香里、戸北宗寛、幸野善之、稲田徹、高塚正也、大本眞基子、園部啓一、青野武、千葉繁、池田秀一、島﨑信長、曽我部和恭、田原アルノ、土門仁、小林通孝、岸野幸正、千葉繁、木村昴、新千恵子、八奈見乗児、宗矢樹頼、稲田徹、遠藤守哉、曽我部和恭、園部啓一、國府田マリ子、吉竹範子、日比愛子、福井美樹、大本眞基子、七緒はるひ、川庄美雪、橋本晃一、高木渉、矢尾一樹、土門仁、高戸靖広、小野坂昌也、大平透、高塚正也、石塚運昇、乃村健次、矢田耕司、石川英郎、徳山靖彦、西川宏美、稲田徹、里内信夫、立木文彦、小野健一、掛川裕彦、青野武、河本浩之、小杉十郎太、小野坂昌也、森川智之、江川央生、山崎和佳奈、小松里歌、西脇保、日髙のり子、塩屋浩三、麻生智久、稲田徹、山田真一、松尾銀三、大場真人、野田順子、矢田耕司、平野正人、古谷徹、吉田小南美、百々麻子、高戸靖広、服巻浩司、井上和彦、柴田秀勝、鈴木真仁、滝口順平、中尾隆聖、龍田直樹、渡辺美佐、高戸靖広、納谷悟朗、増谷康紀、園部啓一、大本眞基子、高塚正也、折笠富美子、平田広明、中博史、黒田崇矢、檜山修之、中川亜紀子、稲田徹、郷里大輔、藤原貴弘、大友龍三郎、矢尾一樹、沼田祐介、小野健一、小野健一、島田敏、乃村健次、野沢雅子、吉竹範子、吉竹範子、乃村健次、田中大文、牛山茂、阪口大助、古川登志夫、上田敏也、家弓家正、郷田ほづみ、野島健児、植村喜八郎、草尾毅、進藤尚美、チョー、長沢美樹、太田真一郎、山崎たくみ、稲田徹、塚田正昭、小杉十郎太、金田朋子、七緒はるひ、稲田徹、橘U子、真山亜子、高塚正也、金月真美、中尾隆聖、野田順子、けーすけ、中友子、中友子、田中大文、松野太紀、田原アルノ、高木渉、うえだゆうじ、竹本英史、大塚明夫、高塚正也、稲田徹、内田直哉、谷口節、内田直哉、郷里大輔、半場友恵、田中秀幸、岡本信彦、堀秀行、松野太紀、森田成一、長嶝高士、有本欽隆、大友龍三郎、大川透、石森達幸、野田圭一、園部啓一、平野正人、緒方賢一、増谷康紀、八奈見乗児、相沢まさき、木内レイコ、高橋理恵子、大場真人、高塚正也、竹本英史、太田真一郎、高戸靖広、園部啓一、鈴木真仁、富沢美智恵、けーすけ、乃村健次、龍谷修武、森川智之、宇垣秀成、高戸靖広、高戸靖広、大塚芳忠、柴田秀勝、皆口裕子、岡村明美、新井良平、濱野雅嗣、龍田直樹、島田敏、中山さら、掛川裕彦、難波圭一、土田大、龍谷修武、大場真人、子安武人、高塚正也、真山亜子、斎藤千和、岡村明美、三宅健太、進藤尚美、吉水孝宏、関智一、関智一、太田真一郎、稲田徹、福井美樹、日比愛子、塩山由佳、江川央生、江川央生、村松康雄、楠見尚己、福原耕平、西村知道、高戸靖広、木内秀信、岡本寛志、福原耕平、草尾毅、山口由里子、小野坂昌也、立木文彦、中尾みち雄、竹本英史、増谷康紀、大場真人、竹本英史、園部啓一、藤本たかひろ、太田真一郎、中尾良平、中友子、摩味、上村典子、真殿光昭、竹本英史、西原久美子、三浦祥朗、松野太紀、岩崎ひろし、桑島法子、進藤尚美、平井啓二、宝亀克寿、岩崎ひろし、園部啓一、斉藤貴美子、竹本英史、粕谷雄太、久川綾、平田広明、中井和哉、田中一成、田中真弓、久川綾、桑島法子、池澤春菜、塩屋浩三、関俊彦、笠原留美、掛川裕彦、増谷康紀、鶴ひろみ、浅野真澄、高戸靖広、浪川大輔、浜田賢二、宗矢樹頼、竹本英史、真殿光昭、龍田直樹、楠大典、藤本たかひろ、茶風林、高戸靖広、増谷康紀、置鮎龍太郎、石塚運昇、伊倉一恵、真山亜子、木下紗華、岡村明美、三石琴乃、伊藤かな恵、佐藤聡美、斉藤貴美子、西川宏美、石井康嗣、川津泰彦、名塚佳織、西凜太朗、竹本英史、進藤尚美、星野充昭、中井和哉、小山裕香、岩田光央、浜田賢二、庄司宇芽香、菅生隆之、岩崎ひろし、服巻浩司、増谷康紀、佐々木誠二、竹本英史、高塚正也、福原耕平、斉藤貴美子、福原耕平、藤本たかひろ、平井啓二、藤本たかひろ、松原大典、檜山修之、福原耕平、宮崎寛務、野田順子、浜田賢二、福原耕平、沼田祐介、永野広一、小野将夢、織田優成、塩山由佳、小山剛志、藤本たかひろ、平井啓二、増谷康紀、宮崎寛務、岡本寛志、平井啓二、宮坂俊蔵、赤羽根健治、藤本たかひろ、斉藤貴美子、田中一成、高塚正也、小野健一、龍田直樹、菅原正志、草尾毅、稲田徹、平田広明、大谷育江、チョー、矢尾一樹、山口勝平、中井和哉、岡村明美、田中真弓、てらそままさき、福原耕平、平井啓二、山田真一、高木渉、荒井聡太、千葉一伸、遠近孝一、中田譲治、伊藤健太郎、沼田祐介、稲葉実、高塚正也、ゆかな、田中亮一、島田敏、根谷美智子、長嶝高士、後藤哲夫、麦人、小山茉美、藤田淑子、水島裕、伊藤静、釘宮理恵、千葉一伸、江森浩子、楠見尚己、高戸靖広、松野太紀、三ツ矢雄二、武虎、石田彰、成田剣、橋本晃一、高塚正也、青森伸、斉藤次郎、乃村健次、森久保祥太郎、相沢まさき、平井啓二、服巻浩司、廣田行生、菊池正美、長沢美樹、成瀬誠、銀河万丈、広瀬正志、日比愛子、小山剛志、間宮くるみ、菊池正美、緒方賢一、稲田徹、斉藤次郎、今野宏美、野中藍、釘宮理恵、柿原徹也、小林優子、柿沼紫乃、雨蘭咲木子、佐々木愛、塩屋浩三、樋浦勉、金月真美、鈴木れい子、伊藤かな恵、折笠富美子、土師孝也、進藤尚美、関根有咲、池田勝、小松由佳、藤井ゆきよ、安元洋貴、古川慎、木村雅史、山口勝平、水田わさび、川原慶久、内田夕夜、桐本拓哉、藤原貴弘、斉藤次郎、鈴木真仁、山口由里子、阿座上洋平、石橋桃、勝生真沙子、中井和哉、杉田智和、咲野俊介、木村雅史、壤晴彦、金月真美、金月真美、加瀬康之、れいみ、鈴木真仁、平野文、鹿野優以、山本圭一郎、鹿野優以、桑谷夏子、斎藤千和、成瀬誠、川津泰彦、菅沼久義、藤原啓治、諏訪部順一、下地紫野、岸尾だいすけ、山口太郎、檜山修之、小松由佳、水樹奈々、大和田仁美、上村典子、荒井聡太、潘恵子、柿沼紫乃、岸尾だいすけ、小松由佳、松山鷹志、青山穣、平井啓二、白熊寛嗣、水沢史絵、竹内良太、江森浩子、山口太郎、小林ゆう、かかずゆみ、チョー、斉藤次郎、島田岳洋、近藤孝行、三石琴乃、新井良平、平野綾、三上枝織、日野聡、行成とあ、井上麻里奈、阪口周平、本渡楓、岡本信彦、坂本千夏、白石涼子、川島得愛、田村睦心、安原義人、多田野曜平、武虎、山路和弘、木下浩之、藤本たかひろ、川津泰彦、高山みなみ、大塚明夫、園部啓一、平野正人、増谷康紀、野田圭一、緒方賢一、小野坂昌也、龍谷修武、神谷浩史、高塚正也、塩山由佳、山本圭子、岡村明美、高塚正也、中井和哉、山口勝平、園部啓一、陰山真寿美、藤原勝也、高崎拓郎、鈴木貴宏、高塚正也、田の中勇、山口由里子、高塚正也、土田大、高塚正也、須藤祐実、高戸靖広、さとうあい、辻村真人、藤本たかひろ、佐藤正治、山本圭一郎、増谷康紀、園部啓一、高塚正也、菊池正美、神田朱未、菊池こころ、長嶝高士、千葉俊哉、日向朔公、片貝直生、秋山実咲、尾高慶安、大槻丈一郎、七蒼花梨、清水健佑、半田裕典、砥出恵太、宮園拓夢、八木沼凌、中村光樹、田邊幸輔、角倉英里子、松原大典、平井啓二、高塚正也、藤本たかひろ、織田優成、松村幸洋、坂熊孝彦、園部啓一、二又一成、園部啓一、広津佑希子、中田譲治、高塚正也、稲田徹、江川央生、陰山真寿美、チョー、広橋涼、松岡美佳、立野香菜子、白石涼子、伊倉一恵、田中信夫、平松晶子、園部啓一、西脇保、田中亮一、鈴木琢磨、難波圭一、ゆきのさつき、西村知道、松野太紀、遠近孝一、永島由子、小西克幸、鈴木琢磨、三輪勝恵、谷山紀章、堀秀行、石川英郎、大場真人、藤本たかひろ、岡本寛志、入野自由、平井啓二、沼田祐介、堀秀行、高塚正也、竹本英史、辻村真人、西原久美子、梁田清之、朴璐美、藤本たかひろ、麻生智久、家中宏、藤本たかひろ、斉藤佑圭、中尾良平、鹿野優以、チョー、竹本英史、織田優成、福原耕平、高塚正也、竹中直人、篠原涼子、白石涼子、高塚正也、香川照之、平井啓二、矢口真里、前田愛、宮崎寛務、鈴木勝美、山口太郎、中國卓郎、中江真司、楠見尚己、福原耕平、服巻浩司、山田真一、織田優成、服巻浩司、中尾良平、平井啓二、龍谷修武、織田優成、川津泰彦、岡村明美、吉竹範子、相沢舞、大場真人,8.3,14610,https://lain.bgm.tv/r/400/pic/cover/l/92/97/975_GFGYI.jpg,https://bangumi.tv/subject/975
105,我心里危险的东西 第二季,TV,13,2024-01-06,赤城博昭,花田十輝,羊宮妃那、堀江瞬、朝井彩加、潘めぐみ、種﨑敦美、岡本信彦、佐藤元、福島潤、豊崎愛生、田村ゆかり、島﨑信長、芹澤優、西村ちなみ、皆口裕子、朝日奈丸佳、福山潤、井口裕香、上田麗奈、細谷佳正、斎賀みつき、土屋李央、乃村健次、浜田洋平、中野裕斗、佐藤はな、大塚芳忠、名塚佳織、梶裕貴、前田弘喜、永瀬アンナ、二階堂結、こはならむ,8.3,13832,https://lain.bgm.tv/r/400/pic/cover/l/ba/7e/441795_q6Sc3.jpg,https://bangumi.tv/subject/441795
106,银魂' 延长战,TV,13,2012-10-04,藤田陽一,横手美智子、大和屋暁、下山健人,杉田智和、釘宮理恵、阪口大助、高橋美佳子、高松信司、石田彰、ゆきのさつき、中井和哉、小林ゆう、くじら、杉本ゆう、立木文彦、千葉進歩、太田哲治、若本規夫、青山穣、折笠富美子、島田敏、南央美、茶風林、櫻井智、甲斐田裕子、小野友樹、中村悠一、井上和彦、平野綾、広橋涼、子安武人、遊佐浩二、龍田直樹、黒田崇矢、山寺宏一、鈴木千尋、空知英秋,8.3,4615,https://lain.bgm.tv/r/400/pic/cover/l/5a/dc/47576_5gU11.jpg,https://bangumi.tv/subject/47576
107,东京教父,剧场版,1,2003-11-08,今敏,信本敬子、今敏,江守徹、梅垣義明、岡本綾、こおろぎさとみ、山寺宏一,8.3,8421,https://lain.bgm.tv/r/400/pic/cover/l/fc/3c/842_clVl2.jpg,https://bangumi.tv/subject/842
108,水星领航员 第二季,TV,26,2006-04-03,佐藤順一,吉田玲子、藤咲あゆな、布施木一喜、竹下健一、岡田麿里、浦畑達彦、平池芳正,葉月絵理乃、斎藤千和、広橋涼、大原さやか、皆川純子、川上とも子、河井英里、西村ちなみ、水橋かおり、松尾佳子、三瓶由布子、野島裕史、奈良徹、江川央生、清川元夢、渡辺明乃、斉藤貴美子、うえだゆうじ、石塚運昇、水橋かおり、渡辺明乃,8.3,2784,https://lain.bgm.tv/r/400/pic/cover/l/e0/04/1269_8hpU3.jpg,https://bangumi.tv/subject/1269
109,爆漫王。3,TV,25,2012-10-06,カサヰケンイチ、秋田谷典昭,吉田玲子、大知慶一郎、土屋理敬,阿部敦、日野聡、早見沙織、矢作紗友里、岡本信彦、利根健太朗、藤村歩、諏訪部順一、志村知幸、川澄綾子、野島裕史、川田紳司、堀内賢雄、浜田賢二、森田成一、桐井大介、子安武人、風間勇刀、立花慎之介、梶裕貴、下和田ヒロキ、井口祐一、田中完、中村秀利、下山吉光、本多陽子、井上喜久子,8.3,5129,https://lain.bgm.tv/r/400/pic/cover/l/eb/09/33352_J6F40.jpg,https://bangumi.tv/subject/33352
110,排球少年 第二季,TV,25,2015-10-03,満仲勧,満仲勧、岸本卓、佐藤卓哉,村瀬歩、李明幸、石川界人、鍾少庭、日野聡、林谷珍、入野自由、鄒韋、林勇、鈕凱暘、細谷佳正、鈕凱暘、岡本信彦、鍾少庭、内山昂輝、村中知、鄒韋、楊慧玉、中嶋ヒロ、斉藤壮馬、林谷珍、林慕青、増田俊樹、翁瑞陽、相楽信頼、鍾少庭、西山宏太朗、翁瑞陽、名塚佳織、林慕青、諸星すみれ、曾莉婷、神谷浩史、鈕凱暘、田中一成、鄒韋、中博史、鍾少庭、中村悠一、林谷珍、梶裕貴、鈕凱暘、立花慎之介、鍾少庭、石井マーク、鄒韋、横田成吾、鄒韋、池田恭祐、蔡宇軒、星野貴紀、蔡宇軒、長南翔太、翁瑞陽、渡辺拓海、福田信昭、林谷珍、山本兼平、林谷珍、木村良平、鄒韋、逢坂良太、蔡宇軒、村田太志、橘潤二、鍾少庭、菊池幸利、古賀明、原俊之、竹内絢子、富樫美鈴、林慕青、鈴木千尋、長南翔太、大地葉、橘潤二、松田修平、相楽信頼、嘉山未紗、林慕青、西田雅一、林谷珍、石谷春貴、金城大和、橘潤二、菅沼久義、鈕凱暘、宮坂俊蔵、山本祥太、鈕凱暘、たくみ靖明、翁瑞陽、徳本恭敏、伊原隆一郎、村田太志、金城大和、松川裕輝、江口拓也、鈕凱暘、千葉翔也、寺島惇太、中務貴幸、村田太志、松田修平、橘潤二、福原耕平、藤村歩、楊慧玉、花輪英司、林谷珍、阿部敦、鍾少庭、堀井茶渡、松田修平、木内太郎、鈕凱暘、金城大和、水中雅章、小田久史、伊藤和晃、浪川大輔、林谷珍、吉野裕行、蔡宇軒、祐仙勇、櫻井トオル、鍾少庭、ランズベリー・アーサー、河西健吾、古川慎、林谷珍、田丸篤志、鍾少庭、武内駿輔、星野充昭、鈕凱暘、荻野晴朗、松川裕輝、鄒韋、中澤まさとも、鍾少庭、庄司将之、鄒韋、祐仙勇、寺島惇太、蔡宇軒、千葉翔也、小野塚貴志、鈕凱暘、間島淳司、佐藤拓也、内山夕実、李明幸、三木眞一郎、林谷珍、竹内良太、鄒韋、阪口周平、翁瑞陽、前野智昭、蔡宇軒、小西克幸、小松由佳、楊慧玉、櫻井孝宏、鍾少庭、竹内絢子、山崎はるか、林慕青、園崎未恵、李明幸、瀬戸麻沙美、曾莉婷、佐藤奏美、林慕青、末柄里恵、李明幸、山崎はるか、櫛田泰道、富樫美鈴、大地葉、丸山有香、丸山有香、土田大、小形満、髙橋ミナミ、丸山有香、咲野俊介、林谷珍、半場友恵、森久保祥太郎、藤田茜、三浦歩美、竹本英史、冨岡美沙子、照井春佳、加隈亜衣,8.2,7227,https://lain.bgm.tv/r/400/pic/cover/l/04/3d/120236_AffBR.jpg,https://bangumi.tv/subject/120236
111,物语系列 第二季,TV,26,2013-07-06,板村智幸,中本宗応、木澤行人,神谷浩史、堀江由衣、堀江由衣、加藤英美里、花澤香菜、坂本真綾、斎藤千和、三木眞一郎、沢城みゆき、喜多村英梨、井口裕香、白石涼子、早見沙織、ゆきのさつき、水橋かおり、斎賀みつき、上田燿司、櫻井孝宏、折笠愛、入野自由、立木文彦、小澤亜李,8.2,13166,https://lain.bgm.tv/r/400/pic/cover/l/a1/67/68812_QUpB2.jpg,https://bangumi.tv/subject/68812
112,百变之星,TV,51,2003-04-03,佐藤順一、平池芳正,吉田玲子、中瀬理香、平見瞠、上代務、土屋理敬,広橋涼、大原さやか、中原麻衣、櫻井孝宏、早水リサ、千葉進歩、西村ちなみ、渡辺明乃、下野紘、水橋かおり、折笠富美子、小桜エツコ、子安武人、藤原啓治,8.3,1483,https://lain.bgm.tv/r/400/pic/cover/l/60/49/4163_E22Se.jpg,https://bangumi.tv/subject/4163
113,JOJO的奇妙冒险 星尘斗士 埃及篇,TV,24,2015-01-09,津田尚克,小林靖子、筆安一幸、猪爪慎一、ヤスカワショウゴ、鈴木健一,高森奈津美、小野大輔、石塚運昇、三宅健太、平川大輔、福圓美里、子安武人、小松史法、藤村歩、銀河万丈、勝杏里、木内秀信、小島幸子、小野坂昌也、諏訪部順一、奈良徹、山村響、保村真、くまいもとこ、チョー、高木礼子、鈴木れい子、速水奨、高垣彩陽、柳田淳一、伊藤健太郎、松本保典、宇垣秀成、藤原貴弘、櫻井トオル、桑原由気、菅原雅芳、下山田綾華、石上静香、大西沙織、上田麗奈、中根久美子、大川透,8.2,17931,https://lain.bgm.tv/r/400/pic/cover/l/1b/e9/113292_z4z21.jpg,https://bangumi.tv/subject/113292
114,伤物语〈Ⅲ 冷血篇〉,剧场版,1,2017-01-06,尾石達也,木澤行人、中本宗応,神谷浩史、坂本真綾、堀江由衣、櫻井孝宏,8.2,9420,https://lain.bgm.tv/r/400/pic/cover/l/b6/15/148037_RGxYY.jpg,https://bangumi.tv/subject/148037
115,龙珠,TV,153,1986-02-26,鳥山明（集英社「週刊少年ジャンプ」連載）,平野靖士、荒川稔久、井上敏樹、照井啓司、小黒祐一郎、宮崎博子、丸尾みほ、由木義文、出手敬、島田満、雪室俊一、小山高生、菅良幸,野沢雅子、王晓燕、刘艺、鶴ひろみ、郝琳杰、宮内幸平、方树桥、渡辺菜生子、千葉繁、郷里大輔、龍田直樹、玄田哲章、山田栄子、渡辺菜生子、内海賢二、内海賢二、小山茉美、青野武、江森浩子、荘真由美、刘海霞、青野武、永井一郎、田中真弓、贾丽娜、鈴置洋孝、古谷徹、古川登志夫、田中真弓、飯塚昭三、佐藤正治、内海賢二、佐藤正治、大竹宏、佐藤正治、玄田哲章、本多知恵子、島本須美、鈴木富子、川浪葉子、田中康郎、鈴木れい子、塩沢兼人、大竹宏、大野由佳、千葉繁、玄田哲章、戸谷公次、田中亮一、大竹宏、塩屋浩三、銀河万丈、銀河万丈、大竹宏、塩屋浩三、大野由佳、多岐川まり子、永井一郎、青森伸、八奈見乗児、川田妙子、頓宮恭子,8.2,6129,https://lain.bgm.tv/r/400/pic/cover/l/84/45/9565_s98m3.jpg,https://bangumi.tv/subject/9565
116,来自深渊,TV,13,2017-07-07,小島正幸,倉田英之、小柳啓伍,富田美憂、伊瀬茉莉也、井澤詩織、大原さやか、豊崎愛生、坂本真綾、喜多村英梨、森川智之、沼倉愛美、田村睦心、塙真奈美、小堀幸、村田太志、稲田徹、沢海陽子、生天目仁美、新祐樹、中務貴幸、川原慶久、原奈津子、日高里菜、坂本真綾,8.2,19028,https://lain.bgm.tv/r/400/pic/cover/l/f7/bf/203526_q2P6P.jpg,https://bangumi.tv/subject/203526
117,银魂°,TV,51,2015-04-08,宮脇千鶴,岸本卓、三重野瞳、松原秀、立原正輝,戸松遥、杉田智和、釘宮理恵、石井康嗣、阪口大助、ゆきのさつき、中井和哉、立木文彦、折笠富美子、山寺宏一、井上和彦、広橋涼、石塚運昇、比嘉久美子、三宅健太、三宅健太、伊藤静、鈴村健一、石田彰、太田哲治、子安武人、三木眞一郎、小林ゆう、興津和幸、くじら、千葉進歩、たかはし智秋、島田敏、南央美、星野貴紀、甲斐田裕子、茶風林、櫻井智、三瓶由布子、平野綾、千葉一伸、井上麻里奈、浪川大輔、櫻井孝宏、千葉繁、新井里美、佐藤利奈、白熊寛嗣、吉野裕行、斎賀みつき、小野賢章、嶋村侑、村中知、伊東健人、石田圭祐、川田紳司、坂口候一,8.2,4752,https://lain.bgm.tv/r/400/pic/cover/l/92/f6/120791_0Sfdz.jpg,https://bangumi.tv/subject/120791
118,摇曳露营△,TV,12,2018-01-04,京極義昭,田中仁、伊藤睦美,花守ゆみり、東山奈央、原紗友里、豊崎愛生、高橋李依、井上麻里奈、伊藤静、水橋かおり、大塚明夫、松田利冴、國立幸、山本希望、大畑伸太郎、川澄綾子、原紗友里、進藤尚美、水橋かおり、大塚明夫,8.2,17407,https://lain.bgm.tv/r/400/pic/cover/l/18/bc/207195_2Cp3o.jpg,https://bangumi.tv/subject/207195
119,进击的巨人,TV,25,2013-04-06,荒木哲郎,小林靖子、瀬古浩司、高木登,梶裕貴、石川由依、井上麻里奈、神谷浩史、谷山紀章、三上枝織、下野紘、逢坂良太、細谷佳正、朴璐美、鷹森淑乃、石塚運昇、小林ゆう、小野大輔、藤田咲、Elizabeth Maxwell、田中正彦、嶋村侑、橋詰知久、麻生智久、志村知幸、田久保修平、陶山章央、遠藤大智、鷄冠井美智子、川田紳司、千葉進歩、三戸耕三、相川奈都姫、三宅健太、最上嗣生、藤原啓治、遠藤大智、葉山いくみ、渡辺明乃、杉田智和、土田大、下田麻美、西凜太朗、須嵜成幸、安済知佳、大隈健太、佐藤恵、星野貴紀、村上裕哉,8.2,31237,https://lain.bgm.tv/r/400/pic/cover/l/78/c9/55770_HsJfh.jpg,https://bangumi.tv/subject/55770
120,命运石之门 0,TV,24,2018-04-11,川村賢一,花田十輝、安本亨,宮野真守、花澤香菜、関智一、今井麻美、田村ゆかり、矢作紗友里、後藤沙緒里、小林ゆう、桃井はるこ、潘めぐみ、田村ゆかり、山本彩乃、木野日菜、本多真梨子、上田燿司、西村麻弥、てらそままさき、小形満,8.2,16116,https://lain.bgm.tv/r/400/pic/cover/l/f6/91/129807_9VAi4.jpg,https://bangumi.tv/subject/129807
121,怪物,TV,74,2004-04-06,小島正幸,砂山蔵澄、齋藤友紀、筆安一幸、渡邊和夫、阿部奈美子、林政宏、西川真剛、吉野智美、中村龍、中村亮介、博多正寿、浦畑達彦,木内秀信、小野未喜、上村祐翔、佐々木望、能登麻美子、塚田真依、磯部勉、池田勝、安原義人、小林勝彦、家弓家正、銀河万丈、小山力也、関智一、時田光、羽佐間道夫、有川博、大塚周夫、菅沼久義、大林隆介、池田秀一、福圓美里、渕崎ゆり子、田中信夫、仲木隆司、山野史人、河原木志穂、田中秀幸、小山茉美、氷上恭子、勝部演之、秋元羊介、永井一郎、菅生隆之、熊倉一雄、北村弘一、広中雅志、野沢那智、大塚明夫、藤井あさこ、田中敦子、坂口芳貞、竹内順子,8.2,4608,https://lain.bgm.tv/r/400/pic/cover/l/e4/dd/1959_W3w23.jpg,https://bangumi.tv/subject/1959
122,怪诞小镇 第二季,TV,20,2014-08-01,JohnAoshima,AaronSpringer、JoePitt,,8.3,1239,https://lain.bgm.tv/r/400/pic/cover/l/d5/63/110148_O9I5E.jpg,https://bangumi.tv/subject/110148
123,十二国记,TV,45,2002-04-09,小林常夫、栗原ひばり,會川昇、藤間晴夜,久川綾、子安武人、屈中恆、相沢まさき、石津彩、山口勝平、釘宮理恵、岡野浩介、鈴村健一、屈中恆、うえだゆうじ、石津彩、岡野浩介、土師孝也、屈中恆、佐々木優子、小山茉美、藤田淑子、田中秀幸、屈中恆、藤原啓治、進藤尚美、ゆかな、勝生真沙子、冬馬由美、若林直美、桑島法子、乃村健次、堀川仁、松本保典、西凜太朗、野島健児、西村知道、屈中恆、千葉千恵巳、川上とも子、平松晶子、千葉千恵巳、田中正彦、山崎和佳奈、大川透、鈴木れい子、高山みなみ、大川透、中田和宏、屈中恆、佐々木誠二、大倉正章、本井えみ、石田彰、家中宏、宝亀克寿、屈中恆、真殿光昭、有本欽隆、勝生真沙子、徳丸完、釘宮理恵、津田匠子、渡部猛、金月真美、佐々木健、風間勇刀、小形満、肥後マコト、柴田秀勝、堀川仁、岡野浩介、清水敏孝、進藤尚美、日高奈留美、うえだゆうじ、屈中恆,8.2,4180,https://lain.bgm.tv/r/400/pic/cover/l/3c/94/1856_7Q7i9.jpg,https://bangumi.tv/subject/1856
124,物语系列 外传季&怪物季,WEB,15,2024-07-06,吉澤翠,大嶋実句,神谷浩史、井口裕香、早見沙織、花澤香菜、坂本真綾、斎藤千和、加藤英美里、沢城みゆき、喜多村英梨、白石涼子、ゆきのさつき、水橋かおり、井上麻里奈、日笠陽子、深見梨加、平川大輔、麻倉もも,8.2,6082,https://lain.bgm.tv/r/400/pic/cover/l/85/c1/475354_QyO6r.jpg,https://bangumi.tv/subject/475354
125,少女革命 思春期默示录,剧场版,1,1999-08-14,幾原邦彦,榎戸洋司,川上とも子、渕崎ゆり子、子安武人、三石琴乃、久川綾、草尾毅、西原久美子、本多知恵子、今井由香、及川光博、川村万梨阿、こおろぎさとみ、渡辺久美子、折笠愛、白鳥由里,8.2,3075,https://lain.bgm.tv/r/400/pic/cover/l/13/16/1891_qDgl0.jpg,https://bangumi.tv/subject/1891
126,机器人总动员,剧场版,1,2008-06-27,Andrew、Stanton,Andrew Stanton,王磊、横堀悦夫、園崎未恵,8.2,7605,https://lain.bgm.tv/r/400/pic/cover/l/4d/a0/1104_15bXc.jpg,https://bangumi.tv/subject/1104
127,龙猫,剧场版,1,1988-04-16,宮崎駿,宮崎駿,坂本千夏、杨鸣、陳若甄、日髙のり子、賀世芳、傅其慧、高木均、龍田直樹、糸井重里、康殿宏、孟令军、李猶龍、島本須美,8.2,12950,https://lain.bgm.tv/r/400/pic/cover/l/57/7b/302_VYbvw.jpg,https://bangumi.tv/subject/302
128,魔卡少女樱,TV,70,1998-04-07,浅香守生,大川七瀬、小川智子、大久保智康、石井博士、金子二郎,丹下桜、陳琴雲、劉惠雲、林元春、楊凱凱、刘海霞、张丽敏、許淑嬪、くまいもとこ、錢欣郁、賀世芳、岩男潤子、郝琳杰、魏晶琦、雷碧文、方雪莉、小野坂昌也、久川綾、丘梅君、賀世芳、官志宏、贾丽娜、于正昇、緒方恵美、于正昇、方雪莉、魏晶琦、川上とも子、謝佼娟、賀世芳、雷碧文、皆口裕子、雷碧文、方雪莉、ゆかな、謝佼娟、丘梅君、伊藤美紀、賀世芳、丘梅君、徐琳、関智一、姜广涛、于正昇、滕奎兴、周寧、于正昌、緒方恵美、于正昇、刘艺、孙星、田中秀幸、官志宏、于正昇、佐々木望、雷碧文、謝佼娟、滕奎兴、三石琴乃、松本美和、丘梅君、賀世芳、本井えみ、方雪莉、錢欣郁、篠原恵美、徐琳、謝佼娟、冬馬由美、小西克幸、于正昌、郝琳杰、林美秀、錢欣郁、周寧、柚木涼香、賀世芳、徐琳、丘梅君、林一夫、于正昇、符爽、丹下桜、小西克幸、谷山紀章、古澤徹、官志宏、于正昇、于正昌、阪脩、宮崎一成、楊凱凱、丘梅君、方雪莉、清川元夢、サエキトモ、はやみけい、根谷美智子、篠原恵美、川田妙子、釘宮理恵,8.2,11231,https://lain.bgm.tv/r/400/pic/cover/l/95/e6/1940_o9Lto.jpg,https://bangumi.tv/subject/1940
129,虫师 特別篇 蚀日之翳,TV,1,2014-01-04,長濵博史,漆原友紀,中野裕斗、佐々木りお、うえだゆうじ、小林愛、土井美加,8.2,3148,https://lain.bgm.tv/r/400/pic/cover/l/26/f1/88473_e7hEE.jpg,https://bangumi.tv/subject/88473
130,悠哉日常大王 Nonstop,TV,12,2021-01-10,川面真也,吉田玲子、志茂文彦、山田由香、上座梟,小岩井ことり、村川梨衣、佐倉綾音、阿澄佳奈、佐藤利奈、名塚佳織、久野美咲、？？？、福圓美里、新谷良子、田中あいみ、平松晶子、高垣彩陽,8.2,6326,https://lain.bgm.tv/r/400/pic/cover/l/ac/b7/282684_5lN9Z.jpg,https://bangumi.tv/subject/282684
131,棒球英豪,TV,101,1985-03-24,ときたひろこ,今井詔二、島田満、並木敏、水城ゆう、柳川茂、金春智子、石川良、高星由美子、土屋斗紀雄、萩田寛子、清水東,三ツ矢雄二、小宮和枝、劉傑、難波圭一、深見梨加、日髙のり子、銀河万丈、増岡弘、塩沢兼人、秋元羊介、郷里大輔、小宮和枝、佐藤正治、中尾隆聖、千葉繁、高橋美紀,8.2,1935,https://lain.bgm.tv/r/400/pic/cover/l/cd/cb/2741_GPGN2.jpg,https://bangumi.tv/subject/2741
132,龙珠Z,TV,291,1989-04-26,鳥山明,あかほりさとる、植竹須美男、隅沢克之、久保田雅史、松井亜弥、吉田玲子、戸田博史、照井啓司、前川淳、井上敏樹、菅良幸,野沢雅子、野沢雅子、堀川りょう、増岡弘、田中真弓、郷里大輔、龍田直樹、渡辺菜生子、青森伸、佐藤正治、内海賢二、中尾隆聖、龍田直樹、八奈見乗児、江森浩子、渡辺菜生子、荘真由美、郷里大輔、青野武、永井一郎、龍田直樹、田中真弓、飯塚昭三、千葉繁、山寺宏一、鈴置洋孝、古谷徹、速水奨、戸谷公次、鈴木富子、八奈見乗児、佐藤正治、滝口順平、真地勇志、皆口裕子、内海賢二、岸野幸正、郷里大輔、滝口順平、古川登志夫、鶴ひろみ、野沢雅子、皆口裕子、草尾毅、若本規夫、伊藤美紀、野沢雅子、野本礼三、青森伸、八奈見乗児、小林優子、鈴木富子、大友龍三郎、緑川光、あずさ欣平,8.2,4018,https://lain.bgm.tv/r/400/pic/cover/l/68/72/9005_XZmlL.jpg,https://bangumi.tv/subject/9005
133,猎人 OVA1 友客鑫市完结篇,OVA,8,2002-01-17,嵯峨敏,岸間信明、菅良幸,甲斐田ゆき、竹内順子、三橋加奈子、永野善一、井関佳子、高橋広樹、松山鷹志、TARAKO、郷田ほづみ、並木のり子、松本ヨシロウ、日比野朱里、金子幸伸、高戸靖広、豊後敦子、天神有海、高乃麗、モリノリ久、前川優子、清水みな、木内秀信,8.2,1792,https://lain.bgm.tv/r/400/pic/cover/l/c7/c3/10356_yokKO.jpg,https://bangumi.tv/subject/10356
134,猎人,TV,148,2011-10-02,神志那弘志,米村正二、坂井史世、前川淳、平野靖士、上代務、広田光毅,潘めぐみ、伊瀬茉莉也、沢城みゆき、藤原啓治、浪川大輔、池田秀一、佐武宇綺、潘恵子、銀河万丈、永井一郎、岸尾だいすけ、徳本恭敏、工藤晴香、モリノリ久、梁田清之、桜井敏治、梶雅人、村上裕哉、堀越省之助、横尾博之、浪川大輔、坂東尚樹、金光宣明、永野広一、坂熊孝彦、大西健晴、古川登志夫、平野綾、金丸淳一、相沢まさき、高城元気、矢尾一樹、かないみか、松山鷹志、山本正剛、河相智哉、豊嶋真千子、鈴木琢磨、会一太郎、内田真礼、山寺宏一、大竹宏、松風雅也、能登麻美子、岩男潤子、斉藤貴美子、長沢美樹、堀内賢雄、くまいもとこ、谷育子、仲野裕、西村朋紘、小山力也、関俊彦、寺崎裕香、川島得愛、奈良徹、竹尾一真、会一太郎、大西健晴、相沢まさき、宮野真守、朴璐美、内田直哉、山口勝平、前田玲奈、KENN、日髙のり子、木内秀信、荒川美穂、チョー、大塚明夫、浜添伸也、龍田直樹、前田一世、山中真尋、大西健晴、元村哲也、坂熊孝彦、木内秀信、伊藤栄次、植田佳奈、荒川美穂、子安武人、冨永みーな、中根徹、鈴木琢磨、長沢美樹、伊藤栄次、菊池正美、横山智佐、梁田清之、山中真尋、永野広一、浜田賢二、天神英貴、吉野裕行、浜田賢二、横尾博之、家中宏、花輪英司、二又一成、青柳尊哉、横尾博之、坂熊孝彦、横尾博之、黒田崇矢、高橋美佳子、鈴木琢磨、安済知佳、金光宣明、梅津秀行、宮川美保、陶山章央、山中真尋、元村哲也、花輪英司、坂熊孝彦、岡林史泰、豊嶋真千子、金光宣明、永野広一、村上裕哉、岡林史泰、戸田めぐみ、村上裕哉、坂熊孝彦、坂熊孝彦、楠大典、三木眞一郎、井上喜久子、高木渉、うえだゆうじ、堀内賢雄、飛田展男、内山昂輝、遠藤綾、藤村歩、羽多野渉、立木文彦、池田昌子、野島裕史、高城元気、二又一成、仲尾あづさ、斉藤次郎、片岡あづさ、津久井教生、村上裕哉、中村大樹、浜添伸也、津久井教生、相沢まさき、村上裕哉、山中真尋、村上裕哉、安済知佳、堀内賢雄、坂熊孝彦、河相智哉、大本眞基子、鈴木琢磨、大西健晴、永野広一、山中真尋、安野希世乃、浜添伸也、松元恵、金光宣明、佐武宇綺、後藤哲夫、安済知佳、村上はるみ、村川梨衣、坂熊孝彦、村上裕哉、高橋広樹、大塚明夫、逢坂良太、桐山智花、二又一成、白兎夕季、鈴木琢磨、鈴木琢磨、Velo武田、潘めぐみ、大谷育江、京田尚子、内海賢二、鈴木琢磨、村上裕哉、金光宣明、村上裕哉、来宮良子、西村朋紘、川田紳司、森沢芙美、赤﨑千夏、三石琴乃、相橋愛子、河相智哉、鈴木琢磨、久保ユリカ、松山鷹志、相沢まさき、斉藤次郎、村上裕哉、高橋美佳子、大畑伸太郎、村上裕哉、金田朋子、根谷美智子、坂熊孝彦、村川梨衣、元村哲也、飛田展男、斉藤次郎、松山鷹志、内田真礼、斉藤貴美子、二又一成、相沢まさき、二又一成,8.2,6517,https://lain.bgm.tv/r/400/pic/cover/l/fb/a6/21032_3I1I9.jpg,https://bangumi.tv/subject/21032
135,钢之炼金术师,TV,51,2003-10-04,水島精二,會川昇、石川学、高橋ナツコ、井上敏樹、吉永亜矢、高山カツヒコ、大和屋暁,朴璐美、釘宮理恵、豊口めぐみ、江原正士、鷹森淑乃、豊口めぐみ、麻生美代子、津田匠子、佐々木誠二、大川透、根谷美智子、藤原啓治、内海賢二、松本保典、志村知幸、室園丈裕、白鳥哲、うえだゆうじ、斎賀みつき、原田正夫、若林直美、柴田秀勝、青森伸、永井誠、堀川仁、石井康嗣、塚田正昭、戸谷公次、矢尾一樹、置鮎龍太郎、水島裕、杉山佳寿子、かかずゆみ、佐藤ゆうこ、高戸靖広、山口眞弓、諏訪部順一、水樹奈々、鷹森淑乃、津村まこと、向殿あさみ、こおろぎさとみ、うえだゆうじ、松本保典、笠原留美、大川透、桑島法子、高瀬右光、有本欽隆、大滝進矢、坂口候一、伊藤健太郎、氷上恭子、園部啓一、三石琴乃、吉田真弓、中田譲治、川上とも子、速水奨、矢島晶子、土師孝也、小宮和枝、かかずゆみ、白石美帆、五代高之、田中秀幸、岡野浩介、荒川美奈子、関俊彦、くまいもとこ、古田信幸、乃村健次、子安武人、折笠富美子、釘宮理恵、郷里大輔、藤本譲、津嘉山正種、室園丈裕、山口由里子,8.2,9982,https://lain.bgm.tv/r/400/pic/cover/l/ad/13/315_fVFaf.jpg,https://bangumi.tv/subject/315
136,虫师 特别篇 铃之雫,剧场版,1,2015-05-16,長濵博史,漆原友紀,中野裕斗、土井美加,8.2,2496,https://lain.bgm.tv/r/400/pic/cover/l/3d/55/120700_899iQ.jpg,https://bangumi.tv/subject/120700
137,星际牛仔 天国之扉,剧场版,1,2001-09-01,渡辺信一郎,信本敬子,山寺宏一、滕奎兴、石塚運昇、林原めぐみ、多田葵、磯部勉、小林愛、山寺宏一、屋良有作,8.2,7153,https://lain.bgm.tv/r/400/pic/cover/l/fc/49/860_gtiyS.jpg,https://bangumi.tv/subject/860
138,物怪,TV,12,2007-07-12,橋本敬史,高橋郁子、小中千昭、石川学、横手美智子,櫻井孝宏、ゆかな,8.2,4275,https://lain.bgm.tv/r/400/pic/cover/l/12/ff/2496_XYtR8.jpg,https://bangumi.tv/subject/2496
139,灵能百分百 第三季,TV,12,2022-10-05,蓮井隆弘,瀬古浩司、立川譲,伊藤節生、櫻井孝宏、大塚明夫、入野自由、松岡禎丞、細谷佳正、嶋村侑、種﨑敦美、佐武宇綺、山下誠一郎、濱野大輝、綿貫竜之介、河西健吾、関俊彦、武内駿輔、松岡禎丞、山下誠一郎、遊佐浩二、花倉桔道、花倉桔道、三木眞一郎、細谷佳正、國立幸、井上和彦、松井恵理子、丹沢晃之、星野貴紀、小林裕介、畠中祐、檜山修之、大塚明夫,8.2,11826,https://lain.bgm.tv/r/400/pic/cover/l/ac/c4/353605_t8jsh.jpg,https://bangumi.tv/subject/353605
140,攻壳机动队 STAND ALONE COMPLEX 笑面男,OVA,1,2005-10-23,神山健治,,田中敦子、大塚明夫、山寺宏一、阪脩、山寺宏一、仲野裕、大川透、小野塚貴志、玉川砂記子、山口太郎,8.2,1532,https://lain.bgm.tv/r/400/pic/cover/l/19/9a/48745_X6qN3.jpg,https://bangumi.tv/subject/48745
141,水星领航员,TV,13,2005-10-06,佐藤順一,佐藤順一、吉田玲子、藤咲あゆな,葉月絵理乃、斎藤千和、広橋涼、大原さやか、皆川純子、川上とも子、河井英里、西村ちなみ、水橋かおり、松尾佳子、野島裕史、うえだゆうじ、渡辺明乃、清川元夢、江川央生、水橋かおり、渡辺明乃,8.2,4624,https://lain.bgm.tv/r/400/pic/cover/l/0f/cb/531_lhSVh.jpg,https://bangumi.tv/subject/531
142,太空丹迪 第二季,TV,13,2014-07-06,夏目真悟,円城塔、森ハヤシ、押山清高、うえのきみこ、佐藤大、湯浅政明、渡辺信一郎、亀田祥倫、信本敬子,諏訪部順一、佐武宇綺、吉野裕行、石塚運昇、畠山航輔、ユリン千晶、桑島法子、名塚佳織、牧野由依、神谷浩史、山寺宏一、浪川大輔、南里侑香、木村良平、林原めぐみ、津田健次郎、中井和哉、沢城みゆき、井上和彦、関俊彦、大原さやか、矢島正明,8.2,3770,https://lain.bgm.tv/r/400/pic/cover/l/8e/30/100501_M7o32.jpg,https://bangumi.tv/subject/100501
143,永生之酒,TV,16,2007-07-26,大森貴弘,高木登,森田成一、小野坂昌也、あおきさやか、吉野裕行、広橋涼、宮本充、三宅健太、有本欽隆、伊丸岡篤、小林ゆう、藤原啓治、伊藤静、神田朱未、小林沙苗、千葉進歩、大畑伸太郎、斧アツシ、金光宣明、浪川大輔、成田剣、神奈延年、長克巳、塚田正昭、相馬幸人、こぶしのぶゆき、子安武人、安井絵里、杉田智和、羽多野渉、亀井三郎、大林隆介、佐々木誠二、阪口大助、園部好徳、河本邦弘、伝坂勉、太田哲治、菅生隆之、山本圭一郎、西村知道、井上麻里奈、速水奨、若本規夫、斎藤千和、古澤徹、楠大典、下山吉光、山口勝平、高垣彩陽、坂口候一,8.2,11613,https://lain.bgm.tv/r/400/pic/cover/l/ee/b6/965_2E7l6.jpg,https://bangumi.tv/subject/965
144,末日后酒店,TV,12,2025-04-08,春藤佳奈,村越繁、和田崇太郎,白砂沙帆、諸星すみれ、東地宏樹、三木眞一郎、木下浩之、チョー、本田貴子、田村睦心、榊原良子、野津山幸宏、新谷真弓、井上和彦、山路和弘、梅原裕一郎、斧アツシ、稲田徹、花江夏樹、安達貴英、津田健次郎、木野日菜、新祐樹、宮城一貴、森永千才、小松未可子、吉田有里、小林大紀、伊藤ゆいな、三宅健太、森永千才、宮城一貴、中野さいま,8.2,15767,https://lain.bgm.tv/r/400/pic/cover/l/6e/1a/509986_99qsc.jpg,https://bangumi.tv/subject/509986
145,福星小子2 绮丽梦中人,剧场版,1,1984-02-11,押井守,押井守,古川登志夫、平野文、鷲尾真知子、島津冴子、神谷明、田中真弓、杉山佳寿子、永井一郎、緒方賢一、佐久間なつみ、安西正弘、千葉繁、野村信次、村山明、二又一成,8.2,1537,https://lain.bgm.tv/r/400/pic/cover/l/51/54/40003_d2Egm.jpg,https://bangumi.tv/subject/40003
146,欢迎加入NHK！,TV,24,2006-07-09,山本裕介,西園悟,小泉豊、牧野由依、阪口大助、小林沙苗、早水リサ、宍戸留美、竹本英史、宍戸留美、飛田展男、宍戸留美、荘真由美,8.2,9022,https://lain.bgm.tv/r/400/pic/cover/l/2b/ca/995_1FUkm.jpg,https://bangumi.tv/subject/995
147,凉宫春日的忧郁,TV,14,2006-04-02,石原立也,山本寛、石原立也、村元克彦、伊藤敦、志茂文彦、谷川流、賀東招二,杉田智和、劉傑、平野綾、傅其慧、茅原実里、馮嘉德、後藤邑子、林美秀、小野大輔、于正昌、松岡由貴、吳貴竹、白石稔、何志威、松元恵、馮嘉德、桑谷夏子、雷碧文、あおきさやか、吳貴竹、白鳥由里、平松広和、柳沢栄治、緒方賢一、何志威、柳沢栄治、望月健一、こぶしのぶゆき、大塚明夫、井上和彦、森川智之、大前茜、永田亮子、中山さら、門脇舞以、広江美奈,8.2,18991,https://lain.bgm.tv/r/400/pic/cover/l/21/8a/485_Et062.jpg,https://bangumi.tv/subject/485
148,比宇宙更远的地方,TV,13,2018-01-02,いしづかあつこ,花田十輝,水瀬いのり、花澤香菜、井口裕香、早見沙織、能登麻美子、日笠陽子、Lynn、金元寿子、本渡楓、大原さやか、てらそままさき、松岡禎丞、福島潤、阿澄佳奈、遠藤綾、小松未可子、茅野愛衣、本田貴子、松本忍、朝井彩加、松田利冴,8.2,15699,https://lain.bgm.tv/r/400/pic/cover/l/16/de/218708_99YjL.jpg,https://bangumi.tv/subject/218708
149,天元突破红莲螺岩 螺岩篇,剧场版,1,2009-04-25,今石洋之,中島かずき,柿原徹也、菅生隆之、井上麻里奈、福井裕佳梨、阿澄佳奈,8.2,4158,https://lain.bgm.tv/r/400/pic/cover/l/43/e0/3996_YC2Qp.jpg,https://bangumi.tv/subject/3996
150,游戏人生 零,剧场版,1,2017-07-15,いしづかあつこ,花田十輝,松岡禎丞、高晗、茅野愛衣、杨鸣、松岡禎丞、茅野愛衣、日笠陽子、牟珈论、田村ゆかり、井口裕香、能登麻美子、沢城みゆき、釘宮理恵、大川透、興津和幸、諏訪部順一、Lynn、堀江由衣、森なな子、竹内良太、日笠陽子,8.2,19436,https://lain.bgm.tv/r/400/pic/cover/l/2b/93/187276_3TRqx.jpg,https://bangumi.tv/subject/187276
151,日常 ETV版,TV,12,2012-01-07,石原立也,西岡麻衣子,本多真梨子、相沢舞、富樫美鈴、古谷静佳、今野宏美、白石稔,8.2,2555,https://lain.bgm.tv/r/400/pic/cover/l/19/6b/28205_AAqG1.jpg,https://bangumi.tv/subject/28205
152,冰菓,TV,22,2012-04-22,武本康弘,賀東招二、村元克彦、江上美幸、西岡麻衣子、芦田杉彦,中村悠一、佐藤聡美、阪口大助、茅野愛衣、置鮎龍太郎、ゆきのさつき、小山茉美、ゆかな、悠木碧、豊崎愛生、小倉唯、近藤孝行、阿部敦、伊瀬茉莉也、早見沙織、小西克幸、入野自由、泰勇気、小清水亜美、茅原実里、広橋涼、進藤尚美、浅野真澄、森川智之、寺島拓篤、福山潤,8.2,33017,https://lain.bgm.tv/r/400/pic/cover/l/cd/38/27364_1ZFmr.jpg,https://bangumi.tv/subject/27364
153,皇家国教骑士团 OVA,OVA,10,2006-02-10,ところともかず、田中洋之、松村やすひろ、鈴木健一,黒田洋介、倉田英之,中田譲治、水橋かおり、榊原良子、折笠富美子、飛田展男、清川元夢、速水奨、平田広明、五十嵐裕美、若本規夫,8.2,7086,https://lain.bgm.tv/r/400/pic/cover/l/2f/55/493_zK3f5.jpg,https://bangumi.tv/subject/493
154,夏目友人帐 叁,TV,13,2011-07-04,大森貴弘,村井さだゆき、花田十輝、吉永亜矢、大野木寛,藤村歩、神谷浩史、井上和彦、小林沙苗、沢城みゆき、佐藤利奈、木村良平、伊藤美紀、伊藤栄次、渡辺美佐、チョー、下崎紘史、ゆきのさつき、矢島晶子、堀江一眞、石田彰、諏訪部順一、菅沼久義、岡村明美、黒田崇矢、本多知恵子、松山鷹志、知桐京子、折笠富美子、緒乃冬華、星野貴紀、松本保典、下崎紘史、松山鷹志、土井美加、京田尚子、白熊寛嗣、小林美奈、細谷佳正、中村千絵、根来彰子、中孝介、加藤精三、髙坂篤志、生天目仁美、中野健治、新垣樽助、沢海陽子,8.1,9096,https://lain.bgm.tv/r/400/pic/cover/l/35/94/12536_8KsS8.jpg,https://bangumi.tv/subject/12536
155,歌牌情缘 第二季,TV,25,2013-01-11,浅香守生,加藤綾子、森山あけみ、川嶋澄乃、イシノアツオ、柿原優子,瀬戸麻沙美、宮野真守、寺崎裕香、細谷佳正、安済知佳、奈良徹、茅野愛衣、代永翼、潘めぐみ、入野自由、中道美穂子、甲斐田裕子、東地宏樹、藤田淑子、中井和哉、大原崇、松本さち、林原めぐみ、斎賀みつき、小野友樹、高垣彩陽、荘司美代子、芹野恵子、日野未歩、石塚運昇、高橋研二、村上裕哉、うえだゆうじ、本田貴子、佐藤健輔、阪口大助、高橋研二,8.2,4047,https://lain.bgm.tv/r/400/pic/cover/l/09/9c/41568_LhL6X.jpg,https://bangumi.tv/subject/41568
156,来自新世界,TV,25,2012-09-28,石浜真史,十川誠志、中瀬理香、中村能子,種田梨沙、遠藤綾、東條加那子、梶裕貴、花澤香菜、高城元気、工藤晴香、藤堂真衣、村瀬歩、浪川大輔、平田広明、堀江由衣、伊藤美紀、東地宏樹、大木民夫、杉田智和、榊原良子、星野貴紀、山口立花子、山本兼平,8.1,15193,https://lain.bgm.tv/r/400/pic/cover/l/9a/64/37785_aBBEd.jpg,https://bangumi.tv/subject/37785
157,高分少女 第二季,TV,9,2019-10-25,山川吉樹,冨田頼子、浦畑達彦、イシノアツオ,天﨑滉平、鈴代紗弓、広瀬ゆうき、赤﨑千夏、新井里美、興津和幸、山下大輝、伊藤静、チョー、井澤詩織、御堂ダリア、杉田智和、中村悠一、植田佳奈、安元洋貴、三宅健太、武虎,8.1,5334,https://lain.bgm.tv/r/400/pic/cover/l/bc/f7/278569_XOcJU.jpg,https://bangumi.tv/subject/278569
158,全金属狂潮 校园篇,TV,12,2003-08-26,武本康弘,賀東招二、志茂文彦、武本康弘,関智一、ゆきのさつき、ゆかな、根谷美智子、三木眞一郎、西村知道、金田朋子、森川智之、田中理恵、能登麻美子、木村郁絵、夏樹リオ、吉田小百合、平松晶子、大塚明夫,8.1,6461,https://lain.bgm.tv/r/400/pic/cover/l/81/9f/338_W81CE.jpg,https://bangumi.tv/subject/338
159,新世纪福音战士剧场版 死与新生,剧场版,2,1997-03-15,摩砂雪、鶴巻和哉,薩川昭夫、庵野秀明,緒方恵美、罗伟杰、朱憶華、林原めぐみ、馬君珮、宮村優子、劉凱寧、三石琴乃、郭馨雅、山口由里子、長沢美樹、石田彰、山寺宏一、清川元夢、岩永哲哉、岩男潤子、優希比呂、子安武人、立木文彦、関智一、麦人、土井美加、林原めぐみ,8.1,10271,https://lain.bgm.tv/r/400/pic/cover/l/66/46/6048_MJqSM.jpg,https://bangumi.tv/subject/6048
160,星空清理者,TV,26,2003-10-04,谷口悟朗,大河内一楼,ゆきのさつき、田中一成、折笠愛、渡辺久美子、子安武人、後藤哲夫、伊藤舞子、岡田吉弘、こおろぎさとみ、保志総一朗、神奈延年、秋元羊介、小林恭治,8.1,3736,https://lain.bgm.tv/r/400/pic/cover/l/7f/7c/2734_QoV4j.jpg,https://bangumi.tv/subject/2734
161,春宵苦短，少女前进吧！,剧场版,1,2017-04-07,湯浅政明,上田誠,星野源、花澤香菜、神谷浩史、秋山竜次、中井和哉、甲斐田裕子、吉野裕行、新妻聖子、諏訪部順一、悠木碧、檜山修之、山路和弘、麦人,8.1,9844,https://lain.bgm.tv/r/400/pic/cover/l/f3/59/202240_KKkZm.jpg,https://bangumi.tv/subject/202240
162,少女终末旅行,TV,12,2017-10-06,尾崎隆晴,筆安一幸,水瀬いのり、久保ユリカ、石田彰、三石琴乃、梶裕貴、花澤香菜、島本須美,8.1,16883,https://lain.bgm.tv/r/400/pic/cover/l/c5/8b/218707_DBmO2.jpg,https://bangumi.tv/subject/218707
163,进击的巨人 第二季,TV,12,2017-04-01,肥塚正史,小林靖子、瀬古浩司,梶裕貴、石川由依、井上麻里奈、神谷浩史、谷山紀章、三上枝織、下野紘、細谷佳正、朴璐美、子安武人、鷹森淑乃、橋詰知久、小林ゆう、嶋村侑、小野大輔、藤田咲、Elizabeth Maxwell、千本木彩花、三宅健太、下田麻美、加瀬康之、竹内良太、麻生智久、西凜太朗、田中正彦、津田健次郎、清水理沙、志村知幸、中川慶一、鷄冠井美智子、霜月紫、松田修平、田久保修平、早志勇紀、中村公彦、陶山章央、遠藤大智、渡辺明乃、杉田智和、葉山いくみ、逢坂良太、北田理道,8.1,21832,https://lain.bgm.tv/r/400/pic/cover/l/0e/ca/212293_J3Bv5.jpg,https://bangumi.tv/subject/118335
164,辉夜姬物语,剧场版,1,2013-11-23,高畑勲,高畑勲、坂口理子,内田未来、朝倉あき、傅其慧、高良健吾、何志威、佟紹宗、宮本信子、崔幗夫、宮本信子、陳季霞,8.1,3396,https://lain.bgm.tv/r/400/pic/cover/l/8d/ed/56847_Z5GY5.jpg,https://bangumi.tv/subject/56847
165,灵能百分百 第二季,TV,13,2019-01-07,立川譲,瀬古浩司、立川譲,伊藤節生、櫻井孝宏、大塚明夫、入野自由、松岡禎丞、細谷佳正、藤村歩、種﨑敦美、佐武宇綺、関俊彦、遊佐浩二、三木眞一郎、細谷佳正、立木文彦、鶴岡聡、小見川千明、柳田淳一、國立幸、綿貫竜之介、井上和彦、石田彰、松井恵理子、楠大典、丹沢晃之、M・A・O、星野貴紀、杉山紀彰、小林裕介、三宅健太、濱野大輝、畠中祐、矢野奨吾、松川裕輝、小林ゆう、櫻井トオル、桑島法子,8.1,15148,https://lain.bgm.tv/r/400/pic/cover/l/8e/c7/240760_xB0VY.jpg,https://bangumi.tv/subject/240760
166,终物语（下）,TV,7,2017-08-12,板村智幸,木澤行人、中本宗応,神谷浩史、加藤英美里、斎藤千和、水橋かおり、坂本真綾、子安武人、ゆきのさつき、井口裕香、早見沙織、堀江由衣、花澤香菜、喜多村英梨、櫻井孝宏,8.1,8028,https://lain.bgm.tv/r/400/pic/cover/l/53/29/175596_Dp6j4.jpg,https://bangumi.tv/subject/175596
167,六样情,未知,6,2024-09-17,林哲、翁劼、周浩嵩、费思、黄成希、羊廷牧、人狼,杨奇,佟心竹、张闻天、张遥函、唐子晰、林强、姜贺,8.1,1806,https://lain.bgm.tv/r/400/pic/cover/l/3b/66/512876_ZV2x7.jpg,https://bangumi.tv/subject/512876
168,小魔女DoReMi 大合奏,TV,51,2002-02-03,東堂いづみ,成田良美、影山由美、山田隆司、大和屋暁,千葉千恵巳、秋谷智子、松岡由貴、宍戸留美、宮原永海、大谷育江、石毛佐和、永澤菜教,8.2,389,https://lain.bgm.tv/r/400/pic/cover/l/0e/e8/14878_1hWbu.jpg,https://bangumi.tv/subject/14878
169,水星领航员 OVA ～ARIETTA～,OVA,1,2007-09-21,佐藤順一,佐藤順一,葉月絵理乃、大原さやか、西村ちなみ、皆川純子、川上とも子、河井英里、斎藤千和、広橋涼、野島裕史、うえだゆうじ、渡辺明乃、水橋かおり,8.1,1669,https://lain.bgm.tv/r/400/pic/cover/l/b1/37/750_21A6l.jpg,https://bangumi.tv/subject/750
170,排球少年,TV,25,2014-04-06,満仲勧,佐藤卓哉、竹内利光、岸本卓,村瀬歩、李明幸、石川界人、鍾少庭、日野聡、林谷珍、入野自由、鄒韋、林勇、鈕凱暘、細谷佳正、鈕凱暘、岡本信彦、鍾少庭、内山昂輝、鄒韋、斉藤壮馬、林谷珍、増田俊樹、翁瑞陽、相楽信頼、鍾少庭、西山宏太朗、翁瑞陽、名塚佳織、林慕青、神谷浩史、鈕凱暘、田中一成、鄒韋、浪川大輔、林谷珍、吉野裕行、蔡宇軒、祐仙勇、櫻井トオル、鍾少庭、河西健吾、ランズベリー・アーサー、古川慎、林谷珍、田丸篤志、鍾少庭、星野充昭、鈕凱暘、荻野晴朗、中村悠一、林谷珍、梶裕貴、鈕凱暘、立花慎之介、鍾少庭、横田成吾、鄒韋、池田恭祐、蔡宇軒、星野貴紀、蔡宇軒、長南翔太、翁瑞陽、渡辺拓海、福田信昭、林谷珍、山本兼平、林谷珍、松川裕輝、鄒韋、中澤まさとも、鍾少庭、小野塚貴志、鈕凱暘、間島淳司、佐藤拓也、祐仙勇、大西真央、蔡宇軒、三木眞一郎、林谷珍、勝沼紀義、宮崎寛務、鄒韋、吉開清人、武内健、古島清孝、大原崇、相楽信頼、ランズベリー・アーサー、池田恭祐、横田成吾、西山宏太朗、榎木淳弥、山本和臣、阪口周平、翁瑞陽、前野智昭、蔡宇軒、倉富亮、櫻井トオル、瀬戸麻沙美、曾莉婷、金香里、佐藤奏美、林慕青、竹内良太、鄒韋、中博史、鍾少庭、山崎はるか、林慕青、櫛田泰道、冨岡美沙子、照井春佳、加隈亜衣、長尾明希、福沙奈恵、佐藤あずさ,8.1,9368,https://lain.bgm.tv/r/400/pic/cover/l/91/d8/84171_5KpYZ.jpg,https://bangumi.tv/subject/84171
171,蜡笔小新,TV,0,未知,本郷みつる、原恵一、ムトウユージ,中弘子、阪口和久、川辺美奈子、清水東、モラル、ムトウユージ、うえのきみこ、北条千夏、富永淳一、もとひら了、田村安彦、西園悟、翁妙子、静谷伊佐夫、桜井正明、平井峰太郎、原恵一、小松崎康弘、小川博司、きむらひでふみ、水島努、本郷みつる、湯浅政明,矢島晶子、小林由美子、刘海霞、馮友薇、蔣篤慧、曾允凡、許淑嬪、藤原啓治、森川智之、于正昌、于正昇、魏伯勤、孫誠、陳宏瑋、張文俊、ならはしみき、汪世瑋、王瑞芹、徐琳、呂佩玉、こおろぎさとみ、林美秀、許雲雲、陳凱莉、吳貴竹、賀世芳、真柴摩利、林美秀、呂佩玉、許雲雲、李宛鳳、吳貴竹、賀世芳、玄田哲章、真柴摩利、汪世瑋、李宛鳳、吳貴竹、賀世芳、呂佩玉、林玉緒、王瑞芹、許雲雲、呂佩玉、一龍斎貞友、宋昱璁、許雲雲、張文俊、魏伯勤、林美秀、于正昌、佐藤智恵、陳宏瑋、張文俊、魏伯勤、馮友薇、于正昌、于正昇、伊藤静、紗ゆり、賀世芳、林美秀、吳貴竹、鈴木れい子、吳貴竹、賀世芳、許雲雲、馮友薇、高田由美、七緒はるひ、贾丽娜、李宛鳳、吳貴竹、賀世芳、許雲雲、富沢美智恵、李宛鳳、曾允凡、許淑嬪、蔣篤慧、馮友薇、納谷六朗、森田順平、宋昱璁、于正昇、魏伯勤、陳宏瑋、于正昌、三石琴乃、王瑞芹、許雲雲、林美秀、川澄綾子、吳貴竹、賀世芳、許雲雲、立木文彦、于正昇、坂口賢一、池田知聡、于正昇、于正昌、孫誠、宮寺智子、劉如蘋、賀世芳、萩森侚子、李宛鳳、呂佩玉、馮友薇、吳貴竹、賀世芳、蔣篤慧、高山みなみ、吳貴竹、賀世芳、小桜エツコ、王瑞芹、桜井敏治、岡野友佑、魏伯勤、陳宏瑋、宋昱璁、京田尚子、王瑞芹、賀世芳、稀代桜子、呂佩玉、蔣篤慧、張舒婷、李宛鳳、伊倉一恵、高乃麗、賀世芳、王瑞芹、星野千寿子、中沢みどり、蔣篤慧、呂佩玉、曾允凡、むたあきこ、馮友薇、王瑞芹、許淑嬪、吳貴竹、玄田哲章、宋昱璁、陳宏瑋、魏伯勤、于正昌、于正昇、小桜エツコ、吳貴竹、賀世芳、丘梅君、李宛鳳、大滝進矢、塩沢兼人、神谷浩史、宋昱璁、片岡富枝、李宛鳳、賀世芳、阪口大助、魏伯勤、宋昱璁、陳宏瑋、張文俊、草地章江、大本眞基子、吳貴竹、賀世芳、許雲雲、林美秀、小島悠理、達依久子、滝沢ロコ、劉如蘋、西原久美子、伊藤美紀、李宛鳳、吳貴竹、賀世芳、大塚智子、賀世芳、王瑞芹、樹元オリエ、根谷美智子、吳貴竹、松尾銀三、チョー、于正昌、魏伯勤、張文俊、宋昱璁、于正昇、梅田贵公美、賀世芳、吳貴竹、李宛鳳、坂東尚樹、茶風林、巻島直樹、于正昌、魏伯勤、于正昇、永澤菜教、天田有希子、水田わさび、横山智佐、志乃宮風子、宋昱璁、白鳥由里、白石文子、瀧本富士子、山口眞弓、王瑞芹、大塚智子、于正昌、許雲雲、賀世芳、于正昇、小林優子、賀世芳、馮友薇、玉川砂記子、馮友薇、曾允凡、呂佩玉、蔣篤慧、賀世芳、許雲雲、大滝進矢、大友龍三郎、郷里大輔、津野田なるみ、賀世芳、吳貴竹、永野椎菜、鈴木琢磨、私市淳、于正昌、松尾佳子、増元拓也、中村大樹、于正昌、魏伯勤、宋昱璁、長縄まりあ、種﨑敦美、麻見順子、掛川裕彦、坂東尚樹、小島悠理、松尾銀三、茶風林、坂東尚樹、茶風林、麻見順子、坂東尚樹、中沢みどり、山口健、山口健、小島悠理、茶風林、坂東尚樹、山口健、坂東尚樹、小島悠理、安達忍、麻見順子、中沢みどり、松尾銀三、真山亜子、坂東尚樹、山崎たくみ、松尾銀三、中博史、鈴木れい子、笹岡繁蔵、さとうあい、呂佩玉、許淑嬪、小桜エツコ、呂佩玉、茶風林、玉川砂記子、坂東尚樹、山口健、佐藤正治、坂東尚樹、麻見順子、真山亜子、小島悠理、山崎たくみ、山口健、茶風林、麻見順子、坂東尚樹、堀内賢雄、麻見順子、優希比呂、こおろぎさとみ、巻島直樹、優希比呂、巴菁子、岡村明美、龍田直樹、山口健、真山亜子、坂東尚樹、巻島直樹、大谷育江、さとうあい、一龍斎貞友、京田尚子、田中奏多、麻見順子、坂東尚樹、佐藤正治、真山亜子、高乃麗、水鳥鉄夫、吉田小南美、巻島直樹、小島悠理、峰あつ子、かないみか、荒川太朗、巻島直樹、亀井芳子、坂東尚樹、麻見順子、坂東尚樹、横山智佐、津久井教生、坂東尚樹、間宮康弘、青野武、納谷六朗、麻見順子、荒川太朗、さとうあい、摩味、山口健、坂東尚樹、小桜エツコ、かないみか、岡村明美、達依久子、篠原あけみ、中田和宏、山崎たくみ、麻見順子、山口健、坂東尚樹、峰あつ子、麻見順子、達依久子、佐藤正治、于正昇、中博史、山口健、笹岡繁蔵、佐々木智恵、山口健、堀之紀、麻見順子、津久井教生、真山亜子、麻見順子、山崎たくみ、大西健晴、きみづか縁,8.1,3212,https://lain.bgm.tv/r/400/pic/cover/l/65/b8/24823_0a06k.jpg,https://bangumi.tv/subject/24823
172,昭和元禄落语心中,TV,13,2016-01-08,小俣真一,熊谷純、中西やすひろ、待田堂子、柿原優子,小林沙苗、石田彰、山寺宏一、立川こはる、林原めぐみ、小林ゆう、関智一、牛山茂、家中宏、遊佐浩二、斎藤恵理、加瀬康之、矢野正明,8.1,3812,https://lain.bgm.tv/r/400/pic/cover/l/10/10/119394_06TrB.jpg,https://bangumi.tv/subject/119394
173,攻壳机动队 S.A.C. 2nd GIG 个别的十一人,OVA,1,2006-01-27,神山健治,,田中敦子、大塚明夫、阪脩、仲野裕、大川透、小野塚貴志、玉川砂記子,8.1,1345,https://lain.bgm.tv/r/400/pic/cover/l/31/79/48746_aq1Hh.jpg,https://bangumi.tv/subject/48746
174,Fate/Zero,TV,25,2011-10-01,あおきえい,ufotable、佐藤和治、桧山彬、吉田晃浩、実弥島巧,入野自由、小山力也、川澄綾子、大原さやか、速水奨、関智一、中田譲治、徳本英一郎、桑畑裕輔、佐々木義人、野坂尚也、阿部彬名、松本忍、かわむら拓央、佐々木啓夫、島﨑信長、山本格、村上裕哉、野間田一勝、山崎たくみ、緑川光、浪川大輔、大塚明夫、石田彰、鶴岡聡、新垣樽助、置鮎龍太郎、恒松あゆみ、門脇舞以、藤本譲、和泉忍、植田佳奈、広瀬正志、豊口めぐみ、津嘉山正種、下屋則子、鳥海勝美、高垣彩陽、千葉一伸、渡辺明乃、野田順子、伊藤美紀、楠見尚己、奥村翔、井上剛、坂巻学,8.1,31020,https://lain.bgm.tv/r/400/pic/cover/l/86/1f/10639_w4sHs.jpg,https://bangumi.tv/subject/10639
175,寒蝉鸣泣之时 解,TV,24,2007-07-05,今千秋,中瀬理香、川瀬敏文、鈴木雅詞、志茂文彦,田村ゆかり、堀江由衣、保志総一朗、中原麻衣、ゆきのさつき、かないみか、ゆきのさつき、緒乃冬華、伊藤美紀、仲野元、須加みき、茶風林、大川透、関俊彦、小野大輔、折笠富美子、小林ゆう、立木文彦、尾小平志津香、井上喜久子、大原さやか、小杉十郎太、宝亀克寿、塚田正昭、渡辺美佐、松井菜桜子、堀江由衣、松本保典,8.1,12955,https://lain.bgm.tv/r/400/pic/cover/l/48/ae/288_HvHm5.jpg,https://bangumi.tv/subject/288
176,机动警察 NEW OVA,OVA,16,1990-11-22,吉永尚之,伊藤和典、横手美智子、有栖ひばり、押井守、出渕裕,冨永みーな、大林隆介、古川登志夫、池水通洋、井上瑤、二又一成、阪脩、千葉繁、榊原良子、郷里大輔、鈴置洋孝、土師孝也、林原めぐみ、よこざわけい子、西村知道、安達忍,8.2,969,https://lain.bgm.tv/r/400/pic/cover/l/cd/ad/13552_80asQ.jpg,https://bangumi.tv/subject/13552
177,黄金神威 第三季,TV,12,2020-10-05,難波日登志,吉永亜矢、高木登、谷村大四郎、入江信吾,小林親弘、林谷珍、白石晴香、許淑嬪、伊藤健太郎、蔣鐵城、大塚芳忠、李景唐、津田健次郎、劉傑、細谷佳正、李景唐、中田譲治、中村悠一、劉傑、乃村健次、蔣鐵城、菅生隆之、于正昌、てらそままさき、于正昌、杉田智和、于正昌、大原さやか、竹本英史、劉傑、林谷珍、能登麻美子、陳筱寧、渡辺明乃、孫欣瑜、小西克幸、劉傑、湯屋敦子、斉藤貴美子、許淑嬪、東地宏樹、劉傑、杉田智和、畠中祐、林谷珍、市ノ瀬加那、陳筱寧、梅原裕一郎、林谷珍、三宅健太、于正昌、小野大輔、清川元夢、李景唐、松岡禎丞、于正昌、安原義人、蔣鐵城、前野智昭、蔣鐵城、大川透、林谷珍、島田敏、たくみ靖明、関根有咲、手塚ヒロミチ、田所陽向、笠間淳、石狩勇気、李景唐、辻親八、くじら、本泉莉奈、田村睦心、杉崎亮、貫井柚佳、堀総士郎、中野泰佑、渡辺弥咲、Lynn、立木文彦、于正昌,8.1,3547,https://lain.bgm.tv/r/400/pic/cover/l/72/f9/285901_94tQr.jpg,https://bangumi.tv/subject/285901
178,飞跃巅峰！,OVA,6,1988-10-07,庵野秀明,山賀博之、庵野秀明,日髙のり子、佐久間レイ、川村万梨阿、若本規夫、渕崎ゆり子、勝生真沙子、大木民夫、西村知道、矢尾一樹、勝生真沙子,8.1,5490,https://lain.bgm.tv/r/400/pic/cover/l/28/8c/769_oP9Vs.jpg,https://bangumi.tv/subject/769
179,爆漫王。2,TV,25,2011-10-01,カサヰケンイチ、秋田谷典昭,大知慶一郎、土屋理敬、吉田玲子,阿部敦、日野聡、早見沙織、矢作紗友里、岡本信彦、利根健太朗、藤村歩、諏訪部順一、志村知幸、川澄綾子、野島裕史、川田紳司、堀内賢雄、浜田賢二、森田成一、桐井大介、子安武人、風間勇刀、森久保祥太郎、下和田ヒロキ、井口祐一、田中完、中村秀利、下山吉光、本多陽子、井上喜久子,8.1,5371,https://lain.bgm.tv/r/400/pic/cover/l/45/8c/22588_xECYm.jpg,https://bangumi.tv/subject/22588
180,明日之丈,TV,79,1970-04-01,出﨑統,雪室俊一、山崎忠昭、伊東恒久、宮田雪、丸山正雄、松岡清治、田村多津夫、山崎晴哉,あおい輝彦、仲村秀生、恵比寿まさ子、西沢和子、藤岡重慶、西尾徳、今西正男、加藤治、広川太一郎、白石冬美、八奈見乗児、増岡弘、嶋俊介、肝付兼太、白石冬美、大塚周夫、小宮山清,8.1,928,https://lain.bgm.tv/r/400/pic/cover/l/0a/50/10404_8L2Zd.jpg,https://bangumi.tv/subject/10404
181,太阳之牙达格拉姆,TV,75,1981-10-23,神田武幸、高橋良輔,高橋良輔、渡辺由自、吉川惣司、富田祐弘、鈴木良武、星山博之,井上和彦、田中亮一、山田栄子、銀河万丈、鈴木清信、梨羽侑里、緒方賢一、小宮山清、千葉繁、曽我部和恭、宮内幸平、兼本新吾、高島雅羅、山内雅人、仁内建之,8.3,293,https://lain.bgm.tv/r/400/pic/cover/l/d7/1b/37183_TT9yf.jpg,https://bangumi.tv/subject/37183
182,战斗之魂Brave,TV,50,2010-09-12,西森章,冨岡淳広、あみやまさはる、神山修一、山田由香、小林英造,緒乃冬華、川澄綾子、浪川大輔、小野大輔、柿原徹也、伊藤かな恵、ゆきのさつき、櫻井孝宏、浜田賢二、鈴村健一、本多陽子、嶋村侑、遠藤綾、乃村健次、松岡禎丞、根谷美智子、阪口大助、遠藤綾、子安武人,8.3,259,https://lain.bgm.tv/r/400/pic/cover/l/64/51/8621_MPPls.jpg,https://bangumi.tv/subject/8621
183,你的名字。,剧场版,1,2016-08-26,新海誠,新海誠,神木隆之介、喬資淯、張立昂、皇贞季、上白石萌音、邱涵菲、佟心竹、傅其慧、長澤まさみ、魏晶琦、傅其慧、市原悦子、馮友薇、馮嘉德、成田凌、謝一帆、何志威、孟令军、悠木碧、林美秀、謝寧、牟珈论、島﨑信長、胡鎮璽、高晗、吳愷笛、石川界人、吳文民、赵鑫、谷花音、穆宣名、杨鸣、許淑嬪、てらそままさき、宋克軍、吳文民、花澤香菜、錢欣郁、魏晶琦、根来彰子、合田慎二郎、大南友希、長谷川暖、大原さやか、新祐樹、中務貴幸、池田優音、井上優、山口智広、ひなたたまり、バロン山崎、佐藤奏美、寺崎裕香、山根希美、浜添伸也、田端美保、辻美優、大前愛華、松川裕輝、小野塚貴志、森嵜美穂、菊池康弘、塙真奈美、井上和彦、吳文民、吳愷笛、茶風林、吳文民、大原さやか,8.1,34431,https://lain.bgm.tv/r/400/pic/cover/l/20/15/160209_2UzU8.jpg,https://bangumi.tv/subject/160209
184,悠久之翼2,TV,12,2008-10-06,大沼心,高山カツヒコ,遠近孝一、中島裕美子、後藤麻衣、浜田賢二、やなせなつみ、高城元気、下野紘、田口宏子、泰勇気、岡田純子、伊藤静、古澤徹、あおきさやか、野引香里,8.1,5990,https://lain.bgm.tv/r/400/pic/cover/l/84/d2/1029_Zc2U6.jpg,https://bangumi.tv/subject/1029
185,电脑线圈,TV,26,2007-05-12,磯光雄,磯光雄、宮村優子、三上幸四郎,折笠富美子、桑島法子、小島幸子、矢島晶子、朴璐美、斉藤梨絵、鈴木れい子、野田順子、小林由美子、梅田贵公美、山口眞弓、沼田祐介、麻生智久、中尾みち雄、金月真美、進藤尚美、堂ノ脇恭子、遊佐浩二、日比愛子、相沢舞、郷里大輔、西脇保、水野龍司、湯屋敦子、片岡富枝、折笠富美子,8.1,4814,https://lain.bgm.tv/r/400/pic/cover/l/82/48/794_tikkW.jpg,https://bangumi.tv/subject/794
186,怪医黑杰克 OVA,OVA,10,1993-12-21,出﨑統,出﨑統、森絵都、竹内啓雄、金春智子、小出克彦、山下久仁明,大塚明夫、水谷優子、古谷徹、小室正幸,8.1,1124,https://lain.bgm.tv/r/400/pic/cover/l/67/05/52787_wC3v7.jpg,https://bangumi.tv/subject/52787
187,斩服少女,TV,24,2013-10-03,今石洋之,中島かずき、若林広海、瀬古浩司,小清水亜美、柚木涼香、関俊彦、洲崎綾、有本欽隆、三木眞一郎、檜山修之、吉野裕行、稲田徹、新谷真弓、小西克幸、朴璐美、田村ゆかり、堀内賢雄、福井裕佳梨、藤村歩、うえだゆうじ、廣田行生、野島昭生、岩田光央、たかはし智秋、井上麻里奈、内藤玲、モリノリ久、井上優、蓮未エリナ、新田早規、吉開清人、藤村歩、？？？,8.1,17840,https://lain.bgm.tv/r/400/pic/cover/l/d5/d7/72941_q1DiW.jpg,https://bangumi.tv/subject/72941
188,冰海战记 第二季,TV,24,2023-01-09,籔田修平,瀬古浩司,上村祐翔、石上静香、武内駿輔、遠藤綾、小野賢章、佐古真弓、小松史法、林勇、麦人、手塚秀彰、楠大典、高橋伸也、家中宏、増元拓也、上田燿司、橘龍丸、間宮康弘、斧アツシ、大塚明夫、赤﨑千夏、最上嗣生、武田幸史、竹内良太、菅生隆之、内田直哉、佐藤拓也、浦山迅、市来光弘、生天目仁美、高梁碧、松田健一郎、安元洋貴、松田健一郎,8.1,8053,https://lain.bgm.tv/r/400/pic/cover/l/a4/16/296739_6U6Hg.jpg,https://bangumi.tv/subject/296739
189,剧场版 魔法少女小圆 [后篇] 永远的物语,剧场版,1,2012-10-13,宮本幸裕,虚淵玄,悠木碧、斎藤千和、喜多村英梨、水橋かおり、野中藍、加藤英美里、新谷良子、後藤邑子、岩永哲哉、水橋かおり、岩男潤子、吉田聖子、松岡禎丞、水橋かおり、松嵜麗、大久保瑠美、佐倉綾音,8.1,6398,https://lain.bgm.tv/r/400/pic/cover/l/df/9a/44692_4L88z.jpg,https://bangumi.tv/subject/44692
190,超时空辉夜姬！,WEB,1,2026-01-22,山下清悟,夏生さえり、山下清悟,夏吉ゆうこ、永瀬アンナ、早見沙織、釘宮理恵、入野自由、松岡禎丞、内田雄馬、青山吉能、小原好美、丸中康司、ファイルーズあい、花江夏樹、庄司更紗、坂本真綾、鈴村健一、小林親弘、宮沢きよこ,8.1,21480,https://lain.bgm.tv/r/400/pic/cover/l/f6/0f/604826_2XWRN.jpg,https://bangumi.tv/subject/604826
191,凡人修仙传 第四季,WEB,52,2025-01-18,王裕仁、林宇昂,王裕仁,钱文青、刘蕊、林昭言、青泯邑、刘思岑、故里、赵爽、乔苏、宝木中阳、王语、胡亚捷、叶知秋、婕希、高启帆、刘三木、吕思衡、木清禾、魏超、李璐、崔郅昊、张胡子、李诗萌、胡良伟、赵铭洲、凌振赫、佟心竹、赵爽、李璐、阎么么,8.1,2037,https://lain.bgm.tv/r/400/pic/cover/l/c0/20/518425_GT998.jpg,https://bangumi.tv/subject/518425
192,琉璃的宝石,TV,13,2025-07-06,藤井慎吾,横手美智子、谷内直人、平見瞠、藤井慎吾,根本京里、瀬戸麻沙美、宮本侑芽、林咲紀、山田美鈴、豊口めぐみ、寺澤百花、川田紳司、武田華、こねり翔、茂木たかまさ、林咲紀、夏目妃菜、纐纈大輝、ボルケーノ太田、鈴木卓朗、伊藤ちゆり、阿保まりあ、古賀明、金光宣明,8.1,9095,https://lain.bgm.tv/r/400/pic/cover/l/27/d7/512190_3FtCT.jpg,https://bangumi.tv/subject/512190
193,四叶游戏,TV,50,2009-04-05,関田修,末永光代、白根秀樹、福田裕子、土屋理敬,入野自由、戸松遥、神田朱未、豊口めぐみ、下屋則子、野沢雅子、櫻井孝宏、乃村健次、園部好徳、神田朱未、岸尾だいすけ、柿原徹也,8.1,1452,https://lain.bgm.tv/r/400/pic/cover/l/8f/b5/1443_fn2vz.jpg,https://bangumi.tv/subject/1443
194,别对映像研出手！,TV,12,2020-01-05,湯浅政明,木戸雄一郎,伊藤沙莉、松岡美里、田村睦心、花守ゆみり、井上和彦、小松未可子、小野友樹、小林裕介、綿貫竜之介、井澤詩織、川庄美雪、村瀬迪与、手塚祐介、高木礼子、きそひろこ、矢﨑和哉、石塚理恵、冨田泰代、清水理沙、井川秀栄、横島亘、ニケライ・ファラナーゼ、角倉英里子、飯沼南実、藤原大智、佐々木拓真、イブ優里安、石川藍、宮寺智子、日髙のり子、福島桂子、山橋正臣、三上哲、白石兼斗、野村麻衣子、岩崎里菜、新祐樹、木村隼人、田所陽向、山口竜之介、白石兼斗、梶川翔平、山橋正臣、星野佑典、松田裕市、佐藤愁貴、羽鳥佑、佐々木拓真、角倉英里子、白石兼斗、神戸光歩、西村太佑、八木岳、吉田勝哉、佐々木省三、定岡小百合、一柳みる、山本格、杉村憲司、谷口恵美、上田ゆう子、松川裕輝、岡純子、角倉英里子、佐藤愁貴、藤原大智、山橋正臣、佐藤愁貴、田村千恵、佐伯美由紀、佐藤愁貴、生田ひかる、山橋正臣、岡純子、転正浩充、伊原正明、越後屋コースケ、角倉英里子、ニケライ・ファラナーゼ,8.1,8951,https://lain.bgm.tv/r/400/pic/cover/l/5f/18/282433_9wDx9.jpg,https://bangumi.tv/subject/282433
195,探险活宝 第九季,TV,13,2017-09-17,未知,,Jeremy Shada,8.4,152,https://lain.bgm.tv/r/400/pic/cover/l/82/58/211269_WLl3n.jpg,https://bangumi.tv/subject/211269
196,攻壳机动队 S.A.C. SSS 3D,剧场版,1,2011-03-26,神山健治,神山健治、菅正太郎、櫻井大樹,田中敦子、大塚明夫、阪脩、山寺宏一、大川透、玉川砂記子、山口太郎,8.1,1188,https://lain.bgm.tv/r/400/pic/cover/l/ec/88/12885_NVyWs.jpg,https://bangumi.tv/subject/12885
197,王牌投手 振臂高挥～夏日大会篇～,TV,14,2010-04-01,水島努,水島努、爽田夏央、満仲勧、黒田洋介、山本靖貴,代永翼、中村悠一、谷山紀章、下野紘、佐藤雄大、鈴木千尋、保村真、角研一郎、福山潤、早水リサ、浜田賢二、伊藤健太郎、木村良平、花輪英司、半場友恵、私市淳、橘U子、福原耕平、小田久史,8.1,1581,https://lain.bgm.tv/r/400/pic/cover/l/ec/0f/4077_R6tHA.jpg,https://bangumi.tv/subject/4077
198,宇宙兄弟,TV,99,2012-04-01,渡辺歩,柿原優子、根元歳三、山下憲一、上江洲誠、森田繁、小山宙哉、待田堂子、加藤陽一,沢城みゆき、平田広明、KENN、三瓶由布子、加藤将之、沢城みゆき、池田昌子、流山児祥、沢城みゆき、長﨑瞳、宮本崇弘、竹本和正、森史絵、布施川一寛、平井祥恵、小日向みわ、烏丸祐一、加藤清司、下山田綾華、中西としはる、志賀麻登佳、永田昌康、武田幸史、各務立基、高山みなみ,8.1,1741,https://lain.bgm.tv/r/400/pic/cover/l/3b/0d/28533_unUBN.jpg,https://bangumi.tv/subject/28533
199,Heart Catch 光之美少女！,TV,49,2010-02-07,東堂いづみ,山田隆司、米村正二、成田良美、伊藤睦美、井上美緒,水樹奈々、水沢史絵、桑島法子、久川綾、高乃麗、伊藤静、川田妙子、坂本千夏、藤井ゆきよ、野島裕史、高山みなみ、くまいもとこ、菊池こころ、堀内賢雄、置鮎龍太郎、石田彰、緑川光、楠大典、堀井茶渡、金光宣明、加藤有生子、遠近孝一、氷青、中博史、湯屋敦子、前野智昭、佐久間レイ、牛田裕子、木内レイコ、長沢美樹、津村まこと、埴岡由紀子、足立友、吉田聖子、渡辺明乃、久嶋志帆、小島幸子、千葉進歩、高橋広樹、浅田葉子、玉川砂記子、小林由美子、折笠富美子、園崎未恵、折笠愛、白石涼子、浦和めぐみ、鈴木真仁、阪口大助、竹本英史、坂本千夏,8.1,1394,https://lain.bgm.tv/r/400/pic/cover/l/7d/c3/4124_pPP9r.jpg,https://bangumi.tv/subject/4124
200,剧场版 吹响吧！上低音号～誓言的终章～,剧场版,1,2019-04-19,石原立也,花田十輝,黒沢ともよ、朝井彩加、豊田萌絵、安済知佳、寿美菜子、早見沙織、茅原実里、藤村鼓乃美、山岡ゆり、沼倉愛美、久川綾、中村悠一、桑島法子、七緒はるひ、中博史、雨宮天、七瀬彩夏、久野美咲、土屋神葉、石谷春貴、津田健次郎、小堀幸、田所あずさ、櫻井孝宏、杉浦しおり、渡部紗弓,8.1,10922,https://lain.bgm.tv/r/400/pic/cover/l/2c/ca/216372_QR0Wp.jpg,https://bangumi.tv/subject/216372
201,奇诺之旅,TV,13,2003-04-08,中村隆太郎,村井さだゆき,前田愛、相ヶ瀬龍史、小林愛、入江崇史、大塚芳忠、翠準子、井上和彦、悠木碧、井上倫宏、杉本ゆう、寺井智之、松本大、園崎未恵、島香裕、浅井淑子、五代あつし、仲木隆司、青山穣、幹本雄之、西前忠久、筈見純、佐久間紅美、仲木隆司、土屋トシヒデ、水野龍司、遊佐浩二、榛田安芸、森口芽衣、武藤与志則、金子由之、北沢洋、小山剛志、乃村健次、辻親八、林真里花、大川透、目黒光祐、石波義人、西凜太朗、加藤精三、西凜太朗、桐本拓哉、巻島直樹、望月健一、ヤスヒロ、かわのをとや、中博史、立木文彦、諸角憲一、白神直子、遠藤純一、火野カチ子、一谷真由美、京田尚子、木下浩之、込山順子、山倉憲二、松岡文雄、石丸博也、仮屋昌伸、森沢芙美、磯辺万沙子、佐藤正治、池田一臣、広瀬正志、小久保丈二、近藤孝行、平松慎吾、山野井仁、伊藤美紀、小杉十郎太、桑原英人、船木真人、藤本隆行、山口健、根本幸多、関通利、寺井智之、滝下毅、宮里駿、梅田贵公美、りの、大林洋平、徳山靖彦、一木美名子、小林美佐、松井菜桜子、茶風林、藤原啓治、斎藤千和、高橋裕吾、相沢まさき、菅生隆之、伊藤実華、大津田裕美、南杏子、熊谷聖香,8.1,5373,https://lain.bgm.tv/r/400/pic/cover/l/7c/a5/1948_uvj4u.jpg,https://bangumi.tv/subject/1948
202,剧场版 吹响吧！上低音号～想要传达的旋律～,剧场版,1,2017-09-30,小川太一,花田十輝,寿美菜子、黒沢ともよ、朝井彩加、豊田萌絵、安済知佳、早見沙織、茅原実里、藤村鼓乃美、山岡ゆり、沼倉愛美、久川綾、種﨑敦美、東山奈央、中村悠一、桑島法子、七緒はるひ、中博史、日笠陽子、石谷春貴、津田健次郎、小堀幸、渡辺久美子、櫻井孝宏、田所あずさ、平井祥恵、田所あずさ、千菅春香、中村太亮,8.1,5533,https://lain.bgm.tv/r/400/pic/cover/l/47/72/211089_mX7yK.jpg,https://bangumi.tv/subject/211089
203,海绵宝宝 第一季,TV,20,1999-05-01,StephenHillenburg、PaulTibbitt、ShermCohen、AaronSpringer、JayLender,Stephen Hillenburg,Tom Kenny、魏伯勤、陈浩、Bill Fagerbakke、孙悦斌、符爽、曹冀魯、李易、Clancy Brown、李香生、张璐、楊凱凱、于正昇、贾小军、Dee Bradley Baker,8.1,2958,https://lain.bgm.tv/r/400/pic/cover/l/d7/9c/7777_7ppTV.jpg,https://bangumi.tv/subject/7777
204,悠哉日常大王 Repeat,TV,12,2015-07-06,川面真也,吉田玲子、志茂文彦、山田由香,小岩井ことり、村川梨衣、佐倉綾音、阿澄佳奈、佐藤利奈、名塚佳織、？？？、福圓美里、新谷良子、平松晶子、高橋美月,8.1,7538,https://lain.bgm.tv/r/400/pic/cover/l/8b/6b/101442_EM1Vg.jpg,https://bangumi.tv/subject/101442
205,向山进发 Next Summit,TV,12,2022-10-04,山本裕介,山本裕介、カトキハジメ、ちな,井口裕香、阿澄佳奈、日笠陽子、小倉唯、東山奈央、山本亜衣、七瀬彩夏、高尾奏音、岩井映美里、荻野晴朗、柚木涼香、久川綾、小松史法、伊丸岡篤、牧野由依、儀武ゆう子、伊丸岡篤、福山潤、橘潤二,8.1,4034,https://lain.bgm.tv/r/400/pic/cover/l/64/5a/290980_Jju6q.jpg,https://bangumi.tv/subject/290980
206,一拳超人,TV,12,2015-10-04,夏目真悟,鈴木智尋,古川慎、石川界人、安元洋貴、早見沙織、梶裕貴、悠木碧、山路和弘、津田健次郎、宮野真守、山本祥太、森川智之、小野坂昌也、羽多野渉、小西克幸、鳥海浩輔、浪川大輔、小山力也、うえだゆうじ、日野聡、上田燿司、櫻井孝宏、高山みなみ、玄田哲章、中村悠一、細谷佳正、関智一、小澤亜李、緒方賢一、飛田展男、浪川大輔、保志総一朗、三木眞一郎、高木渉、増田俊樹、内山昂輝、上田燿司、沢城みゆき、常蓉珊、斉藤次郎、中尾隆聖、徳本恭敏、鈴木琢磨、浜添伸也、内藤有海、後藤ヒロキ、上田燿司、山本祥太、長谷川芳明、長谷川芳明、小澤亜李、長谷川芳明、浜添伸也、長谷川芳明、後藤ヒロキ、保村真、荒井聡太、伊丸岡篤、宮崎寛務、内藤有海、浜添伸也、後藤ヒロキ、浜添伸也、後藤ヒロキ、後藤ヒロキ、浜添伸也、斉藤貴美子、手塚ヒロミチ、矢野龍太、手塚ヒロミチ、後藤ヒロキ、佐藤奏美、山本祥太、浜添伸也、上田燿司,8.0,21737,https://lain.bgm.tv/r/400/pic/cover/l/8c/a2/127563_nl66u.jpg,https://bangumi.tv/subject/127563
207,剑风传奇,TV,25,1997-10-07,高橋ナオヒト,冨岡淳広、米村正二、大橋志吉、藤田伸三、板倉真琴,三浦智子、福島おりね、神奈延年、森川智之、高山みなみ、宮村優子、石田彰、西村朋紘、天田益男、矢島晶子、若本規夫、内海賢二、大木民夫、白鳥由里、沢田敏子、玄田哲章、沢木郁也、大木正司、西川幾雄、増田ゆき、石塚運昇、田中敦子、茶風林、川中子雅人、半場友恵、坂東尚樹、加瀬康之,8.1,2975,https://lain.bgm.tv/r/400/pic/cover/l/0c/b9/696_tdp05.jpg,https://bangumi.tv/subject/696
208,山水情,剧场版,1,1988-03-21,阎善春、马克宣,王树忱,,8.1,900,https://lain.bgm.tv/r/400/pic/cover/l/35/7f/45089_NVNps.jpg,https://bangumi.tv/subject/45089
209,相聚一刻,TV,96,1986-03-26,やまざきかずお、安濃高志、吉永尚之,島田満、小西川博、土屋斗紀雄、金春智子、武上純希、柳川茂、高屋敷英夫、伊藤和典、金子裕,島本須美、二又一成、渡辺久美子、神谷明、冨永みーな、渕崎ゆり子、三田ゆう子、千葉繁、青木和代、坂本千夏、鶴ひろみ、槐柳二、荘真由美、古川登志夫、槐柳二、若本規夫、田中秀幸、松島みのり、堀勝之祐、島津冴子、千葉繁、林原めぐみ、安西正弘、亀山助清、古田信幸、TARAKO、増岡弘、立木文彦,8.1,715,https://lain.bgm.tv/r/400/pic/cover/l/17/d8/2921_Po9M8.jpg,https://bangumi.tv/subject/2921
210,降世神通：最后的气宗 第三季,TV,21,2007-09-21,Ethan、Spaulding,BryanKonietzko,Mae Whitman、Dee Bradley Baker、Grey Griffin、Dee Bradley Baker、Jennifer Hale、Mark Hamill、Robert Patrick、Kristoffer Tabori、Jim Meskimen,8.1,920,https://lain.bgm.tv/r/400/pic/cover/l/3c/fa/4608_Gu0u2.jpg,https://bangumi.tv/subject/4608
211,回忆三部曲,剧场版,3,1995-12-23,森本晃司、岡村天斎、大友克洋,今敏、大友克洋,,8.0,4186,https://lain.bgm.tv/r/400/pic/cover/l/2b/f2/3627_3BjuJ.jpg,https://bangumi.tv/subject/3627
212,心灵游戏,剧场版,1,2004-08-07,湯浅政明,湯浅政明,山口智充、西凜太朗,8.1,2304,https://lain.bgm.tv/r/400/pic/cover/l/3c/e6/3324_y2yg1.jpg,https://bangumi.tv/subject/3324
213,擅长捉弄的高木同学 第三季,TV,12,2022-01-07,赤城博昭,加藤還一、福田裕子、伊丹あき,高橋李依、梶裕貴、小原好美、M・A・O、小倉唯、内田雄馬、小岩井ことり、岡本信彦、落合福嗣、内山昂輝、悠木碧、田所陽向、宮本侑芽、高橋李依、梶裕貴,8.0,8281,https://lain.bgm.tv/r/400/pic/cover/l/2d/ad/347887_j0DFj.jpg,https://bangumi.tv/subject/347887
214,福音战士新剧场版：序,剧场版,1,2007-09-01,摩砂雪、鶴巻和哉,庵野秀明,緒方恵美、罗伟杰、蔣鐵城、林原めぐみ、連思宇、三石琴乃、錢欣郁、山口由里子、長沢美樹、石田彰、賈文安、林原めぐみ、清川元夢、岩永哲哉、優希比呂、子安武人、康秋樂、立木文彦、夏治世、関智一、麦人、林原めぐみ,8.0,16170,https://lain.bgm.tv/r/400/pic/cover/l/e5/7c/772_yFW6i.jpg,https://bangumi.tv/subject/772
215,王牌投手 振臂高挥,TV,26,2007-04-12,水島努,滝晃一、兵頭一歩、横手美智子、水島努、ヤスカワショウゴ、爽田夏央、井出安軌、白根秀樹、黒田洋介,代永翼、中村悠一、谷山紀章、下野紘、佐藤雄大、鈴木千尋、保村真、角研一郎、福山潤、松風雅也、石井真、宮野真守、福圓美里、岸尾だいすけ、岸尾だいすけ、早水リサ、木村良平、杉山紀彰、花輪英司、古島清孝、飯田浩志、半場友恵、室園丈裕、私市淳、橘U子、高橋研二、疋田高志、佐藤利奈,8.1,2120,https://lain.bgm.tv/r/400/pic/cover/l/b5/1a/1267_tRnJz.jpg,https://bangumi.tv/subject/1267
216,小魔女DoReMi 童年秘密篇,OVA,13,2004-06-26,東堂いづみ,山田隆司、影山由美、大和屋暁、成田良美,千葉千恵巳、宍戸留美、秋谷智子、松岡由貴、宮原永海、石毛佐和,8.2,323,https://lain.bgm.tv/r/400/pic/cover/l/e9/85/14879_4kRqu.jpg,https://bangumi.tv/subject/14879
217,JOJO的奇妙冒险 星尘斗士,TV,24,2014-04-04,津田尚克,小林靖子、ヤスカワショウゴ、猪爪慎一、筆安一幸、津田尚克,高森奈津美、小野大輔、石塚運昇、三宅健太、平川大輔、子安武人、小松史法、木内秀信、小島幸子、ゆきのさつき、樫井笙人、久川綾、桐本拓哉、有本欽隆、高木礼子、鈴木れい子、長克巳、釘宮理恵、川田紳司、山口勝平、玄田哲章、岩崎征実、岸尾だいすけ、坂巻学、小松由佳、大谷育江、飯田友子、大川透,8.0,17795,https://lain.bgm.tv/r/400/pic/cover/l/6b/c7/85631_Gi7oH.jpg,https://bangumi.tv/subject/85631
218,回转企鹅罐,TV,24,2011-07-07,幾原邦彦,幾原邦彦、伊神貴世、古川知宏、金子伸吾,木村昴、木村良平、荒川美穂、三宅麻理恵、石田彰、能登麻美子、堀江由衣、小泉豊、荒川美穂、豊崎愛生、渡部優衣、三宅麻理恵、荒浪和沙、木村昴、木村良平、荒川美穂、堀江由衣、坂巻亮祐、森嵜美穂、山口智広、後藤香織、西田雅一,8.0,12054,https://lain.bgm.tv/r/400/pic/cover/l/92/f6/18624_ZFj5M.jpg,https://bangumi.tv/subject/18624
219,妄想代理人,TV,13,2004-02-02,今敏,水上清資、吉野智美,能登麻美子、桃井はるこ、飯塚昭三、関俊彦、内海賢二、山口眞弓、中嶋聡彦、津村まこと、小宮和枝、三石琴乃、阪口大助、水樹奈々、冨永みーな、阪口大助、槐柳二、京田尚子、藤原啓治、小山力也、松本保典、能登麻美子、津村まこと、山口眞弓、京田尚子、くまいもとこ、吉野裕行、渡辺明乃、広瀬正志、西村知道、堀川仁、中村大樹、江川央生、松倉羽鶴、沢海陽子、朝倉栄介、沢海陽子、川上とも子,8.0,4883,https://lain.bgm.tv/r/400/pic/cover/l/3d/8e/843_6wj9L.jpg,https://bangumi.tv/subject/843
220,凉宫春日的忧郁 2009,TV,28,2009-04-02,武本康弘,石原立也、山本寛、志茂文彦、村元克彦、伊藤敦、賀東招二、武本康弘、谷川流,杉田智和、劉傑、平野綾、傅其慧、茅原実里、馮嘉德、後藤邑子、林美秀、小野大輔、于正昌、松岡由貴、吳貴竹、白石稔、何志威、松元恵、馮嘉德、桑谷夏子、雷碧文、あおきさやか、吳貴竹、白鳥由里、平松広和、柳沢栄治、緒方賢一、何志威、柳沢栄治、望月健一、こぶしのぶゆき、大塚明夫、井上和彦、森川智之、大前茜、永田亮子、中山さら、門脇舞以、広江美奈,8.0,19974,https://lain.bgm.tv/r/400/pic/cover/l/49/5d/1606_64k44.jpg,https://bangumi.tv/subject/1606
221,日本动画（人）博览会,WEB,35,2014-11-07,前田真宏、コヤマシゲト、雨宮哲、横山彰利、舞城王太郎、今石洋之、片山一良、中澤一登、林明美、吉崎響、鶴巻和哉、荒牧伸志、本間晃、鬼塚大輔、古橋一浩、山下いくと、なかむらたかし、山本沙代、沖浦啓之、江本正弘、櫻木優平、平松禎史、吉浦康裕、うつのみや理、水野貴信、谷東,片山一良、平松禎史、鬼塚大輔、ウエダハジメ、前田真宏、舞城王太郎、瀬古浩司、横山彰利、吉浦康裕、なかむらたかし、田中隼人、うつのみや理、山下いくと、沖浦啓之、榎戸洋司、櫻木優平、須田剛一,,8.0,2336,https://lain.bgm.tv/r/400/pic/cover/l/38/f8/116370_jnMJ2.jpg,https://bangumi.tv/subject/116370
222,金牌得主,TV,13,2025-01-04,山本靖貴,花田十輝,春瀬なつみ、大塚剛央、市ノ瀬加那、内田雄馬、小市眞琴、坂泰斗、木野日菜、戸田めぐみ、小岩井ことり、三宅貴大、加藤英美里、村治学、伊藤彩沙、岡咲美保、湯浅かえで、佐藤あずさ、宮白桃子、福原綾香、七原帝子、山口智広、小清水亜美、西健亮、和氣あず未、遠藤綾、星野貴紀、井上ほの花、竹内恵美子、森川智之、小若和郁那、川原慶久、山内健嗣、小林大紀、角倉英里子、川﨑芽衣子、熊谷海麗、葵あずさ、相川奈都姫,8.0,13574,https://lain.bgm.tv/r/400/pic/cover/l/ce/3c/430699_hsj90.jpg,https://bangumi.tv/subject/430699
223,人狼,剧场版,1,1999-11-17,沖浦啓之,押井守,藤木義勝、古天樂、武藤寿美、仙台エリ、木下浩之,8.0,3165,https://lain.bgm.tv/r/400/pic/cover/l/e9/7e/844_Z2u77.jpg,https://bangumi.tv/subject/844
224,寒蝉鸣泣之时,TV,26,2006-04-04,今千秋,川瀬敏文、中瀬理香,保志総一朗、中原麻衣、ゆきのさつき、かないみか、田村ゆかり、ゆきのさつき、茶風林、大川透、伊藤美紀、折笠富美子、小林ゆう、関俊彦、尾小平志津香、井上喜久子、塚田正昭、立木文彦、小野大輔、渡辺美佐、宝亀克寿、仲野元、須加みき、松井菜桜子、松本保典,8.0,15342,https://lain.bgm.tv/r/400/pic/cover/l/83/9a/289_h0nz0.jpg,https://bangumi.tv/subject/289
225,伤物语〈Ⅱ 热血篇〉,剧场版,1,2016-08-19,尾石達也,木澤行人、中本宗応,神谷浩史、坂本真綾、堀江由衣、櫻井孝宏、江原正士、入野自由、大塚芳忠,8.0,8878,https://lain.bgm.tv/r/400/pic/cover/l/24/19/148036_2rP88.jpg,https://bangumi.tv/subject/148036
226,续 夏目友人帐,TV,13,2009-01-05,大森貴弘,関島眞頼、加賀未恵、荒木憲一、高木登、金巻兼一,神谷浩史、井上和彦、小林沙苗、小林沙苗、沢城みゆき、佐藤利奈、木村良平、伊藤美紀、加藤奈々絵、伊藤栄次、渡辺美佐、松風雅也、高垣彩陽、あおきさやか、チョー、杉本ゆう、千々和竜策、下崎紘史、ゆきのさつき、堀江一眞、石田彰、菅沼久義、岡村明美、松山鷹志、広橋涼、吉野裕行、本田貴子、斧アツシ、桐本拓哉、寺崎裕香、菅生隆之、谷育子、太田哲治、野島健児、土井美加、竹内順子,8.0,7971,https://lain.bgm.tv/r/400/pic/cover/l/cf/bc/891_d5mwr.jpg,https://bangumi.tv/subject/891
227,老人与海,剧场版,1,1999-07-03,Александр、Константинович、Петров,ErnestMillerHemingway,,8.1,1110,https://lain.bgm.tv/r/400/pic/cover/l/1b/36/1984_t8H1q.jpg,https://bangumi.tv/subject/1984
228,飞跃巅峰2！,OVA,6,2004-11-26,鶴巻和哉,榎戸洋司,福井裕佳梨、坂本真綾、沢城みゆき、小林希唯、岩田光央、山崎たくみ、小林沙苗、松岡由貴、甲斐田裕子、本名陽子、小林ゆう、佐々木望、伊藤静、陶山章央、生天目仁美、近藤隆,8.0,4367,https://lain.bgm.tv/r/400/pic/cover/l/3a/83/768_2E3Rm.jpg,https://bangumi.tv/subject/768
229,悠哉日常大王,TV,12,2013-10-07,川面真也,吉田玲子、志茂文彦、山田由香,小岩井ことり、村川梨衣、佐倉綾音、阿澄佳奈、佐藤利奈、名塚佳織、？？？、福圓美里、新谷良子、平松晶子、高垣彩陽、上田麗奈,8.0,11433,https://lain.bgm.tv/r/400/pic/cover/l/47/fa/78405_dodKZ.jpg,https://bangumi.tv/subject/78405
230,红猪,剧场版,1,1992-07-18,宮崎駿,宮崎駿,森山周一郎、Jean Reno、陆揆、楊少文、岡村明美、山新、劉小芸、加藤登紀子、杨晨、陳季霞、大塚明夫、吴凌云、康殿宏,8.0,6833,https://lain.bgm.tv/r/400/pic/cover/l/8e/98/307_GyFJg.jpg,https://bangumi.tv/subject/307
231,辉夜大小姐想让我告白-初吻不会结束- 电影,剧场版,1,2022-12-17,小俣真一,中西やすひろ,古賀葵、古川慎、小原好美、鈴木崚汰、富田美憂、花守ゆみり、麻倉もも、鈴代紗弓、子安武人、市ノ瀬加那、福原遥、朝井彩加、朝日奈丸佳、島﨑信長、小澤亜李、森田順平、早見沙織、貫井柚佳、青山穣,8.0,7616,https://lain.bgm.tv/r/400/pic/cover/l/ca/b6/389474_tzbrl.jpg,https://bangumi.tv/subject/389474
232,剧场版 悠哉日常大王 Vacation,剧场版,1,2018-08-25,川面真也,吉田玲子,小岩井ことり、村川梨衣、佐倉綾音、阿澄佳奈、佐藤利奈、名塚佳織、下地紫野、？？？、福圓美里、新谷良子、平松晶子,8.0,4343,https://lain.bgm.tv/r/400/pic/cover/l/dd/2a/215618_8847X.jpg,https://bangumi.tv/subject/215618
233,交响诗篇,TV,50,2005-04-17,京田知己,佐藤大、野村祐一、大河内一楼、菅正太郎、大野木寛、小中千昭、清水恵,三瓶由布子、名塚佳織、小清水亜美、根谷美智子、浅野まゆみ、藤原啓治、辻谷耕史、山崎樹範、木川絵理子、浅野まゆみ、大木民夫、石森達幸、チョー、水沢史絵、木川絵理子、小杉十郎太、杉山佳寿子、銀河万丈、玉川砂記子、矢島晶子、杉山大、水沢史絵、根谷美智子、松本保典、中村彰男、山口太郎、宮野真守、志村知幸、沢海陽子、青野武、久川綾、福山潤、小山力也,8.0,4142,https://lain.bgm.tv/r/400/pic/cover/l/8e/2c/1266_h6m69.jpg,https://bangumi.tv/subject/1266
234,瑞克和莫蒂 第四季,TV,10,2019-11-10,Justin、Roiland,,Justin Roiland、Justin Roiland、Sarah Chalke、Chris Parnell、Spencer Grammer,8.0,3317,https://lain.bgm.tv/r/400/pic/cover/l/ee/f5/246238_OeEk7.jpg,https://bangumi.tv/subject/246238
235,超时空要塞 可曾记得爱,剧场版,1,1984-07-21,石黒昇、河森正治,富田祐弘,飯島真理、土井美加、長谷有洋、速水奨、鈴木勝美、佐々木るん、蟹江栄司、鶴ひろみ、鈴置洋孝、神谷明、大林隆介,8.0,2424,https://lain.bgm.tv/r/400/pic/cover/l/e2/5c/3172_F4mZ6.jpg,https://bangumi.tv/subject/3172
236,鼹鼠的故事,TV,63,1957,兹德内克·米莱尔,,,8.0,1038,https://lain.bgm.tv/r/400/pic/cover/l/e5/8a/47665_Khg1f.jpg,https://bangumi.tv/subject/47665
237,夏目友人帐,TV,13,2008-07-07,大森貴弘,金巻兼一、荒木憲一、高木登、関島眞頼、加賀未恵,小林沙苗、藤村歩、神谷浩史、井上和彦、小林沙苗、下崎紘史、ゆきのさつき、黒田崇矢、本多知恵子、樋口あかり、松山鷹志、知桐京子、松本保典、緒乃冬華、石田彰、堀江一眞、木村良平、菅沼久義、沢城みゆき、伊藤美紀、伊藤栄次、斉藤貴美子、河本邦弘、青野武、喜多道枝、安元洋貴、こぶしのぶゆき、皆川純子、土田大、平井善之、柳原哲也、柚木涼香、高瀬右光、鶴岡聡、矢島晶子、下崎紘史、松山鷹志、河本邦弘、桑島法子、浜田賢二、藤村歩、下崎紘史、伊藤栄次、能登麻美子、伊丸岡篤、太田哲治、石毛佐和、鶴岡聡、岡村明美、宮澤正,8.0,12002,https://lain.bgm.tv/r/400/pic/cover/l/cf/a0/259_7C5D9.jpg,https://bangumi.tv/subject/259
238,银之匙 Silver Spoon 第二季,TV,11,2014-01-09,出合小都美,岸本卓,木村良平、三宅麻理恵、櫻井トオル、庄司将之、高垣彩陽、島﨑信長、井澤詩織、小西克幸、三ツ矢雄二、増谷康紀、こぶしのぶゆき、種﨑敦美、高梨謙吾、矢作紗友里、小野友樹、今井由香、堀内賢雄、小山剛志、緒乃冬華、佐々木睦、久保田民絵、蓮岳大、長妻樹里、水島大宙、山下大輝、川原慶久、湯屋敦子、西村朋紘,8.0,4345,https://lain.bgm.tv/r/400/pic/cover/l/cd/7b/77480_xuCK5.jpg,https://bangumi.tv/subject/77480
239,小马宝莉：友谊就是魔法 第一季,TV,26,2010-10-10,未知,,Tara Strong、洪海天、沢城みゆき,8.0,1750,https://lain.bgm.tv/r/400/pic/cover/l/4d/61/29870_l5RTL.jpg,https://bangumi.tv/subject/29870
240,夏目友人帐 肆,TV,13,2012-01-02,大森貴弘,花田十輝、大野木寛、吉永亜矢、村井さだゆき,藤村歩、神谷浩史、井上和彦、小林沙苗、小林沙苗、沢城みゆき、佐藤利奈、木村良平、伊藤美紀、伊藤栄次、チョー、下崎紘史、ゆきのさつき、堀江一眞、緑川光、東地宏樹、石田彰、諏訪部順一、菅沼久義、岡村明美、黒田崇矢、本多知恵子、樋口あかり、松山鷹志、知桐京子、一条和矢、土井美加、永田依子、河本邦弘、赤澤涼太、岡部涼音、太田哲治、下崎紘史、松山鷹志、赤澤涼太、折笠愛、金田アキ、高梁碧、中川慶一、中野裕斗、佐々木健、伊藤静、金田アキ、森谷里美、梅田贵公美、西松和彦、山本兼平、内藤玲、木内秀信、うえだゆうじ、上別府仁資、杉野田ぬき、下崎紘史、太田哲治、知桐京子、赤澤涼太、河本邦弘、松山鷹志、小西克幸、潘めぐみ、村治学、園田恵子、根来彰子、岩崎征実,8.0,6651,https://lain.bgm.tv/r/400/pic/cover/l/65/82/23495_GEgun.jpg,https://bangumi.tv/subject/23495
241,四月是你的谎言,TV,22,2014-10-09,イシグロキョウヘイ,吉岡たかを,花江夏樹、種田梨沙、佐倉綾音、逢坂良太、梶裕貴、早見沙織、能登麻美子、茅野愛衣、園崎未恵、寺崎裕香、石上静香、森永千才、天﨑滉平、櫻井浩美,8.0,23429,https://lain.bgm.tv/r/400/pic/cover/l/ec/c7/100444_96r3J.jpg,https://bangumi.tv/subject/100444
242,JOJO的奇妙冒险 黄金之风,TV,39,2018-10-05,木村泰大、髙橋秀弥,小林靖子、ヤスカワショウゴ、筆安一幸、猪爪慎一、津田尚克、堀内全、木村泰大、高橋雅和,藤原夏海、小野賢章、中村悠一、石上静香、諏訪部順一、鳥海浩輔、山下大輝、榎木淳弥、千本木彩花、小松史法、小西克幸、成田剣、石川英郎、宮内敦士、KENN、福島潤、鈴木達央、木村昴、岡本信彦、辻親八、間島淳司、津田健次郎、前野智昭、藤真秀、斉藤壮馬、濱野大輝、高橋伸也、石川界人、阪口大助、野島健児、小野大輔、梶裕貴、梶原岳人、佐々木義人、早水リサ,8.0,15733,https://lain.bgm.tv/r/400/pic/cover/l/42/29/235128_RYOcp.jpg,https://bangumi.tv/subject/235128
243,偶像大师 剧场版 向着光辉的彼岸！,剧场版,1,2014-01-25,錦織敦史,錦織敦史、髙橋龍也,中村繪里子、長谷川明子、今井麻美、仁後真耶子、浅倉杏美、平田宏美、下田麻美、下田麻美、釘宮理恵、たかはし智秋、原由実、沼倉愛美、赤羽根健治、若林直美、滝田樹里、大塚芳忠、木戸衣吹、大関英里、渡部優衣、伊藤美来、雨宮天、夏川椎菜、麻倉もも、寺島拓篤、神原大地、松岡禎丞、星野充昭,8.0,4180,https://lain.bgm.tv/r/400/pic/cover/l/f8/45/64172_8MujB.jpg,https://bangumi.tv/subject/64172
244,装甲骑兵VOTOMS,TV,52,1983-04-01,高橋良輔,鈴木良武、鳥海尽三、高橋良輔、吉川惣司,郷田ほづみ、梨羽侑里、弥永和子、富田耕生、川浪葉子、千葉繁、政宗一成、上恭ノ介、屋良有作、緒方賢一、銀河万丈、戸谷公次、亀井三郎、緒方賢一、玄田哲章、広瀬正志、速水奨、郷里大輔、麦人、鵜飼るみ子、野島昭生、二又一成、嶋俊介、山口奈々、加藤治,8.1,633,https://lain.bgm.tv/r/400/pic/cover/l/c1/ba/10379_y3cGG.jpg,https://bangumi.tv/subject/10379
245,校园迷糊大王,TV,26,2004-10-05,高松信司,ときたひろこ、江夏由結、高橋ナツコ、丸尾みほ、金春智子、吉田玲子,小清水亜美、高橋広樹、能登麻美子、堀江由衣、小西大樹、生天目仁美、川田紳司、伊藤実華、岸尾だいすけ、南里侑香、福井裕佳梨、浅川悠、大原さやか、保村真、市来光弘、髙木俊、本橋尚土、長瀬博高、田所ちさ、花村怜美、山本麻里安、檜山修之、小林ゆう、安元洋貴、大谷美貴、前田剛、千葉進歩、石井康嗣、かないみか,8.0,4502,https://lain.bgm.tv/r/400/pic/cover/l/a8/ab/440_u01nF.jpg,https://bangumi.tv/subject/440
246,龙与虎,TV,25,2008-10-01,長井龍雪,岡田麿里、樋口達人、岡崎純子、横谷昌宏,間島淳司、釘宮理恵、堀江由衣、喜多村英梨、野島裕史、大原さやか、後藤沙緒里、田中理恵、甲斐田裕子、吉野裕行、興津和幸、野中藍、石川桃子、金光宣明、大原崇、古澤徹、緒乃冬華、青木強、小林美奈、阿澄佳奈、岡本信彦、青木強、立花慎之介、ふじたまみ、金光宣明、中村知子、高梁碧、後藤沙緒里、日笠陽子、ミルノ純、松原大典、石井一貴、中西英樹、佐藤拓也、岡本信彦、阿部敦、逢坂力、大原崇、青木強、金光宣明、青木強,8.0,27645,https://lain.bgm.tv/r/400/pic/cover/l/a4/30/909_e5zhk.jpg,https://bangumi.tv/subject/909
247,百变之星 不死鸟传说 ～蕾拉・汉密尔顿物语～,OVA,1,2006-01-27,佐藤順一,吉田玲子,広橋涼、大原さやか、下野紘、中原麻衣、西村ちなみ、渡辺明乃、水橋かおり、折笠富美子、小桜エツコ、千葉進歩、子安武人、藤原啓治,8.0,603,https://lain.bgm.tv/r/400/pic/cover/l/d7/cb/37063_2qQoN.jpg,https://bangumi.tv/subject/37063
248,寄生兽 生命的准则,TV,24,2014-10-08,清水健一,藤田伸三、米村正二,島﨑信長、Rinka、平野綾、花澤香菜、沢城みゆき、田中敦子、前田玲奈、芹澤優、安野希世乃、鈴木琢磨、石田彰、KENN、浪川大輔、吉野裕行、小山力也、水島裕、井上和彦、二又一成、浜添伸也,8.0,16640,https://lain.bgm.tv/r/400/pic/cover/l/e3/14/88433_5Jl4M.jpg,https://bangumi.tv/subject/88433
249,NOMAD MEGALO BOX 2,TV,13,2021-04-04,森山洋,小嶋健作、真辺克彦,細谷佳正、斎藤志郎、村瀬迪与、安元洋貴、宮内敦士、小林親弘、森なな子、鈴木達央、田村真、れいみ、落合福嗣、観世智顕、種市桃子、神戸光歩、内藤有海、田中美央、ニケライ・ファラナーゼ、日野佑美、福西勝也,8.0,5492,https://lain.bgm.tv/r/400/pic/cover/l/28/0b/294836_U1HD5.jpg,https://bangumi.tv/subject/294836
250,爆漫王。,TV,25,2010-10-02,カサヰケンイチ、秋田谷典昭,吉田玲子、綾奈ゆにこ、水上清資、上代務,阿部敦、日野聡、早見沙織、矢作紗友里、岡本信彦、利根健太朗、藤村歩、諏訪部順一、志村知幸、川澄綾子、野島裕史、川田紳司、堀内賢雄、浜田賢二、森田成一、桐井大介、子安武人、風間勇刀、森久保祥太郎、速水けんたろう、井上喜久子、牧口真幸,8.0,7107,https://lain.bgm.tv/r/400/pic/cover/l/45/00/3428_NPdDd.jpg,https://bangumi.tv/subject/3428
251,剧场版 空之境界 第七章 杀人考察（后）,剧场版,1,2009-08-08,あおきえい、野中卓也、近藤光、平尾隆之、小船井充,平松正樹,坂本真綾、鈴村健一、保志総一朗、本田貴子、中田譲治、東地宏樹、藤村歩、甲斐田裕子、大木民夫、高橋研二、坂巻学、井上剛、たなか久美,8.0,9829,https://lain.bgm.tv/r/400/pic/cover/l/3d/32/3423_ZNaov.jpg,https://bangumi.tv/subject/3423
252,勇者王GaoGaiGar Final,OVA,8,2000-01-21,山口祐司,米たにヨシトモ、北嶋博明、竹田裕一郎,檜山修之、半場友恵、伊藤舞子、紗ゆり、吉田小南美、真殿光昭、かかずゆみ、紗ゆり、石井康嗣、吉田小南美、川澄綾子、真殿光昭、小林清志、中博史、有馬瑞香、青野武、カシワクラツトム、梁田清之、半場友恵、千葉耕市、大木民夫、田村ゆかり、田村ゆかり、田村ゆかり,8.1,491,https://lain.bgm.tv/r/400/pic/cover/l/2d/71/2979_VygjJ.jpg,https://bangumi.tv/subject/2979
253,小明和王猫,TV,13,2000-01-01,王川,王川,,8.1,308,https://lain.bgm.tv/r/400/pic/cover/l/ff/b7/14508_7Aa9r.jpg,https://bangumi.tv/subject/14508
254,白兔糖,TV,11,2011-07-07,亀井幹太,岸本卓,松浦愛弓、土田大、酒井乃碧、大原さやか、植田佳奈、須藤菜々子、坂本真綾、有川博、鹿野優以,8.0,8653,https://lain.bgm.tv/r/400/pic/cover/l/75/96/10843_WM4xX.jpg,https://bangumi.tv/subject/10843
255,VOY@GER,未知,1,2021-08-25,錦織敦史,バンダイナムコエンターテインメント,中村繪里子、平田宏美、原由実、ルゥティン、洲崎綾、長江里加、上田麗奈、南早紀、夏川椎菜、梅原裕一郎、深町寿成、駒田航、涼本あきほ、幸村恵理、和久井優,8.0,2041,https://lain.bgm.tv/r/400/pic/cover/l/04/14/343607_XRvUF.jpg,https://bangumi.tv/subject/343607
256,歌牌情缘,TV,25,2011-10-04,浅香守生,川嶋澄乃、加藤綾子、柿原優子、鈴木智、森山あけみ、高山直也,瀬戸麻沙美、高垣彩陽、宮野真守、細谷佳正、寺崎裕香、茅野愛衣、奈良徹、代永翼、中道美穂子、甲斐田裕子、東地宏樹、藤田淑子、中井和哉、大原崇、石塚運昇、高橋研二、村上裕哉、うえだゆうじ、本田貴子、佐藤健輔、阪口大助、安済知佳,8.0,5299,https://lain.bgm.tv/r/400/pic/cover/l/b1/b2/18294_be4AB.jpg,https://bangumi.tv/subject/18294
257,无职转生 第三季 ～到了异世界就拿出真本事～,TV,14,2026-07-04,渋谷亮介,高山淳史、漆原虹平、理不尽な孫の手,内山夕実、茅野愛衣、加隈亜衣、小原好美、森川智之、金元寿子、Lynn、杉田智和、若山詩音、豊口めぐみ、高田憂希、会沢紗弥、津田健次郎、小山力也、田中理恵、大塚芳忠、上田燿司、鶴岡聡、逢坂良太、上田麗奈、興津和幸、ファイルーズあい、田中美海、楠大典、諸星すみれ、戸松遥、稲田徹、小西克幸、日笠陽子、横尾まり、川島零士、土田大、松田健一郎、青山穣、田島章寛,8.0,2672,https://lain.bgm.tv/r/400/pic/cover/l/1f/9e/501963_bXlEP.jpg,https://bangumi.tv/subject/501963
258,吊带袜天使,TV,13,2010-10-01,今石洋之,今石洋之、大塚雅彦、若林広海、瀬古浩司、コヤマシゲト、板垣伸、錦織敦史,小笠原亜里沙、伊瀬茉莉也、石井康嗣、中村たかし、吉野裕行、小松由佳、藤村歩、槙口みき、谷山紀章、柴田秀勝、岩田光央、遠藤綾、三宅健太、槙口みき、水原薫、小松由佳、藤村歩、勝生真沙子、大塚芳忠、杉田智和、清川元夢、愛河里花子、玄田哲章、加藤精三、森川智之、三木眞一郎、西村知道、梅津秀行、生天目仁美、千葉繁,8.0,14048,https://lain.bgm.tv/r/400/pic/cover/l/a7/49/8402_Q9mLv.jpg,https://bangumi.tv/subject/8402
259,86 -不存在的战区- 第2部分,TV,12,2021-10-02,石井俊匡,永井千晶、砂山蔵澄、大野敏哉,長谷川育美、千葉翔也、山下誠一郎、藤原夏海、早見沙織、鈴代紗弓、泊明日菜、久野美咲、内田夕夜、芳野由奈、植田佳奈、山本兼平、興津和幸、田丸篤志、朝日奈丸佳、山本格、高梨謙吾、上村祐翔,8.0,15440,https://lain.bgm.tv/r/400/pic/cover/l/85/0e/331887_rZdb9.jpg,https://bangumi.tv/subject/331887
260,败犬女主太多了！,TV,12,2024-07-13,北村翔太郎,横谷昌宏,梅田修一朗、遠野ひかる、若山詩音、寺澤百花、田中美海、上田麗奈、安済知佳、諸星すみれ、七海ひろき、和氣あず未、種﨑敦美、上坂すみれ、斎藤千和、関根明良、逢坂良太、小林千晃、小林裕介、小山内怜央、沢田敏子、小山内怜央、月嶋真弓、古屋亜南、逢坂良太、島﨑信長、白石兼斗、大渕野々花、千春、高橋伸也、伏見はる香、古屋亜南、白石兼斗、大井麻利衣、白石兼斗,8.0,27810,https://lain.bgm.tv/r/400/pic/cover/l/e4/dc/464376_NsZRw.jpg,https://bangumi.tv/subject/464376
261,狼的孩子雨和雪,剧场版,1,2012-07-21,細田守,奥寺佐渡子、細田守,宮﨑あおい、連思宇、馮嘉德、大沢たかお、蔣鐵城、黃天佑、黒木華、大野百花、林沛笭、加部亜門、西井幸人、張乃文、詹雅菁、連婉鈞、平岡拓真、連宓均、劉如蘋、春名風花、郭璨華,8.0,8053,https://lain.bgm.tv/r/400/pic/cover/l/d7/9a/28440_IfcS4.jpg,https://bangumi.tv/subject/28440
262,数码宝贝驯兽师之王,TV,51,2001-04-01,中鶴勝祥,吉田玲子、小中千昭、吉村元希、前川淳、浦沢義雄、まさきひろ,津村まこと、野沢雅子、山口眞弓、多田葵、折笠富美子、今井由香、金田朋子、野沢雅子、津村まこと、野沢雅子、津村まこと、野沢雅子、野沢雅子、野沢雅子、多田葵、多田葵、山口眞弓、多田葵、多田葵、今井由香、今井由香、今井由香、折笠富美子、今井由香、浅田葉子、平田広明、環有希、梁田清之、梁田清之、青山桐子、岩村愛子、永野愛、多田葵、多田葵、七緒はるひ、松本美和、高橋広樹、高橋広樹、高橋広樹、金丸淳一、世田壱恵、金丸淳一、世田壱恵、世田壱恵、金丸淳一、世田壱恵、金丸淳一、世田壱恵、千葉進歩、永野愛、宮下富三子、金光宣明、松谷彼哉、金子由之、苏强文、安達まり、吉倉万里、今井由香、今井由香、佐藤晴男、安達まり、宮下富三子、中山りえ子、菊池正美、諏訪太朗、松岡洋子、乃村健次、百々麻子、松谷彼哉、千葉進歩、木村雅史、菅原淳一、今井由香、木村雅史、松山鷹志、上別府仁資、高戸靖広、小杉十郎太、松山鷹志、塩味薫、田中正彦、世田壱恵、二又一成、石塚運昇、勝生真沙子、堀内賢雄、宮田幸季、木村雅史、堀川りょう、森山周一郎、小嶋一成、小嶋一成、小栗雄介、木村雅史、尾小平志津香、石井康嗣、小栗雄介、柴山由崇、杉野田ぬき、小村哲生、永野善一、小杉十郎太、八奈見乗児、苏强文、辻親八、浅田葉子、苏强文、浅田葉子、サエキトモ,8.0,2651,https://lain.bgm.tv/r/400/pic/cover/l/c9/22/3130_cGKH5.jpg,https://bangumi.tv/subject/3130
263,吸血鬼猎人D：妖杀行,剧场版,1,2000,川尻善昭,川尻善昭,田中秀幸、林原めぐみ、永井一郎、山寺宏一、Wendee Lee、篠原恵美、前田美波里、Dwight Schultz、藤原啓治、Debi Derryberry、かないみか、Dwight Schultz、大塚周夫、Mary Elizabeth McGlynn、沢海陽子、John DiMaggio、西凜太朗、関俊彦、屋良有作、John DiMaggio、大友龍三郎、大塚芳忠、鈴鹿千春,8.0,2808,https://lain.bgm.tv/r/400/pic/cover/l/95/97/1607_RA0G0.jpg,https://bangumi.tv/subject/1607
264,降世神通：最后的气宗 第二季,TV,20,2006-03-17,Ethan、Spaulding,Michael Dante DiMartino,Mae Whitman、Dee Bradley Baker、Grey Griffin、Dee Bradley Baker、Jennifer Hale、Mark Hamill、Kristoffer Tabori,8.0,887,https://lain.bgm.tv/r/400/pic/cover/l/f2/70/4607_zzEOq.jpg,https://bangumi.tv/subject/4607
265,海马,TV,12,2008-04-10,湯浅政明,高橋知也、湯浅政明、三原三千夫、横山彰利、EunYoung Choi,桑島法子、朴璐美、能登麻美子、斎藤千和、江川央生、岩永哲哉,8.0,2393,https://lain.bgm.tv/r/400/pic/cover/l/a9/81/1625_59HVn.jpg,https://bangumi.tv/subject/1625
266,AIR,TV,13,2005-01-06,石原立也,志茂文彦,小野大輔、川上とも子、岡本麻見、柚木涼香、西村ちなみ、久川綾、冬馬由美、田村ゆかり、今野宏美、津田健次郎、小野大輔、斎藤千和、神奈延年、井上喜久子、金田朋子、山本百合子、永島由子、潘恵子、堀江由衣、國府田マリ子、飯塚雅弓,8.0,13495,https://lain.bgm.tv/r/400/pic/cover/l/28/9d/234_hIMht.jpg,https://bangumi.tv/subject/234
267,辉夜大小姐想让我告白-初吻不会结束-,TV,4,2023-03-31,小俣真一,中西やすひろ,古賀葵、古川慎、小原好美、鈴木崚汰、富田美憂、花守ゆみり、麻倉もも、日高里菜、市ノ瀬加那、福原遥、早見沙織、朝日奈丸佳、朝井彩加、島﨑信長、森田順平、鈴代紗弓、子安武人、小澤亜李、貫井柚佳、青山穣,7.9,9738,https://lain.bgm.tv/r/400/pic/cover/l/ca/79/425211_bPbra.jpg,https://bangumi.tv/subject/425211
268,黑客帝国动画版,OVA,9,2003-06-03,小池健、前田真宏、Peter、Chung、森本晃司、川尻善昭、渡辺信一郎,川尻善昭、前田真宏、The Wachowskis、森本晃司、Lilly Wachowski、渡辺信一郎,Carrie-Anne Moss、Keanu Reeves,8.0,1906,https://lain.bgm.tv/r/400/pic/cover/l/b5/34/496_1D61r.jpg,https://bangumi.tv/subject/496
269,无职转生～到了异世界就拿出真本事～,TV,11,2021-01-10,岡本学,岡本学、平野宏樹、齊藤浩央、中本宗応,内山夕実、茅野愛衣、加隈亜衣、小原好美、森川智之、金元寿子、Lynn、浪川大輔、杉田智和、若山詩音、豊口めぐみ、高田憂希、会沢紗弥、福島潤、小野大輔、高岡瓶々、柚木涼香、河西健吾、津田健次郎、井口裕香、小山力也、佐藤聡美、小林裕介、田中理恵、大塚芳忠、朝井彩加、飛田展男、斎藤寛仁、綿貫竜之介、野瀬育二、葉山翔太、くじら、加藤将之、児玉卓也、山本祥太、仲村かおり、柳田淳一、石狩勇気、前田弘喜、松重慎、鳥越まあや,7.9,26294,https://lain.bgm.tv/r/400/pic/cover/l/8b/00/277554_z999u.jpg,https://bangumi.tv/subject/277554
270,伤物语〈Ⅰ 铁血篇〉,剧场版,1,2016-01-08,尾石達也,木澤行人、中本宗応,神谷浩史、坂本真綾、堀江由衣、櫻井孝宏、江原正士、入野自由、大塚芳忠,7.9,9464,https://lain.bgm.tv/r/400/pic/cover/l/bf/9c/7707_4370B.jpg,https://bangumi.tv/subject/7707
271,来自深渊 深沉灵魂的黎明,剧场版,1,2020-01-17,小島正幸,倉田英之,富田美憂、伊瀬茉莉也、井澤詩織、森川智之、水瀬いのり、原奈津子、川田紳司、下山吉光、後藤ヒロキ、新祐樹、中務貴幸、坂本真綾、大原さやか、稲田徹、喜多村英梨、坂本真綾,7.9,11061,https://lain.bgm.tv/r/400/pic/cover/l/e2/fd/230914_fJJ0J.jpg,https://bangumi.tv/subject/230914
272,BanG Dream! It's MyGO!!!!!,TV,13,2023-06-29,柿本広大,綾奈ゆにこ、後藤みどり、小川ひとみ、和場明子、晴日たに,羊宮妃那、立石凛、青木陽菜、小日向美香、林鼓子、高尾奏音、渡瀬結月、佐々木李子、岡田夢以、米澤茜、反田葉月、儀武ゆう子、椎名へきる、広瀬ゆうき、河実里夏、仲田ありさ、尾崎由香、小山茉美、加藤英美里、三澤紗千香、伊藤彩沙、西本りみ、日笠陽子、佐倉綾音、志崎樺音、小原莉子、櫻川めぐ、大橋彩香、愛美、金元寿子、直田姫奈、進藤あまね、大塚紗英、福圓美里、七海こころ、伊藤かな恵、宮田俊哉、かかずゆみ、矢方美紀、仲田ありさ、寺田晴名,7.9,31340,https://lain.bgm.tv/r/400/pic/cover/l/e7/a7/428735_1v11n.jpg,https://bangumi.tv/subject/428735
273,萩萩公主,TV,26,2002-08-16,河本昇悟,横手美智子、小中千昭、池田眞美子、佐藤卓哉、中瀬理香,加藤奈々絵、櫻井孝宏、矢薙直樹、水樹奈々、三谷昇、平松晶子、松本さち、松本保典、白鳥由里、葉月絵理乃、浦田優、麦人、菅生隆之、石塚理恵、勝生真沙子、私市淳、葉月絵理乃、岸田今日子,8.0,702,https://lain.bgm.tv/r/400/pic/cover/l/b0/d6/5694_MdZo5.jpg,https://bangumi.tv/subject/5694
274,交响情人梦,TV,23,2007-01-11,カサヰケンイチ,金春智子、丸尾みほ、横谷昌宏、土屋理敬、カサヰケンイチ,川澄綾子、関智一、江原正士、小川真司、川田紳司、小林沙苗、松風雅也、織田圭祐、生天目仁美、中井和哉、諏訪部順一、小形満、能登麻美子、清川元夢、川上とも子、堀内賢雄、吉野裕行、柚木涼香、小野涼子、津田匠子、藤村歩、斧アツシ、藤原啓治、本田貴子、田中完、比嘉久美子、平松晶子、チョー、石田彰、神谷浩史、近藤孝行、小杉十郎太、橘U子、古島清孝、鈴木達央、藤村歩、緒乃冬華、中村悠一、千葉紗子、赤城進、大原崇、緒乃冬華、立花慎之介、関山美沙紀、工藤晴香、川上とも子、芝原チヤコ、釘宮理恵、大山鎬則、湯屋敦子、大川透、代永翼、園江治、上村典子、三石琴乃、大塚芳忠、折笠富美子、青森伸、足立友、宮田幸季、新井里美、安元洋貴、最上嗣生、森夏姫、最上嗣生、岡本寛志、笹森亜希、最上嗣生、最上嗣生、小野涼子、緒乃冬華、東地宏樹、最上嗣生,7.9,2837,https://lain.bgm.tv/r/400/pic/cover/l/13/f3/443_8yZla.jpg,https://bangumi.tv/subject/443
275,DARKER THAN BLACK -黑之契约者-,TV,26,2007-04-05,岡村天斎,菅正太郎、砂山蔵澄、大西信介、野村祐一、岡村天斎,木内秀信、入野自由、福圓美里、沢木郁也、池田勝、水樹奈々、川上とも子、名塚佳織、井上和彦、本田貴子、豊口めぐみ、加瀬康之、加藤英美里、桐本拓哉、中村千絵、大西健晴、浅井清己、野島昭生、家弓家正、伊藤静、石塚さより、さとうあい、志村知幸、松本保典、小林沙苗、葉月絵理乃,7.9,9929,https://lain.bgm.tv/r/400/pic/cover/l/17/00/292_86ZrF.jpg,https://bangumi.tv/subject/292
276,游戏王5D's,TV,154,2008-04-02,小野勝巳、菱川直樹,冨岡淳広、吉田伸、鈴木やすゆき、神山修一、福嶋幸典、植田浩二、彦久保雅博、早川正、山下憲一、川瀬敏文,宮下雄也、星野貴紀、浅沼晋太郎、木下あゆ美、洞内愛、寺崎裕香、小野友樹、田中宏樹、チャン・リーメイ、金田アキ、武虎、小手伸也、根本正勝、吉田仁美、菅生隆之、菅生隆之、根本正勝、石川英郎、中川えりか、落合弘治、平井啓二、宮健一、木村良平、小野坂昌也、内藤玲、増田裕生、加古臨王、川本成、髙坂篤志、井上優、皆川純子、柳原哲也、乃村健次、松風雅也、岩崎征実、相橋愛子、りりあん、伊藤実華、平野貴裕、大村朋宏、斉藤貴美子、楠大典、木内秀信、矢薙直樹、湯澤幸一郎、外波山文明、細見大輔、松山鷹志、岡部涼音、勝沼紀義、青山穣、たくみ靖明、五十嵐裕美、井上剛、松本忍、吉岡麻耶、末吉司弥、岩村愛子、蓮岳大、國立幸、中川玲、川原慶久、細谷佳正、楠田敏之、上田燿司、塩屋浩三、藤原祐規、新垣樽助、興津和幸、高岡瓶々、坂巻学、佐々木健、伊藤栄次、下妻由幸、堀田勝、赤澤涼太、大室佳奈、吉沢希梨、横田紘一、近藤浩徳、知桐京子、かねこはりい、黒澤剛史、田中一永、豊田奏恵、宮里駿、菊池こころ、宮下栄治、樋口智恵子、泰勇気、岡村明美、川中子雅人、佐藤ゆうこ、稲田徹、水野理紗、白熊寛嗣、中村太亮、石橋美佳、加藤精三、髙木俊、土井美加、中博史、石井康嗣、西凜太朗、関俊彦、矢島晶子、落合弘治,8.0,2263,https://lain.bgm.tv/r/400/pic/cover/l/a2/cc/1609_g4R4R.jpg,https://bangumi.tv/subject/1609
277,向阳素描 沙英・寻 毕业篇,OVA,2,2013-11-27,八瀬祐樹,大嶋実句,阿澄佳奈、水橋かおり、新谷良子、後藤邑子、原田ひとみ、小見川千明、釘宮理恵、松来未祐、チョー、福圓美里、沢城みゆき、巽悠衣子,8.0,876,https://lain.bgm.tv/r/400/pic/cover/l/34/fb/82233_b1889.jpg,https://bangumi.tv/subject/82233
278,寻梦环游记,剧场版,1,2017-11-22,LeeUnkrich,,Anthony Gonzalez、石橋陽彩,7.9,6547,https://lain.bgm.tv/r/400/pic/cover/l/a5/c2/209925_jg62r.jpg,https://bangumi.tv/subject/209925
279,三千里寻母记,TV,52,1976-01-04,高畑勲,深沢一夫,,8.1,198,https://lain.bgm.tv/r/400/pic/cover/l/ea/11/18254_cUrYm.jpg,https://bangumi.tv/subject/18254
280,黑礁 The Second Barrage,TV,12,2006-10-02,片渕須直,片渕須直,浪川大輔、豊口めぐみ、磯部勉、平田広明、小山茉美、森川智之、佐々木優子、南央美、金田朋子、桑島法子、杉田智和,7.9,5081,https://lain.bgm.tv/r/400/pic/cover/l/d7/9a/980_b715Q.jpg,https://bangumi.tv/subject/980
281,境界触发者 第三季,TV,14,2021-10-09,葦原大介,金月龍之介、吉野弘幸、大野木寛,村中知、梶裕貴、田村奈央、中村悠一、島﨑信長、田中秀幸、福山潤、釘宮理恵、前野智昭、中尾衣里、津田健次郎、浦和めぐみ、岡本信彦、花澤香菜、粕谷雄太、浪川大輔、菅沼久義、森田成一、畠中祐、石川界人、竹内良太、能登麻美子、杉田智和、浜田賢二、野島裕史、桐本拓哉、島田敏、三浦祥朗、森下由樹子、根本幸多、渡辺美佐、岸尾だいすけ、高戸靖広、水沢史絵、今野宏美、三上枝織、岩田光央、竹本英史、泰勇気、成瀬誠、高塚正也、増尾興佑、鎌田梢、一木千洋、田中大文、のぐちゆり、藤井ゆきよ、浅利遼太、小川慎太郎、金香里、諏訪部順一、田中健大、たくみ靖明、上田瞳、武虎、三瓶由布子、小堀友里絵、小西克幸、竹田海渡、小野将夢、堀江瞬、大空直美、石田彰、半田裕典、鎌田梢、森久保祥太郎、檜山修之、広橋涼、伊東健人、関根有咲,8.0,965,https://lain.bgm.tv/r/400/pic/cover/l/3b/92/322967_I7iiz.jpg,https://bangumi.tv/subject/322967
282,机动战士高达 THE ORIGIN,OVA,6,2015-04-24,今西隆志,隅沢克之,池田秀一、田中真弓、潘めぐみ、古谷徹、新井里美、藤村歩、中博史、浦山迅、渡辺明乃、松田健一郎、土屋トシヒデ、古川登志夫、福圓美里、早見沙織、山崎たくみ、一条和矢、坂口候一、楠見尚己、竹田雅則、白熊寛嗣、銀河万丈、三宅健太、柿原徹也、津田英三、恒松あゆみ、一城みゆ希、喜山茂雄、沢城みゆき、茶風林、茅野愛衣、関俊彦、大塚明夫,7.9,3334,https://lain.bgm.tv/r/400/pic/cover/l/f4/f1/62680_2GgGy.jpg,https://bangumi.tv/subject/62680
283,剧场版 魔法少女小圆 [前篇] 起始的物语,剧场版,1,2012-10-06,宮本幸裕,虚淵玄,悠木碧、斎藤千和、喜多村英梨、水橋かおり、野中藍、加藤英美里、新谷良子、後藤邑子、岩永哲哉、水橋かおり、岩男潤子、吉田聖子、松岡禎丞、飛田展男、三木眞一郎、田坂秀樹、松嵜麗、大久保瑠美、佐倉綾音,7.9,5712,https://lain.bgm.tv/r/400/pic/cover/l/fa/1d/25833_kZIjD.jpg,https://bangumi.tv/subject/25833
284,银之匙 Silver Spoon,TV,11,2013-07-11,伊藤智彦,岸本卓,木村良平、三宅麻理恵、櫻井トオル、庄司将之、高垣彩陽、島﨑信長、井澤詩織、小西克幸、三ツ矢雄二、増谷康紀、こぶしのぶゆき、高梨謙吾、小野友樹、M・A・O、今井由香、堀内賢雄、小山剛志、緒乃冬華、佐々木睦、久保田民絵、蓮岳大、長妻樹里、水島大宙、山下大輝、川原慶久、湯屋敦子、西村朋紘、小林直人,7.9,5604,https://lain.bgm.tv/r/400/pic/cover/l/3a/0d/59664_xK3y7.jpg,https://bangumi.tv/subject/59664
285,太空丹迪,TV,13,2014-01-05,夏目真悟,渡辺信一郎、佐藤大、うえのきみこ、大河内一楼、信本敬子、円城塔,諏訪部順一、佐武宇綺、吉野裕行、石塚運昇、畠山航輔、ユリン千晶、桑島法子、竹達彩奈、永井一郎、佐々健太、花澤香菜、大木民夫、後藤ヒロキ、浜添伸也、大川透、宝亀克寿、梶裕貴、能登麻美子、龍田直樹、クリス・ペプラー、渡辺明乃、潘恵子、小山力也、麦人、金田朋子、山路和弘、一城みゆ希、松来未祐、大橋歩夕、山下大輝、杉本ゆう、島本須美、小川真司、山口勝平、矢島正明、大塚明夫、根谷美智子、後藤ヒロキ、平野綾、矢島正明,7.9,4765,https://lain.bgm.tv/r/400/pic/cover/l/61/62/80864_refoz.jpg,https://bangumi.tv/subject/80864
286,乌龙派出所,TV,344,1996-06-16,やすみ哲夫、三沢伸、高松信司、高本宣弘、鴫野彰,山田隆司、岸間信明、杉浦真夕、十川誠志、もとひら了、平見瞠,田中真弓、ラサール石井、郭馨雅、林協忠、宮本充、菊池こころ、黃天佑、郭馨雅、森尾由美、林美秀、菱谷紘二、佐山陽規、梁興昌、林家正蔵、茶風林、郭馨雅、黃天佑、家中宏、黃天佑、麻生かほ里、郭馨雅、今井敦、牛山茂、梁興昌、土居裕子、郭馨雅、齋藤彩夏、林美秀、三橋加奈子、郭馨雅、三浦理恵子、岡本麻弥、林美秀、竹内順子、岩崎征実、陳幼文、林美秀、岸祐二、陳幼文、西村仁、江角英明、黃天佑、鈴木真仁、林美秀、石森達幸、西村仁、黃天佑、天野慶子、郭馨雅、深貝大輔、梁興昌、陳幼文、黃天佑、俵木藤汰、陳幼文、陳幼文、林協忠、竹本英史、陳幼文、八十田勇一、梁興昌、植本純米、陳幼文、荒川亮、黃天佑、外波山文明、陳幼文、山本満太、梁興昌、赤星昇一郎、陳幼文、梁興昌、渡辺哲、黃天佑、尾小平志津香、郭馨雅、北村弘一、陳幼文、今井敦、鈴木裕美子、岩坪理江、鈴木真仁、陳幼文、郭馨雅、林美秀、長浜満里子、岩坪理江、林美秀、並木のり子、園岡新太郎、梁興昌、石井康嗣、西村知道、黃天佑、柴崎真理、林美秀、七緒はるひ、日高奈留美、森谷密、郭馨雅、堀米聰、黃天佑、陳幼文、並木のり子、林美秀、宮澤正、陳幼文、荘真由美、土井美加、林美秀、麻生かほ里、林美秀、郭馨雅、近藤孝行、植木誠、梁興昌、真島啓、陳幼文、かかずゆみ、佐々木瑶子、笹本優子、林美秀、郭馨雅、楠大典、梁興昌、長浜満里子、林美秀、小宮孝泰、林美秀、西松和彦、梁興昌、黃天佑、木村亜希子、林美秀、郭馨雅、小川輝晃、梁興昌、鮭延未可、郭馨雅、林美秀、小村哲生、梁興昌、斉藤レイ、郭馨雅、竹内順子、郭馨雅、林美秀、楠大典、梁興昌、五十嵐明、竹本英史、竹内順子、梁興昌、林美秀、岡本麻弥、下崎紘史、渡辺秀行、黃天佑、郭馨雅、おかやまはじめ、高瀬右光、黃天佑、天野慶子、郭馨雅、松村武、竹本英史、梁興昌、木内秀信、松野太紀、黃天佑、八嶋智人、小和田貢平、渡辺秀行、梁興昌、森貞文則、永野善一、林協忠、陳幼文、松野太紀、西村仁、松野太紀、又村奈緒美、日高奈留美、市原由美、竹内順子、郭馨雅、鈴木裕美子、松浦有希子、林美秀、堺雅人、和田サトシ、梁興昌、松山鷹志、梁興昌、内藤丈貞、松村武、陳幼文、黃天佑、生駒治美、郭馨雅、林美秀、坂本あきら、陳幼文、菊池志穂、郭馨雅、岩城和男、黃天佑、木内秀信、梁興昌、深貝大輔、梁興昌、陳幼文、廣澤恵、小和田貢平、尾小平志津香、郭馨雅、又村奈緒美、林美秀、鈴木裕美子、郭馨雅、津嘉山正種、梁興昌、土井美加、郭馨雅、藤原啓治、梁興昌、星野充昭、小形満、梁興昌、黃天佑、松野太紀、浪川大輔、黃天佑、神代知衣、郭馨雅、納谷六朗、梁興昌、中田和宏、梁興昌、八嶋智人、冨永みーな、郭馨雅、モリノリ久、梁興昌、小室正幸、梁興昌、中村秀利、梁興昌、長浜満里子、天野慶子、中尾友紀、尾小平志津香、葛城七穂、松野太紀、水谷誠伺、八嶋智人、田山涼成、黃天佑、加藤忠可、梁興昌、八嶋智人、八嶋智人、天野慶子、竹内順子、松本美和、岩城和男、俵木藤汰、松野太紀、モリノリ久、木内秀信、八嶋智人、小村哲生、松野太紀、原川浩明、佐藤誓、仲尾あづさ、郭馨雅、福本伸一、八嶋智人、俵木藤汰、陳幼文、松野太紀、梁興昌、モリノリ久、梁興昌、菊地晶子、林美秀、竹内順子、林美秀、福本伸一、星野充昭、内藤玲、陳幼文、尾小平志津香、日髙のり子、林美秀、福本伸一、冨永みーな、鈴木裕美子、松野太紀、井沢希旨子、竹内順子、松村武、陳幼文、家村幸成、モリノリ久、渡辺秀行、小和田貢平、陳幼文、五条まい、林美秀、俵木藤汰、梁興昌、岩城和男、木内秀信、竹本英史、若杉宏二、岩崎征実、杉本ゆう、郭馨雅、林美秀、坂本あきら、陳幼文、井沢希旨子、林美秀、俵木藤汰、今井敦、黃天佑、高橋広樹、陳幼文、佐山陽規、梁興昌、佐藤誓、梁興昌、竹本英史、モリノリ久、梁興昌、かねこはりい、小和田貢平、ラサール石井、林協忠、竹本英史、坂本あきら、梁興昌、小和田貢平、又村奈緒美、黃天佑、前田剛、下元史朗、陳幼文、黃天佑、七緒はるひ、岩永哲哉、黃天佑、真島啓、前田剛、小和田貢平、前田剛、北村弘一、陳幼文、おかやまはじめ、梁興昌、菊地晶子、林美秀、流山児祥、高乃麗、陳幼文、林美秀、郭馨雅、栗田ひづる、林美秀、湯浅香織、郭馨雅、鈴木裕美子、林美秀、松浦有希子、郭馨雅、井沢希旨子、郷田ほづみ、陳幼文、小和田貢平、黃天佑、菊池志穂、郭馨雅、小林由美子、林美秀、郷田ほづみ、陳幼文、小林由美子、郭馨雅、井沢希旨子、林美秀、福本伸一、菊地晶子、竹本英史、栗田ひづる、西松和彦、陳幼文、前田剛、小和田貢平、竹本英史、モリノリ久、カシワクラツトム、陳幼文、津田健次郎、陳幼文、モリノリ久、陳幼文、夏木千穂、石塚堅、陳幼文、竹本英史、陳幼文、西松和彦、梁興昌、陳幼文、梶原真弓、郭馨雅、家富ヨウジ、陳幼文、浪川大輔、郭馨雅、梁興昌、堂ノ脇恭子、郭馨雅、コビヤマ洋一、陳幼文、西村仁、竹本英史、陳幼文、高橋広樹、梁興昌、七緒はるひ、内藤玲、田村連、黃天佑、尾小平志津香、鈴木裕美子、小和田貢平、清水宏、陳幼文、清水宏、梁興昌、清水宏、陳幼文、清水宏、黃天佑、清水宏、陳幼文、清水宏、黃天佑、山崎みちる、林美秀、永野善一、梁興昌、菊地晶子、林美秀、大谷亮介、梁興昌、石塚堅、陳幼文、いずみ尚、竹本英史、竹本英史、郭馨雅、田中理恵、林美秀、植本純米、梁興昌、杉野田ぬき、長浜満里子、竹本英史、陳幼文、長谷部高史、有薗芳記、竹本英史、長浜満里子、山崎みちる、古谷あゆみ、入江雅人、木村亜希子、西村仁、竹本英史、陳幼文、長浜満里子、郭馨雅、西村仁、竹本英史、西松和彦、今村恵子、八代進一、西村仁、楠大典、梁興昌、柳原哲也、平井隆博、かねこはりい、木内秀信、重松収、木村亜希子、近藤孝行、上別府仁資、福本伸一、渡辺慶、陳幼文、根谷美智子、郭馨雅、和田サトシ、森山栄治、八十田勇一、木内秀信、内藤玲、大谷亮介、並木のり子、西村仁、長浜満里子、又村奈緒美、鈴木裕美子、上別府仁資、永野善一、下崎紘史、鶴岡聡、竹本英史、梁興昌、杉野田ぬき、天野慶子、西村仁、鶴岡聡、徳光由禾、郭馨雅、松本ヨシロウ、梁興昌、竹本英史、陳幼文、尾小平志津香、長浜満里子、野口聖古、下崎紘史、長浜満里子、古谷あゆみ、西村仁、水谷ケイコ、上別府仁資、竹本英史、石井康嗣、竹本英史、高山広、石原凡、安崎求、仲尾あづさ、鶴岡聡、平野貴裕、又村奈緒美、いずみ尚、竹本英史、平井隆博、並木のり子、郭馨雅、赤土眞弓、林美秀、いずみ尚、陳幼文、上別府仁資、陳幼文、永野善一、陳幼文、椙本滋、黃天佑、側見民雄、梁興昌、高杉航大、黃天佑、竹本英史、梁興昌、佐々木健、陳幼文、下崎紘史、陳幼文、おかやまはじめ、小村哲生、陳幼文、滝口順平、八嶋智人、梁興昌、松山鷹志、黃天佑、陳幼文、渡辺健、黃天佑、小和田貢平、陳幼文、栗田ひづる、郭馨雅、岩尾万太郎、黃天佑、かねこはりい、上別府仁資、梁興昌、陳幼文、西山喜久恵、露木茂、前田剛、黃天佑、木内秀信、陳幼文、栗田ひづる、流山児祥、陳幼文、有薗芳記、梁興昌、風間水希、郭馨雅、松本美和、津田健次郎、梁興昌、福本伸一、陳幼文、海津義孝、陳幼文、小山智子、林美秀、又村奈緒美、郭馨雅、木内秀信、小和田貢平、黃天佑、竹本英史、尾小平志津香、並木のり子、ラサール石井、林協忠、佐藤晴男、入絵加奈子、林美秀、尾小平志津香、鶴岡聡、三原じゅん子、郭馨雅、時東ぁみ、郭馨雅、竹本英史,8.0,405,https://lain.bgm.tv/r/400/pic/cover/l/32/e0/2166_4LT8O.jpg,https://bangumi.tv/subject/2166
287,心理测量者,TV,22,2012-10-11,塩谷直義,虚淵玄、深見真、高羽彩,関智一、花澤香菜、櫻井孝宏、野島健児、有本欽隆、石田彰、伊藤静、沢城みゆき、日髙のり子、榊原良子、増谷康紀、浅沼晋太郎、山路和弘、浅野真澄、樫井笙人、小島幸子、小岩井ことり、原島梢、鶴岡聡、水島大宙、子安武人、竹達彩奈、坂本真綾、茅野愛衣、楠見藍子、佐倉綾音、三宅健太、長克巳、渡辺明乃、鳥海浩輔、石上裕一、中嶋ヒロ、玄田哲章、高森奈津美、平田真菜、田村睦心,7.9,14626,https://lain.bgm.tv/r/400/pic/cover/l/bb/0a/37685_JLl2k.jpg,https://bangumi.tv/subject/37685
288,怪诞小镇 第一季,TV,20,2012-06-16,未知,,,8.0,1253,https://lain.bgm.tv/r/400/pic/cover/l/a4/34/45336_VgOVf.jpg,https://bangumi.tv/subject/45336
289,玉子爱情故事,剧场版,1,2014-04-26,山田尚子,吉田玲子,洲崎綾、升望、田丸篤志、金子有希、長妻樹里、山下百合恵、日高里菜、藤原啓治、日笠陽子、西村知道、立木文彦、ゆきのさつき、小野大輔、辻谷耕史、津久井教生、山崎たくみ、下野紘、山岡ゆり,7.9,16190,https://lain.bgm.tv/r/400/pic/cover/l/59/8d/90880_NYUDd.jpg,https://bangumi.tv/subject/90880
290,悠久之翼,TV,12,2007-10-06,大沼心,高山カツヒコ,田口宏子、岡田純子、やなせなつみ、後藤麻衣、下野紘、泰勇気、田村睦心、高城元気、後藤麻衣、中島裕美子、遠近孝一、浜田賢二、野引香里、あおきさやか,7.9,7000,https://lain.bgm.tv/r/400/pic/cover/l/28/26/799_C3Ypp.jpg,https://bangumi.tv/subject/799
291,男子高中生的日常,TV,12,2012-01-09,高松信司,高松信司,入野自由、杉田智和、三瓶由布子、鈴村健一、日笠陽子、高垣彩陽、悠木碧、浪川大輔、小野友樹、石田彰、安元洋貴、皆川純子、小林ゆう、斎藤千和、ゆかな、早水リサ、小清水亜美、三石琴乃、岡本信彦、小山力也、水橋かおり、櫻井孝宏、井口祐一、諏訪部順一、福山潤、池澤春菜、伊藤静、森久保祥太郎、伊藤静、小西克幸,7.9,22709,https://lain.bgm.tv/r/400/pic/cover/l/c5/73/24790_4wdXB.jpg,https://bangumi.tv/subject/24790
292,赌博默示录,TV,26,2007-10-02,佐藤雄三,岩城忠雄、広田光毅、高屋敷英夫、吉野智美、筆安一幸,萩原聖人、白竜、津嘉山正種、家中宏、松本保典、桜井敏治、石川英郎、矢尾一樹、西村朋紘、高階俊嗣、甲本雅裕、小山力也、小野健一、内田直哉、甲本雅裕、阪本麻美、小野坂昌也、金光祥浩、河本邦弘、松原大典、徳本恭敏、中村悠一、立木文彦,7.9,6733,https://lain.bgm.tv/r/400/pic/cover/l/fb/06/3892_xe6z2.jpg,https://bangumi.tv/subject/3892
293,重启咲良田,TV,24,2017-04-05,川面真也,高山カツヒコ,山村響、石川界人、花澤香菜、悠木碧、久野美咲、江口拓也、山田悠希、牧野由依、三澤紗千香、西山宏太朗、相坂優歌、逢田梨香子、井口祐一、荒川美穂、大原さやか、上田燿司、関根明良、中博史、喜山茂雄、植竹香菜、小清水亜美、櫻井孝宏、田村睦心、内田真礼、河西健吾、土師孝也、金子彩花,7.9,8815,https://lain.bgm.tv/r/400/pic/cover/l/b1/c7/193378_KgztF.jpg,https://bangumi.tv/subject/193378
294,少女☆歌剧 Revue Starlight,TV,12,2018-07-12,古川知宏,樋口達人,小山百代、三森すずこ、富田麻帆、佐藤日向、岩田陽葵、小泉萌香、相羽あいな、伊藤彩沙、生田輝、津田健次郎、篠宮あすか、広瀬さや、名塚佳織、斎藤楓子,7.9,16481,https://lain.bgm.tv/r/400/pic/cover/l/ca/48/214265_uHAIG.jpg,https://bangumi.tv/subject/214265
295,机动战士高达 第08MS小队,OVA,11,1996-01-25,神田武幸、飯田馬之介,桶谷顕、北嶋博明,檜山修之、井上喜久子、玄田哲章、藤原啓治、永井一郎、西村ちなみ、藤本譲、速水奨、上恭ノ介、広瀬正志、市川治、小山茉美、荒木香衣、松井菜桜子、永井一郎、榊原良子、梅津秀行、千葉一伸、菅原淳一、堀内賢雄、千葉一伸、本多知恵子、中嶋聡彦、中博史、菅原淳一,7.9,3963,https://lain.bgm.tv/r/400/pic/cover/l/da/aa/2664_S3lsS.jpg,https://bangumi.tv/subject/2664
296,祖先大人万万岁,OVA,6,1989-08-05,押井守,押井守,勝生真沙子、古川登志夫、緒方賢一、鷲尾真知子、玄田哲章、山寺宏一,7.9,1107,https://lain.bgm.tv/r/400/pic/cover/l/d3/f5/4042_y7ztR.jpg,https://bangumi.tv/subject/4042
297,续·终物语,剧场版,6,2018-11-10,新房昭之,木澤行人、ライトワークス,神谷浩史、坂本真綾、斎藤千和、加藤英美里、沢城みゆき、花澤香菜、堀江由衣、堀江由衣、喜多村英梨、井口裕香、早見沙織、井上麻里奈、水橋かおり、根谷美智子,7.9,6230,https://lain.bgm.tv/r/400/pic/cover/l/3a/7f/233926_V09ek.jpg,https://bangumi.tv/subject/233926
298,星游记,TV,26,2011-10-30,刘北、孙甜,刘北,阎萌萌、山新、郝幽玥、边江、阿杰、姜广涛、龚格尔,7.9,3410,https://lain.bgm.tv/r/400/pic/cover/l/c1/33/4884_20aA0.jpg,https://bangumi.tv/subject/4884
299,画江湖之不良人 第六季,WEB,12,2023-03-02,李帅帅,李皖青、李佳炫、李帅帅,刘思岑、边江、朱雀橙、阎萌萌、赵毅、白雪岑、王凯、杨默、张惠霖、孟宇,8.0,649,https://lain.bgm.tv/r/400/pic/cover/l/99/5d/367712_NSJaG.jpg,https://bangumi.tv/subject/367712
300,幸运星 OVA,OVA,1,2008-09-26,武本康弘,美水かがみ、村元克彦、待田堂子、荒谷朋恵、武本康弘、伊藤敦,平野綾、加藤英美里、福原香織、遠藤綾、今野宏美、白石稔、相沢舞、前田このみ、長谷川静香、茅原実里、水原薫、ささきのぞみ、清水香里、くじら、関智一、渡辺久美子、小桜エツコ、小菅真美、井上喜久子、升望、明坂聡美、岩男潤子、くじら、立木文彦,7.9,6272,https://lain.bgm.tv/r/400/pic/cover/l/b6/95/13557_11122.jpg,https://bangumi.tv/subject/13557
301,秒速5厘米,剧场版,3,2007-03-03,新海誠,新海誠,水橋研二、江志倫、尾上綾華、近藤好美、李昀晴、花村怜美、張茜雯、水野理紗、新海誠,7.9,25089,https://lain.bgm.tv/r/400/pic/cover/l/1f/44/927_J2Q9a.jpg,https://bangumi.tv/subject/927
302,天元突破红莲螺岩 红莲篇,剧场版,1,2008-09-06,今石洋之,中島かずき,小西克幸、柿原徹也、井上麻里奈、福井裕佳梨、阿澄佳奈,7.9,3728,https://lain.bgm.tv/r/400/pic/cover/l/d4/64/3995_Y2SXy.jpg,https://bangumi.tv/subject/3995
303,圣母在上 第3季,OVA,5,2006-11-29,福島宏之,吉村元希、高橋ナツコ、吉田玲子,植田佳奈、伊藤美紀、能登麻美子、清水香里、伊藤静、池澤春菜、釘宮理恵、小清水亜美、市来光弘、佐藤利奈、斎藤千和、檜山修之、豊口めぐみ、りの,7.9,1034,https://lain.bgm.tv/r/400/pic/cover/l/bd/85/4216_qvJdp.jpg,https://bangumi.tv/subject/4216
304,幻想曲2000,剧场版,1,1999-12-17,JamesAlgar,GaëtanBrizzi,,8.0,296,https://lain.bgm.tv/r/400/pic/cover/l/cc/5b/66244_qleLz.jpg,https://bangumi.tv/subject/66244
305,伤物语-历吸血鬼-,剧场版,1,2024-01-12,尾石達也,尾石達也、木澤行人、中本宗応,神谷浩史、坂本真綾、堀江由衣、櫻井孝宏、江原正士、入野自由、大塚芳忠,7.9,1001,https://lain.bgm.tv/r/400/pic/cover/l/ea/d6/454045_l2CCI.jpg,https://bangumi.tv/subject/454045
306,麻辣教师GTO,TV,43,1999-06-30,阿部記之,山口亮太、菅良幸、西園悟、十川誠志,高木渉、折笠富美子、岡本嘉子、岡野浩介、関智一、矢薙直樹、野田順子、三石琴乃、千葉一伸、緑川光、諏訪部順一、川澄綾子、岡村明美、浅井清己、本田貴子、亜城めぐ、白鳥由里、古谷徹、緑川光、関智一、村井かずさ、チョー、豊後敦子、御友公喜、掛川裕彦、千葉一伸、古谷徹、中田和宏、鈴木勝美、中山さら、本田貴子、矢尾一樹、緒方恵美,7.9,2243,https://lain.bgm.tv/r/400/pic/cover/l/01/89/2045_rRj3a.jpg,https://bangumi.tv/subject/2045
307,机动战士高达 闪光的哈萨维,剧场版,1,2021-06-11,村瀬修功,むとうやすゆき,小野賢章、上田麗奈、諏訪部順一、斉藤壮馬、津田健次郎、石川由依、落合福嗣、武内駿輔、早見沙織、松岡美里、沢城千春、宮崎遊、天﨑滉平、綿貫竜之介、田中光、草野峻平、種﨑敦美、山寺宏一、佐々木望、新祐樹、川村万梨阿、古谷徹,7.9,5663,https://lain.bgm.tv/r/400/pic/cover/l/c5/46/243429_l49P7.jpg,https://bangumi.tv/subject/243429
308,穹庐下的魔女,TV,12,2026-07-04,Abel、Gongora,加藤還一、佐藤寿昭、井上美緒,関根明良、小清水亜美、桑島法子、齋藤潤、雨果、鈴木崚汰、入野自由、下野紘、浪川大輔、野島健児、ニケライ・ファラナーゼ、伊瀬茉莉也、最上嗣生、久野美咲、朝井彩加、新谷真弓、上田燿司、村瀬歩、石橋陽彩、高岡瓶々、前田弘喜、玉鷲一朗、上別府仁資、川田紳司、沼田祐介,7.9,1690,https://lain.bgm.tv/r/400/pic/cover/l/28/41/552533_E9DF9.jpg,https://bangumi.tv/subject/552533
309,狮子王,剧场版,1,1994-06-15,Roger、Allers,,Rowan Atkinson、孫德成、Jeremy Irons、徐健春,7.9,3658,https://lain.bgm.tv/r/400/pic/cover/l/f7/2b/22985_uoFW6.jpg,https://bangumi.tv/subject/22985
310,精灵守护者,TV,26,2007-04-07,神山健治,岡田俊平、菅正太郎、櫻井大樹、神山健治、檜垣亮,安藤麻吹、安達直人、辻谷耕史、真山亜子、浅野まゆみ、広橋涼、野島裕史、西凜太朗、篠原恵美、中博史、楠見尚己、松風雅也、望月健一、川田紳司、石森達幸、小林良也、斧アツシ、巻島康一、小野賢章、長克巳、大友龍三郎、竹若拓磨、麻上洋子、山口勝平、笹田貴之、斧アツシ、増田裕生、福原耕平、北川米彦、福圓美里、紗ゆり、紗ゆり、藤原啓治、立木文彦,7.9,1835,https://lain.bgm.tv/r/400/pic/cover/l/dd/05/1976_2u2H8.jpg,https://bangumi.tv/subject/1976
311,玉响～毕业写真～,OVA,4,2015-05-08,佐藤順一,山田由香、ハラダサヤカ、平見瞠、吉田玲子,竹達彩奈、阿澄佳奈、井口裕香、儀武ゆう子、葉月絵理乃、大原さやか、宮本佳那子、寿美菜子、広橋涼、福井裕佳梨、東山奈央、茅野愛衣、内田彩、飯塚麻結、福井裕佳梨、間島淳司、西村ちなみ、緒方恵美、松尾佳子、中田譲治、松来未祐、佐藤利奈,7.9,933,https://lain.bgm.tv/r/400/pic/cover/l/2b/30/109869_w5vOo.jpg,https://bangumi.tv/subject/109869
312,来自深渊 漂泊之黄昏,剧场版,1,2019-01-18,小島正幸,小柳啓伍、倉田英之,富田美憂、伊瀬茉莉也、井澤詩織、森川智之、喜多村英梨、水瀬いのり、大原さやか、豊崎愛生、田村睦心、沼倉愛美、坂本真綾、原奈津子,7.9,3053,https://lain.bgm.tv/r/400/pic/cover/l/2c/34/240799_Q3XyO.jpg,https://bangumi.tv/subject/240799
313,辉夜大小姐想让我告白?～天才们的恋爱头脑战～,TV,12,2020-04-11,小俣真一,中西やすひろ、菅原雪絵,古賀葵、古川慎、大地葉、小原好美、鈴木崚汰、富田美憂、花守ゆみり、麻倉もも、八代拓、市ノ瀬加那、福原遥、日高里菜、鈴代紗弓、子安武人、山本格、上田麗奈、朝井彩加、朝日奈丸佳、高田憂希、高野麻里佳、小澤亜李、河西健吾、森田順平、岡野友佑、小野将夢、掛川裕彦、本泉莉奈、村田太志、石狩勇気、貫井柚佳、青山穣,7.9,24556,https://lain.bgm.tv/r/400/pic/cover/l/36/16/293049_0e0re.jpg,https://bangumi.tv/subject/293049
314,咒术回战 死灭回游 前篇,TV,12,2026-01-08,御所園翔太,瀬古浩司,榎木淳弥、内田雄馬、浪川大輔、日髙のり子、榊原良子、緒方恵美、花澤香菜、小松未可子、井上麻里奈、遊佐浩二、日向未南、園部啓一、白熊寛嗣、千葉翔也、武井和歩、田所陽向、日野由利加、西村知道、釘宮理恵、関智一、黒田崇矢、三木眞一郎、逢沢ゆりか、新谷真弓、麦人、中井和哉、榊原優希、龜岡孝洋、櫻井孝宏、ニーコ、木村良平、杉田智和、園崎未恵、鶴岡聡、青山穣、逢坂良太、高階俊嗣、小澤亜李、野津山幸宏、水樹奈々、東地宏樹、竹内順子、竹本英史、斉藤壮馬、中村悠一、遠藤綾、山寺宏一、諏訪部順一、徳井青空、佐藤元、津田美波、熊谷海麗、魚建、千葉繁、豊永利行、林原めぐみ、早見沙織、伊瀬茉莉也、鷲見昂大、ケンドーコバヤシ、榊原良子、津田健次郎、林勇、木村昴、瀬戸麻沙美,7.9,7327,https://lain.bgm.tv/r/400/pic/cover/l/ab/77/472741_MqsB8.jpg,https://bangumi.tv/subject/472741
315,无头骑士异闻录,TV,26,2010-01-07,大森貴弘,高木登、根元歳三、村井さだゆき、太田愛、吉永亜矢,沢城みゆき、豊永利行、宮野真守、花澤香菜、神谷浩史、小野大輔、大原桃子、悠木碧、福山潤、伊瀬茉莉也、中村悠一、梶裕貴、高垣彩陽、寺島拓篤、堀江一眞、小林沙苗、伊瀬茉莉也、黒田崇矢、藤原啓治、大塚明夫、うえだゆうじ、小山力也、小西克幸、福圓美里、岸尾だいすけ、沖佳苗、中原麻衣、高木渉、遠藤大輔、伊丸岡篤、大塚芳忠、戸松遥、岡本信彦、伊藤健太郎、松風雅也、井口祐一、宮島依里、ささきのぞみ、さかいかな、金元寿子、喜多村英梨、藤田咲、高橋伸也、安元洋貴、松岡文雄、小野坂昌也、あおきさやか,7.9,14167,https://lain.bgm.tv/r/400/pic/cover/l/18/43/2463_FGJkn.jpg,https://bangumi.tv/subject/2463
316,×××HOLiC◆继,TV,13,2008-04-03,水島努,横手美智子、大川七瀬、平見瞠、櫻井大樹、谷村大四郎,大原さやか、福山潤、中井和哉、伊藤静、こじまかずこ、矢島晶子、武藤寿美、日高里菜、中井和哉,7.9,3194,https://lain.bgm.tv/r/400/pic/cover/l/e8/f2/2896_Lhk5E.jpg,https://bangumi.tv/subject/2896
317,机动战舰抚子号,TV,26,1996-10-01,佐藤竜雄,會川昇、荒川稔久、首藤剛志、あかほりさとる、川崎ヒロユキ、堺三保、佐藤竜雄,うえだゆうじ、桑島法子、伊藤健太郎、高野直子、岡本麻弥、南央美、飛田展男、関智一、小杉十郎太、小野健一、真殿光昭、一城みゆ希、田中信夫、松井菜桜子、川上とも子、大谷育江、横山智佐、長沢美樹、菊池志穂、置鮎龍太郎、永島由子、関智一、大塚明夫、菅原淳一、川上とも子、矢島晶子、松澤由美、中川玲、本井えみ、中川玲、真殿光昭、小野健一、飛田展男、南央美、横山智佐、小杉十郎太、岡野浩介、安井邦彦、中川玲、柳沢栄治、桜井弘明,7.9,1858,https://lain.bgm.tv/r/400/pic/cover/l/2b/8a/515_WDLV4.jpg,https://bangumi.tv/subject/515
318,红线,剧场版,1,2010-10-09,小池健,石井克人、榎戸洋司、櫻井大樹,木村拓哉、蒼井優、津田寛治,7.9,3584,https://lain.bgm.tv/r/400/pic/cover/l/d6/f8/8726_C8wW0.jpg,https://bangumi.tv/subject/8726
319,月色真美,TV,12,2017-04-06,岸誠二,柿原優子,千葉翔也、小原好美、田丸篤志、村川梨衣、白石晴香、筆村栄心、金子誠、石見舞菜香、鈴木美園、千菅春香、井上ほの花、広瀬裕也、石井マーク、熊谷健太郎、東山奈央、岩中睦樹、岡和男、井上喜久子、岩田光央、斎藤千和、前川涼子,7.9,16779,https://lain.bgm.tv/r/400/pic/cover/l/a8/41/207573_95N29.jpg,https://bangumi.tv/subject/207573
320,剧场版 空之境界 第一章 俯瞰风景,剧场版,1,2007-12-01,あおきえい,平松正樹,坂本真綾、鈴村健一、本田貴子、田中理恵、藤村歩,7.9,12040,https://lain.bgm.tv/r/400/pic/cover/l/e1/65/233_x22mT.jpg,https://bangumi.tv/subject/233
321,高分少女,TV,12,2018-07-13,山川吉樹,冨田頼子、イシノアツオ、浦畑達彦,天﨑滉平、鈴代紗弓、広瀬ゆうき、赤﨑千夏、新井里美、興津和幸、山下大輝、伊藤静、チョー、御堂ダリア、武虎、杉田智和、中村悠一、植田佳奈、安元洋貴、八百屋杏、立木文彦、折笠富美子、うえだゆうじ、永野善一、若本規夫、鳥海浩輔、江川大輔、杉崎亮、三宅健太、佐々木義人、高橋信、石狩勇気、貫井柚佳、川井田夏海、石谷春貴、篠原侑、佐々木詩帆、稗田寧々、依田菜津、大塚琴美、金子彩花、香坂さき、小林千晃、梶原岳人、飯田友子、森千早都、広瀬裕也、菊池幸利、大塚芳忠,7.9,6451,https://lain.bgm.tv/r/400/pic/cover/l/79/bb/91205_WzBkF.jpg,https://bangumi.tv/subject/91205
322,死神 千年血战篇,TV,13,2022-10-10,田口智久,田口智久、平松正樹,森田成一、于正昇、折笠富美子、杉山紀彰、松岡由貴、安元洋貴、伊藤健太郎、三木眞一郎、高岡瓶々、桑島法子、樫井笙人、久川綾、小野坂昌也、置鮎龍太郎、佐倉綾音、大塚明夫、杉田智和、朴璐美、立木文彦、中尾隆聖、石川英郎、山口太郎、鈴木崚汰、樫井笙人、櫻井孝宏、ゆかな、青山穣、宮田幸季、佐久間紅美、西凜太朗、生天目仁美、神田朱未、小西克幸、松谷彼哉、Dina Sherman、望月久代、檜山修之、福山潤、奥田啓人、松本考平、斉木美帆、羽多野渉、楠見尚己、志村知幸、恒松あゆみ、上田燿司、佐藤利奈、山本祥太、丹沢晃之、平松晶子、高木渉、東地宏樹、菅生隆之、速水奨、遊佐浩二、森川智之、緒方恵美、金田朋子、子安武人、郷里大輔、武田華、原田ひとみ、佐久間紅美、石塚さより、瀬那歩美、森川智之、大原さやか、成田剣、能登麻美子、甲斐田裕子、菅生隆之、梅原裕一郎、武内駿輔、竹達彩奈、内山夕実、松岡禎丞、山寺宏一、田中秀幸、土師孝也、金光宣明、間宮康弘、KENN、藤原貴弘、駒田航、濱野大輝、上田麗奈、倉富亮、山口りゅう、高橋伸也、諏訪部順一、真殿光昭、稲田徹、于正昇、小野友樹、山下大輝、瀬戸麻沙美、前野智昭、小林裕介、斧アツシ、五十嵐麗、石川界人、最上嗣生、古川慎、藤原貴弘,7.9,4683,https://lain.bgm.tv/r/400/pic/cover/l/b7/58/302286_s3o3E.jpg,https://bangumi.tv/subject/302286
323,银魂剧场版 完结篇 万事屋永不落,剧场版,1,2013-07-06,藤田陽一,大和屋暁,杉田智和、林協忠、釘宮理恵、林凱羚、阪口大助、江志倫、ゆきのさつき、中井和哉、林凱羚、太田哲治、島田敏、南央美、甲斐田裕子、山寺宏一、磯部勉,7.9,3663,https://lain.bgm.tv/r/400/pic/cover/l/03/3c/67217_Jdg2z.jpg,https://bangumi.tv/subject/67217
324,GOTCHA！,未知,1,2020-09-29,松本理恵,,,7.9,863,https://lain.bgm.tv/r/400/pic/cover/l/79/84/316007_KkQOZ.jpg,https://bangumi.tv/subject/316007
325,失忆投捕,TV,12,2024-04-09,中園真登,横手美智子、池田臨太郎,いなせあおい、増田俊樹、永瀬アンナ、宮野真守、阿座上洋平、島﨑信長、梶裕貴、山谷祥生、大塚剛央、石井マーク、河西健吾、鈴木崚汰、佐藤元、木村隼人、藤沼建人、金尾哲夫、杉田智和、柳田淳一、木島隆一、高橋信、愛河里花子、上田瞳、井上ほの花、落合福嗣、村井雄治,7.9,6785,https://lain.bgm.tv/r/400/pic/cover/l/70/80/448478_47IsZ.jpg,https://bangumi.tv/subject/448478
326,碧蓝之海,TV,12,2018-07-13,高松信司,井上堅二、高松信司,内田雄馬、安済知佳、木村良平、阿澄佳奈、安元洋貴、小西克幸、内田真礼、行成とあ、江口拓也、榎木淳弥、花江夏樹、ロバート・ウォーターマン、川田紳司、福山潤、山北早紀、井口裕香、茅野愛衣、儀武ゆう子、水樹奈々、斉藤次郎、速水奨、渡邉允瑠、喜多田悠、木内太郎、伊藤ゆいな、河野ひより、渡辺はるか,7.9,18081,https://lain.bgm.tv/r/400/pic/cover/l/1f/13/235130_suy3s.jpg,https://bangumi.tv/subject/235130
327,剧场版 空之境界 第三章 痛觉残留,剧场版,1,2008-02-09,小船井充,平松正樹,坂本真綾、能登麻美子、鈴村健一、本田貴子、藤村歩、高橋研二、浅沼晋太郎、飯田浩志、中村悠一、新田万紀子、安元洋貴、大竹みゆ,7.9,10811,https://lain.bgm.tv/r/400/pic/cover/l/f2/20/767_T9VD9.jpg,https://bangumi.tv/subject/767
328,妖精森林的小不点,TV,13,2018-01-12,安藤正臣,吉田玲子、國澤真理子、大河内一楼,松田利冴、下地紫野、悠木碧、安済知佳、松風雅也、緒方恵美、新谷真弓、生天目仁美、榊原良子、中原麻衣、土田大、津田健次郎、高橋李依、小倉唯、小松未可子、竹内良太、諏訪部順一、竹内栄治、M・A・O、内山夕実、渡辺明乃、種﨑敦美、岸尾だいすけ,7.9,3665,https://lain.bgm.tv/r/400/pic/cover/l/7f/25/221726_3J2ko.jpg,https://bangumi.tv/subject/221726
329,伪物语,TV,11,2012-01-07,新房昭之,木澤行人、中本宗応,神谷浩史、喜多村英梨、井口裕香、坂本真綾、堀江由衣、斎藤千和、三木眞一郎、早見沙織、白石涼子、沢城みゆき、花澤香菜、加藤英美里,7.9,15220,https://lain.bgm.tv/r/400/pic/cover/l/8e/28/23161_y2AEb.jpg,https://bangumi.tv/subject/23161
330,剑风传奇 黄金时代篇III 降临,剧场版,1,2013-02-01,窪岡俊之,大河内一楼,行成とあ、岩永洋昭、竹内絢子、櫻井孝宏、寿美菜子、藤原貴弘、勝部演之、矢尾一樹、茶風林、小川真司、梶裕貴、中村悠一、大塚明夫、沢城みゆき、竹達彩奈、三宅健太、松本ヨシロウ,7.9,2413,https://lain.bgm.tv/r/400/pic/cover/l/29/b9/45241_0gKOk.jpg,https://bangumi.tv/subject/45241
331,回忆积木小屋,剧场版,1,2008-06-10,加藤久仁生,平田研也,,7.9,1544,https://lain.bgm.tv/r/400/pic/cover/l/5f/df/11658_zOBNP.jpg,https://bangumi.tv/subject/11658
332,Fate/Grand Order Memorial Movie 2023,未知,1,2023-07-30,周浩嵩,,,7.9,1432,https://lain.bgm.tv/r/400/pic/cover/l/f8/2e/432404_C5ksQ.jpg,https://bangumi.tv/subject/432404
333,宇宙战舰大和号2199,TV,26,2013-04-07,榎本明広,出渕裕、森田繁、武半慎吾、村井さだゆき、大野木寛,小野大輔、桑島法子、鈴村健一、菅生隆之、千葉繁、大塚芳忠、チョー、麦人、井上喜久子、山寺宏一、細谷佳正、内田彩、佐藤利奈、田中理恵、久川綾、中村繪里子、柿原徹也、桑島法子、伊藤静、小川真司、江原正士、森谷里美、國分和人、諏訪部順一、ふくまつ進紗、木島隆一、土田大、高城元気、伊勢文秀、藤原啓治、チョー、玄田哲章、赤羽根健治、千葉優輝、平川大輔、中村浩太郎、中田譲治、佐藤せつじ、秋元羊介、三浦綾乃、石塚運昇、森田順平、岡村明美、関俊彦、はらさわ晃綺、遊佐浩二、宮本充、大塚明夫、若本規夫、堀勝之祐、青山穣、中村浩太郎、茅原実里、広瀬正志、辻親八、里卓哉、吉開清人、たかはし智秋、島香裕、チョー、江川大輔、優希比呂、大川透、小野塚貴志、岡本信彦,7.9,1881,https://lain.bgm.tv/r/400/pic/cover/l/4e/b1/54552_3aP51.jpg,https://bangumi.tv/subject/54552
334,命运石之门 负荷领域的既视感,剧场版,1,2013-04-20,若林漢二,花田十輝,宮野真守、今井麻美、田村ゆかり、花澤香菜、関智一、後藤沙緒里、小林ゆう、桃井はるこ、てらそままさき、山本彩乃,7.9,14722,https://lain.bgm.tv/r/400/pic/cover/l/b2/b8/23119_9qxMO.jpg,https://bangumi.tv/subject/23119
335,鲁邦三世 卡里奥斯特罗之城,剧场版,1,1979-12-15,宮崎駿,宮崎駿、山崎晴哉,山田康雄、増山江威子、納谷悟朗、島本須美、小林清志、井上真樹夫,7.9,1538,https://lain.bgm.tv/r/400/pic/cover/l/75/88/314_b5NVD.jpg,https://bangumi.tv/subject/314
336,宝可梦,TV,276,1997-04-01,日高政光,首藤剛志、冨岡淳広、園田英樹、武上純希、大橋志吉、藤田伸三、米村正二,大谷育江、松本梨香、飯塚雅弓、謝佼娟、林美秀、曹玉敏、傅其慧、林凱羚、宮村優子、うえだゆうじ、関智一、林原めぐみ、三木眞一郎、犬山イヌコ、林原めぐみ、愛河里花子、愛河里花子、愛河里花子、愛河里花子、石塚運昇、愛河里花子、芝原チヤコ、石塚運昇、石塚運昇、豊嶋真千子、大谷育江、三木眞一郎、うえだゆうじ、田中真弓、古島清孝、愛河里花子、冬馬由美、小西克幸、愛河里花子、冬馬由美、山寺宏一、山寺宏一、石塚運昇、小林優子、かないみか、豊島まさみ、山口由里子、立木文彦、氷上恭子、福島おりね、川村万梨阿、大塚芳忠、荒木香衣、上田敏也、森川智之、千葉進歩、井上和彦、川田紳司、広瀬正志、ゆきのさつき、石田彰、石川寛美、松風雅也、角田信朗、山田美穂、かかずゆみ、清川元夢、坂口候一、三田ゆう子、芝原チヤコ、鈴置洋孝、市村正親、釘宮理恵、釘宮理恵、三木眞一郎、方树桥、马洋、石塚運昇,7.9,4826,https://lain.bgm.tv/r/400/pic/cover/l/a7/4c/3019_FfZq3.jpg,https://bangumi.tv/subject/3019
337,飞出个未来 第6季,TV,26,2010-06-24,未知,,,8.1,147,https://lain.bgm.tv/r/400/pic/cover/l/23/f0/5753_ffsql.jpg,https://bangumi.tv/subject/5753
338,少年同盟 2,TV,13,2012-04-02,神戸守,花田十輝、吉田玲子、平林佐和子、國澤真理子,森優子、内山昂輝、木村良平、大内茜、小野友樹、内山夕実、豊永利行、日野まり、平田真菜、入野自由、佐藤美由希、鳥海浩輔、梶裕貴、矢作紗友里、茅野愛衣、遠藤綾、能登麻美子、蒼井翔太、岡本信彦、雨蘭咲木子、原紗友里、森優子、大内茜,7.9,2138,https://lain.bgm.tv/r/400/pic/cover/l/be/0b/29421_5R1KO.jpg,https://bangumi.tv/subject/29421
339,水星领航员 The BENEDIZIONE,剧场版,1,2021-12-03,名取孝浩,佐藤順一,斎藤千和、皆川純子、中原麻衣、水橋かおり、葉月絵理乃、大原さやか、水橋かおり、西村ちなみ、広橋涼、佐藤利奈、茅野愛衣、渡辺明乃、平松晶子、島本須美,7.9,846,https://lain.bgm.tv/r/400/pic/cover/l/47/80/329948_R8LC8.jpg,https://bangumi.tv/subject/329948
340,机动战舰抚子号 暗黑王子,剧场版,1,1998-08-08,佐藤竜雄,佐藤竜雄,南央美、うえだゆうじ、桑島法子、一城みゆ希、三石琴乃、林原めぐみ,7.9,1359,https://lain.bgm.tv/r/400/pic/cover/l/f3/f2/516_bjohn.jpg,https://bangumi.tv/subject/516
341,马男波杰克3,TV,12,2016-07-22,未知,,,8.0,401,https://lain.bgm.tv/r/400/pic/cover/l/7c/7b/186881_mzn3N.jpg,https://bangumi.tv/subject/186881
342,侧耳倾听,剧场版,1,1995-07-15,近藤喜文,宮崎駿,本名陽子、楊小黎、高橋一生、夏治世、周寧,7.9,4712,https://lain.bgm.tv/r/400/pic/cover/l/ce/e6/500_22CDB.jpg,https://bangumi.tv/subject/500
343,高分少女 EXTRA STAGE,OVA,3,2019-03-20,山川吉樹,イシノアツオ、浦畑達彦、冨田頼子,天﨑滉平、鈴代紗弓、広瀬ゆうき、赤﨑千夏、新井里美、興津和幸、山下大輝、伊藤静、チョー、井澤詩織、安元洋貴、三宅健太、佐々木義人、八百屋杏,7.9,3289,https://lain.bgm.tv/r/400/pic/cover/l/1a/82/262277_JHzXs.jpg,https://bangumi.tv/subject/262277
344,魔卡少女樱 被封印的卡片,剧场版,1,2000-07-15,浅香守生,大川七瀬,丹下桜、許淑嬪、くまいもとこ、賀世芳、賀世芳、官志宏、岩男潤子、魏晶琦、緒方恵美、魏晶琦、周寧、緒方恵美、ゆかな、謝佼娟,7.9,3476,https://lain.bgm.tv/r/400/pic/cover/l/51/9c/1942_Mo1rw.jpg,https://bangumi.tv/subject/1942
345,RWBY预告片,WEB,4,2012-11-07,Monty、Oum,,Lindsay Jones、Kara Eberle、Arryn Zech、Barbara Dunkelman、Garrett Hunter、Gray G. Haddock、Jack Pattillo,7.9,1447,https://lain.bgm.tv/r/400/pic/cover/l/9e/9e/57995_RfxZQ.jpg,https://bangumi.tv/subject/57995
346,游戏王－怪兽之决斗,TV,224,2000-04-18,杉島邦久,早川正、武上純希、前川淳、十川誠志、櫻井大樹、鈴木やすゆき、吉田伸、稲荷昭彦、面出明美,長浜満里子、風間俊介、馮美麗、風間俊介、馮美麗、津田健次郎、矢澤喜代美、劉傑、長浜満里子、高橋広樹、齊藤真紀、菊池英博、近藤孝行、井上瑤、松本梨香、劉傑、松本梨香、井上瑤、劉傑、岩永哲哉、木村亜希子、木村亜希子、岩永哲哉、白石重雄、官志宏、七緒はるひ、野川さくら、島本須美、KONTA、竹内順子、内藤玲、宮澤正、鮭延未可、津田健次郎、矢澤喜代美、中川里江、佐々木望、上別府仁資、石井康嗣、中尾友紀、小嶋一成、島本須美、佐々木望、川中子雅人、海津義孝、水島裕、池田政典、たがみかおり、いずみ尚、園岡新太郎、杉野田ぬき、鶴岡聡、横山智佐、川原慶久、長浜満里子、家村幸成、前田剛、えまおゆう、高乃麗、中村悠一、中尾友紀、浪川大輔、駒田一、津田英佑、薛宏美、田中理恵、鈴木真仁、子安武人、水島裕、石井康嗣、松山鷹志、西村仁、伊藤舞子、岩崎征実、小村哲生、中尾友紀、緒乃冬華、小嶋一成、石橋美佳、並木のり子、水野理紗、屋良有作、竹本英史、樋口智恵子、長瀬博高、石川大介、宍戸留美、永野善一、喜安浩平、ふじたれいこ、薛宏美、日比野朱里、モリノリ久、園崎未恵、郷田ほづみ、仙台エリ、木内秀信、長浜満里子、小高三良、又村奈緒美、堀田勝、増田裕生、井関佳子、下崎紘史、山崎みちる、平野貴裕、冨田真、岡崎雅紘、蓮岳大、松本忍、竹尾一真、深見梨加、岸祐二、池田政典、風間勇刀,7.9,3411,https://lain.bgm.tv/r/400/pic/cover/l/72/98/6390_uU96Z.jpg,https://bangumi.tv/subject/6390
347,人类衰退之后,TV,12,2012-07-01,岸誠二,熊谷純、上江洲誠、綾奈ゆにこ,中原麻衣、福山潤、石塚運昇、沢城みゆき、水樹奈々、中根久美子、小笠原早紀、金元寿子、山田きのこ、佐藤なる美、あおきさやか、真田アサミ、小林由美子、坂本千夏、矢部雅史、ささきのぞみ、辻あゆみ、明坂聡美、新井里美、檜山修之、間宮くるみ、金元寿子、伊藤静、野川さくら、柚木涼香、川村万梨阿,7.9,9119,https://lain.bgm.tv/r/400/pic/cover/l/41/39/26449_G0Xzx.jpg,https://bangumi.tv/subject/26449
348,马男波杰克6 下,TV,8,2020-01-31,未知,,,8.1,175,https://lain.bgm.tv/r/400/pic/cover/l/89/23/299277_8Xhv8.jpg,https://bangumi.tv/subject/299277
349,蜘蛛侠：纵横宇宙,剧场版,1,2023-06-02,JoaquimDosSantos、KempPowers、JustinK.Thompson,Phil Lord、Christopher Miller,Jake Johnson、宮野真守、彭昱畅、小野賢章、Hailee Steinfeld、虞书欣、悠木碧、吴迪、Oscar Isaac、関智一、Mahershala Ali、Donald Glover、尹仲敏、稲田徹、Brian Tyree Henry、乃村健次、Tobey Maguire、Andrew Garfield,7.9,5326,https://lain.bgm.tv/r/400/pic/cover/l/82/57/282413_CX6cl.jpg,https://bangumi.tv/subject/282413
350,娜娜,TV,50,2006-04-05,浅香守生,金春智子、浦畑達彦、筆安一幸,土屋アンナ、朴璐美、KAORI.、関智一、川原慶久、石田彰、木内秀信、森川智之、OLIVIA、平野綾、勝杏里、本田貴子、諏訪部順一、高橋広樹、小島めぐみ、かないみか、立木文彦、千葉紗子、すほうれいこ、浜田賢二、藤井啓輔,7.9,3959,https://lain.bgm.tv/r/400/pic/cover/l/7d/04/486_Pk550.jpg,https://bangumi.tv/subject/486
351,种树的牧羊人,剧场版,1,1988,Frédéric、Back,,,7.9,420,https://lain.bgm.tv/r/400/pic/cover/l/bd/83/112419_2JaKH.jpg,https://bangumi.tv/subject/112419
352,剧场版 Fate/stay night [Heaven's Feel] III.spring song,剧场版,1,2020-08-15,須藤友徳,桧山彬、ufotable、ufotable,杉山紀彰、下屋則子、門脇舞以、神谷浩史、中田譲治、七緒はるひ、植田佳奈、伊藤美紀、宮川美保、沢木郁也、川澄綾子、立花慎之介、津嘉山正種、浅川悠、諏訪部順一、稲田徹、西前忠久、水沢史絵、上田燿司、大原さやか、茅野愛衣、真殿光昭,7.8,10810,https://lain.bgm.tv/r/400/pic/cover/l/2c/bf/175600_4wcTq.jpg,https://bangumi.tv/subject/175600
353,辉夜大小姐想让我告白～天才们的恋爱头脑战～,TV,12,2019-01-12,小俣真一,中西やすひろ、菅原雪絵,古賀葵、古川慎、小原好美、鈴木崚汰、花守ゆみり、麻倉もも、八代拓、鈴代紗弓、子安武人、市ノ瀬加那、山本格、天城サリー、朝井彩加、朝日奈丸佳、小澤亜李、津田英三、小松未可子、山口令悟、佐藤晴男、丸山壮史、石狩勇気、木野日菜、嶺内ともみ、相馬康一、青山穣,7.8,27582,https://lain.bgm.tv/r/400/pic/cover/l/2a/f7/248175_2w4zT.jpg,https://bangumi.tv/subject/248175
354,哈尔的移动城堡,剧场版,1,2004-11-20,宮崎駿,宮崎駿,倍賞千恵子、林兰、刘芊含、王景平、劉小芸、木村拓哉、于适、李勇、王凯、美輪明宏、蔡明、伍凤春、劉傑、我修院達也、李勇、赵震、尹正、神木隆之介、杨恩又、陳若甄、伊嵜充則、大泉洋、阿云嘎、于正昌、大塚明夫、趙明哲、肖央、张云明、康殿宏、原田大二郎、加藤治子、崔幗夫、张欣,7.8,12126,https://lain.bgm.tv/r/400/pic/cover/l/95/0a/312_LmAan.jpg,https://bangumi.tv/subject/312
355,蓦然回首,剧场版,1,2024-06-28,押山清高,押山清高,河合優実、姜英俊、吉田美月喜、沈欣如、宮島岳史、森川智之、徳留慎乃佑、坂本真綾、高橋大輔、遠藤璃菜,7.8,12722,https://lain.bgm.tv/r/400/pic/cover/l/fa/a8/480441_6o9oX.jpg,https://bangumi.tv/subject/480441
356,蜘蛛侠：平行宇宙,剧场版,1,2018-12-14,BobPersichetti、PeterRamsey、RodneyRothman,Phil Lord、Stan Lee,Jake Johnson、宮野真守、孟慶府、彭昱畅、小野賢章、Hailee Steinfeld、陳貞伃、悠木碧、Kimiko Glenn、吴迪、詹雅菁、高橋李依、Mahershala Ali、尹仲敏、稲田徹、Brian Tyree Henry、符爽、刘北辰、乃村健次、Oscar Isaac、関智一,7.9,6304,https://lain.bgm.tv/r/400/pic/cover/l/51/80/232067_h3t8A.jpg,https://bangumi.tv/subject/232067
357,笑园漫画大王,TV,26,2002-04-08,錦織博,大河内一楼、大久保智康、吉永亜矢、玉井☆豪、小黒祐一郎,樋口智恵子、桑島法子、松岡由貴、金田朋子、浅川悠、田中理恵、大前茜、野川さくら、平松晶子、久川綾、石井康嗣、大原さやか,7.9,2723,https://lain.bgm.tv/r/400/pic/cover/l/cc/1a/977_5rRBg.jpg,https://bangumi.tv/subject/977
358,迷宫饭,TV,24,2024-01-04,宮島善博,うえのきみこ、樋口七海、佐藤裕,熊谷健太郎、依田菜津、千本木彩花、泊明日菜、大隈健太、中博史、早見沙織、神戸光歩、三木晶、川田紳司、加藤渉、高橋李依、富田美憂、奈良徹、河村螢、広瀬裕也、井上和彦、所河ひとみ、高橋良輔、長谷川育美、小林ゆう、森田涼花、野上翔、後藤光祐、村瀬迪与、志村知幸、日笠陽子、志田有彩、鬼頭明里、古谷佳乃、内山昂輝、村瀬歩、伊瀬茉莉也、武田華、菊池こころ、岸尾だいすけ、篠原侑、高木渉、真木駿一、菊池通武、蓮岳大、宮田浩徳、熊谷海麗、水森ちこ、大塚芳忠、飛田展男、中村和正、島田愛野、林幸矢、吉本元喜、松川裕輝、真木駿一、村井雄治、裕树、三上哲,7.8,17740,https://lain.bgm.tv/r/400/pic/cover/l/c5/88/395378_jztpO.jpg,https://bangumi.tv/subject/395378
359,无限的未知,TV,26,1999-10-06,谷口悟朗,黒田洋介、竹田裕一郎,白鳥哲、保志総一朗、関智一、桑島法子、丹下桜、桜井敏治、桜井敏治、南央美、檜山修之、堀江由衣、愛河里花子、氷上恭子、檜山修之、佐久間レイ、氷上恭子、南央美、豊口めぐみ、愛河里花子、島田敏、千葉一伸、豊口めぐみ、江川央生、遠近孝一、遠近孝一、永澤菜教、保志総一朗、江川央生、若本規夫、永澤菜教、堀内賢雄、中嶋聡彦、菅原正志、遠近孝一、辻親八、愛河里花子、豊口めぐみ,7.9,1778,https://lain.bgm.tv/r/400/pic/cover/l/13/6f/1937_F2s22.jpg,https://bangumi.tv/subject/1937
360,美妙旋律 Rainbow Live,TV,51,2013-04-06,菱田正和,本田雅也、菱田正和、井内秀治、村上桃子、坪田文,加藤英美里、芹澤優、小松未可子、佐倉綾音、戸松遥、後藤沙緒里、内田真礼、宍戸留美、森久保祥太郎、柿原徹也、前野智昭、増田俊樹、三木眞一郎、関俊彦、中嶋ヒロ、高山みなみ、伊藤かな恵,8.0,287,https://lain.bgm.tv/r/400/pic/cover/l/da/39/62285_zcb5F.jpg,https://bangumi.tv/subject/62285
361,勇者王GaoGaiGar Final Grand Glorious Gathering,TV,12,2005-04-11,矢立肇,竹田裕一郎、北嶋博明、米たにヨシトモ,檜山修之、半場友恵、伊藤舞子、紗ゆり、吉田小南美、真殿光昭、かかずゆみ、紗ゆり、石井康嗣、江川央生、ならはしみき、石川ひろあき、カシワクラツトム、緒方賢一、岩田光央、吉田小南美、山田真一、山田真一、山田真一、山田真一、山田真一、山田真一、小西克幸、小西克幸、江川央生、岩田光央、川澄綾子、真殿光昭、小林清志、中博史、有馬瑞香、青野武、カシワクラツトム、梁田清之、半場友恵、田村ゆかり、田村ゆかり、田村ゆかり,8.0,343,https://lain.bgm.tv/r/400/pic/cover/l/9f/f0/2981_QGdCY.jpg,https://bangumi.tv/subject/2981
362,宇宙骑士BLADE,TV,49,1992-02-18,ねぎしひろし,関島眞頼、あかほりさとる、岸間信明、川崎ヒロユキ、千葉克彦、渡辺誓子、山下久仁明、あみやまさはる,森川智之、鈴置洋孝、池田勝、水谷優子、子安武人、林原めぐみ、松本保典、横山智佐、飯塚昭三、中原茂、堀内賢雄、飛田展男、飛田展男,7.9,822,https://lain.bgm.tv/r/400/pic/cover/l/6b/57/2481_msJP0.jpg,https://bangumi.tv/subject/2481
363,悠哉日常大王 Nonstop OAD,OVA,1,2022-03-23,川面真也,川面真也,小岩井ことり、村川梨衣、佐倉綾音、阿澄佳奈、久野美咲、新谷良子、佐藤利奈、福圓美里、名塚佳織、下地紫野,7.9,1915,https://lain.bgm.tv/r/400/pic/cover/l/93/19/343176_YLeRR.jpg,https://bangumi.tv/subject/343176
364,异邦人 无皇刃谭,剧场版,1,2007-09-29,安藤真裕,高山文彦,知念侑李、長瀬智也、山寺宏一,7.8,5140,https://lain.bgm.tv/r/400/pic/cover/l/1c/df/4014_e6u34.jpg,https://bangumi.tv/subject/4014
365,小马宝莉：友谊就是魔法 第二季,TV,26,2011-09-17,未知,,Tara Strong、洪海天、沢城みゆき,7.9,1040,https://lain.bgm.tv/r/400/pic/cover/l/3d/ff/35858_3hPZO.jpg,https://bangumi.tv/subject/35858
366,交响情人梦Finale,TV,11,2010-01-14,今千秋,横谷昌宏、大野木寛、吉田玲子、丸尾みほ,川澄綾子、関智一、大原さやか、日野聡、金光宣明、興津和幸、須藤絵里花、石井真、安元洋貴、青山穣,7.9,1929,https://lain.bgm.tv/r/400/pic/cover/l/b0/71/3478_1LJKF.jpg,https://bangumi.tv/subject/3478
367,狼与香辛料,TV,13,2008-01-08,高橋丈夫,荒川稔久,小清水亜美、福山潤、名塚佳織、中原麻衣、大塚芳忠、浪川大輔、水野龍司、花輪英司、小室正幸、松本大、星野充昭、辻親八、郷田ほづみ、名村幸太朗、堀内賢雄,7.8,11949,https://lain.bgm.tv/r/400/pic/cover/l/6a/9a/282_yTm70.jpg,https://bangumi.tv/subject/282
368,佐贺偶像是传奇 梦想银河乐园,剧场版,1,2025-10-24,佐藤威、石田貴史,村越繁,宮野真守、本渡楓、田野アサミ、種田梨沙、河瀬茉希、衣川里佳、田中美海、三石琴乃、吉野裕行、高戸靖広、奈良徹、木村良平、かぬか光明、佐藤せつじ、小山剛志、松下こみな、古賀葵、納富ももこ、花澤香菜、小野大輔、多田野曜平、江頭宏哉、木村良平、本泉莉奈、和氣あず未、有浦定幸、秋元羊介、田村ゆかり、堀江由衣、仲村宗悟、山路和弘、塩田朋子、大川透、藤野真梨亜、青山穣、星野充昭、井上剛、柳田淳一、吉田有里、根谷美智子、相馬康一、神田みか、永牟田萌、猪股慧士、皆森水希、藤善みき、永峰新、岡野友佑、胡麻鶴彩、野瀬育二、堀総士郎、臼木健士朗、佐藤はな,7.9,2259,https://lain.bgm.tv/r/400/pic/cover/l/65/6e/353181_3ksLx.jpg,https://bangumi.tv/subject/353181
369,漂流少年,TV,12,2021-07-15,夏目真悟,夏目真悟,市川蒼、大西沙織、悠木碧、小林千晃、後藤ヒロキ、内藤有海、佐藤はな、上田燿司、山本祥太、荻野佳奈、加隈亜衣、津田健次郎、大川透、松野太紀、園崎未恵、長谷川芳明、中島卓也、引坂理絵、竹達彩奈、遊佐浩二、古川慎、島田敏、佐藤はな、悠木碧、津田匠子、後藤ヒロキ、辻親八、尾崎由香,7.8,10142,https://lain.bgm.tv/r/400/pic/cover/l/30/fb/332649_32TAQ.jpg,https://bangumi.tv/subject/332649
370,玛丽和马克思,剧场版,1,2009-04-09,Adam、Elliot,Adam Elliot,,7.9,888,https://lain.bgm.tv/r/400/pic/cover/l/05/c0/41189_HVAi6.jpg,https://bangumi.tv/subject/41189
371,火柴人 VS 数学,未知,1,2023-06-24,未知,,,7.9,659,https://lain.bgm.tv/r/400/pic/cover/l/7f/7b/448689_WnW5l.jpg,https://bangumi.tv/subject/448689
372,相合之物,TV,12,2022-04-06,追崎史敏,雨宮ひとみ、吉田玲子、上座梟,渡辺はるか、島﨑信長、結木梢、小山力也、大原さやか、岩崎ひろし、ゆきのさつき、永塚拓馬、鈴木みのり、髙橋ミナミ、早見沙織、松岡禎丞、坂本真綾、上田瞳、下妻由幸、広瀬裕也、森嶋優花、綾瀬みゆう、遠近孝一、吉田美保、松岡美里、伊藤彩沙、小岩井ことり、北野更、魚建,7.8,10547,https://lain.bgm.tv/r/400/pic/cover/l/41/49/333664_d4Py9.jpg,https://bangumi.tv/subject/333664
373,天体战士,TV,26,2008-10-03,岸誠二,上江洲誠、中村浩二郎,髙木俊、山田ルイ53世、イッキ、ひぐち君、鍋井まき子、斧アツシ、斧アツシ、松本忍、間宮くるみ、イッキ、奥田維城、Michael Rivas、鍋井まき子、柿原徹也、あおきさやか、斧アツシ、イッキ、イッキ、柴田秀勝、イッキ、河西智美、板野友美、村瀬克輝、髙木俊、イッキ、鍋井まき子、中村俊洋、広瀬正志、斧アツシ、松本忍、斧アツシ、髙木俊、松本忍、つぶやきシロー、中村俊洋、イッキ、斧アツシ、イッキ、松本忍、葛城政典、イッキ、イッキ、松本忍,7.9,1339,https://lain.bgm.tv/r/400/pic/cover/l/8f/46/968_k8lyP.jpg,https://bangumi.tv/subject/968
374,第一神拳,TV,76,2000-10-03,西村聡,西川真剛、杉原研二、中村亮介、加茂靖子、浦畑達彦、筆安一幸、荒西大介,喜安浩平、孫國卿、小山力也、孫德成、関智一、内海賢二、藤原啓治、高木渉、小林沙苗、小野坂昌也、田中正彦、相沢まさき、真殿光昭、石塚運昇、森川智之、寺内よりえ、小林正寛、神奈延年、岡村明美、チョー、立木文彦、てらそままさき、辻谷耕史、松野太紀、長谷部浩一、並木伸一、小林優子、平田広明、梁田清之、永井一郎、吉野裕行、田村ゆかり、大中寛子、浅野真澄、江川央生、鉄野正豊、上田敏也、山口由里子、堀之紀、峰あつ子、秋元羊介、龍田直樹、堀本等、大西健晴、園部啓一、神代知衣、大倉正章、岸野幸正、川上とも子、森しん、清川元夢、中博史、有馬瑞香、小松由佳、家中宏、鳳芳野、日高奈留美、石野竜三、土師孝也、中村大樹、園部好徳、鈴森勘司、杉山佳寿子、北村弘一、堀川仁、堀川仁,7.9,436,https://lain.bgm.tv/r/400/pic/cover/l/4c/fb/10419_9Z98T.jpg,https://bangumi.tv/subject/10419
375,灵能百分百,TV,12,2016-07-11,立川譲,瀬古浩司,伊藤節生、櫻井孝宏、大塚明夫、入野自由、松岡禎丞、細谷佳正、藤村歩、種﨑敦美、佐武宇綺、羽多野渉、渡辺智美、武藤与志則、中嶋佳葉、藤原啓治、小野塚貴志、酒井敬幸、山下誠一郎、濱野大輝、綿貫竜之介、野瀬育二、関俊彦、武内駿輔、松岡禎丞、小岩井ことり、茅野愛衣、上田燿司、堂坂晃三、赤﨑千夏、林勇、櫻井トオル、山下誠一郎、遊佐浩二、ふくまつ進紗、東内マリ子、天﨑滉平、福沙奈恵、桑畑裕輔、花倉桔道、花倉桔道、木村珠莉、君嶋哲、濱野大輝、関俊彦、西凜太朗、綿貫竜之介、山下誠一郎、高木渉、佐藤利奈、三木眞一郎、渡辺明乃、細谷佳正、立木文彦、鶴岡聡、小見川千明、柳田淳一、勝杏里、原優子、大久保瑠美、岩崎ひろし、桐井大介、國立幸、綿貫竜之介、巻島康一、井上和彦、貫井柚佳、新田ひより、千菅春香、橋本栞里、吉本元喜、大塚明夫,7.8,16977,https://lain.bgm.tv/r/400/pic/cover/l/2b/85/158316_gz1mM.jpg,https://bangumi.tv/subject/158316
376,南方公园 第16季,TV,14,2012-03-14,未知,Trey Parker,Trey Parker、Matt Stone、Mona Marshall,7.9,428,https://lain.bgm.tv/r/400/pic/cover/l/b0/20/33491_3L5So.jpg,https://bangumi.tv/subject/33491
377,马男波杰克2,WEB,12,2015-07-17,未知,,,7.9,467,https://lain.bgm.tv/r/400/pic/cover/l/4c/8f/144087_TwhtS.jpg,https://bangumi.tv/subject/144087
378,天体战士 第2期,TV,26,2009-10-03,松本剛彦,上江洲誠、中村浩二郎,髙木俊、山田ルイ53世、間宮くるみ、河西智美、あおきさやか、市来光弘、中村俊洋,7.9,901,https://lain.bgm.tv/r/400/pic/cover/l/32/1c/2611_vIR1N.jpg,https://bangumi.tv/subject/2611
379,苍穹之法芙娜 EXODUS,TV,13,2015-01-08,羽原信義,冲方丁,喜安浩平、石井真、松本まりか、仲西環、福圓美里、梶裕貴、小林沙苗、新井里美、白石稔、島﨑信長、小野賢章、石川由依、佐々木望、白石涼子、田中正彦、土師孝也、篠原恵美、葛城七穂、石川静、高瀬右光、ゆかな、諸星すみれ、京田尚子、てらそままさき、遠藤綾、佐々木りお、岡本信彦、潘めぐみ、森田成一、大友龍三郎、置鮎龍太郎、鳳芳野、中村悠一、鈴木達央、浅倉杏美、世戸さおり、小松美智子、相川奈都姫、沢井美優、内田直哉、勝杏里、櫻井智、宇乃音亜季、鈴木清信、木村雅史、小林さやか、藤原貴弘、竹内順子、最上嗣生、鷄冠井美智子,7.8,1516,https://lain.bgm.tv/r/400/pic/cover/l/c0/98/60901_X9O9i.jpg,https://bangumi.tv/subject/60901
380,有顶天家族,TV,13,2013-07-07,吉原正行,檜垣亮、菅正太郎,櫻井孝宏、諏訪部順一、吉野裕行、中原麻衣、能登麻美子、井上喜久子、野島裕史、梅津秀行、石原凡、飛田展男、畠山航輔、西地修哉、佐倉綾音、樋口武彦、保村真、小川真司、間宮康弘、清川元夢、高橋良吉、青山穣、斧アツシ、山岸治雄,7.8,6157,https://lain.bgm.tv/r/400/pic/cover/l/c1/0e/68035_252p4.jpg,https://bangumi.tv/subject/68035
381,鲁邦三世,TV,26,2015-10-01,矢野雄一郎,吉田恵里香、高橋悠也、稲本達郎、鈴木智尋,栗田貫一、小林清志、沢城みゆき、山寺宏一、浪川大輔、藤井ゆきよ、咲野俊介、山野井仁,7.9,1169,https://lain.bgm.tv/r/400/pic/cover/l/b5/50/115661_f2yzy.jpg,https://bangumi.tv/subject/115661
382,剧场版 进击的巨人 完结篇 THE LAST ATTACK,剧场版,1,2024-11-08,林祐一郎,諫山創（别册少年マガジン／讲谈社）、岸友洋,,7.8,1923,https://lain.bgm.tv/r/400/pic/cover/l/07/1e/508708_Z8Za5.jpg,https://bangumi.tv/subject/508708
383,名侦探柯南 贝克街的亡灵,剧场版,1,2002-04-20,こだま兼嗣,野沢尚,高山みなみ、丘梅君、李世荣、山口勝平、阿杰、劉傑、山崎和佳奈、季冠霖、賀世芳、神谷明、袁光麟、张遥函、井上和彦、陳宗岳、康殿宏、李景唐、吴凌云、林原めぐみ、許雲雲、阎萌萌、岩居由希子、山新、高木渉、劉傑、张磊、大谷育江、刘校妤、賀世芳、折笠愛、幽舞越山、賀世芳、緒方恵美、小连杀、許雲雲、高乃麗、乔菲菲、愛河里花子、賀世芳、刘知否、斎賀みつき、山新、田中秀幸、陈思宇、康殿宏、緒方賢一、陳宗岳、郭政建、茶風林、张闻天、李景唐、松井菜桜子、佟心竹、平田広明、康殿宏、巴赫、藤本譲、陳宗岳、李铫、依田英助、傅晨阳、袁光麟、堀部隆一、陳宗岳、邢凯新、千葉一伸、张磊、劉傑、袁光麟、小林清志、周健、康殿宏、速水奨、魅影之声、李景唐、島本須美、张喆、許雲雲、はやみけい、四刀辉彰、津嘉山正種、李楠、袁光麟、島本須美、张喆、許雲雲、折笠愛、賀世芳、幽舞越山、田中秀幸、陈思宇、康殿宏、百々麻子,7.8,8736,https://lain.bgm.tv/r/400/pic/cover/l/0f/21/2972_bBpub.jpg,https://bangumi.tv/subject/2972
384,我心里危险的东西,TV,12,2023-04-01,赤城博昭,花田十輝,羊宮妃那、堀江瞬、朝井彩加、潘めぐみ、種﨑敦美、岡本信彦、佐藤元、田村ゆかり、芹澤優、西村ちなみ、皆口裕子、福山潤、乃村健次、佐藤はな、福島潤、豊崎愛生、島﨑信長、朝日奈丸佳、日向未南、國府咲月、佐藤はな、二階堂結,7.8,15772,https://lain.bgm.tv/r/400/pic/cover/l/01/ee/394260_VMqvV.jpg,https://bangumi.tv/subject/394260
385,秀逗魔导士NEXT,TV,26,1996-04-05,渡部高志,高山治郎、長谷川勝己、花田十輝、千葉克彦、渡辺誓子、山田靖智,林原めぐみ、汪世瑋、松本保典、李香生、緑川光、于正昌、鈴木真仁、施依琳、謝佼娟、安西正弘、于正昌、冬馬由美、龍顯蕙、石村知子、龍顯蕙、伊倉一恵、施依琳、石田彰、張文俊,7.8,1196,https://lain.bgm.tv/r/400/pic/cover/l/19/4c/2096_H4T11.jpg,https://bangumi.tv/subject/2096
386,成龙历险记 第二季,TV,39,2001-09-08,未知,,James Sie、赵岭、石丸博也、张璐、本名陽子、赵震、石井隆夫、赵震、吴汉章、楠見尚己、张璐、Charles Shaughnessy、Clancy Brown、浦山迅、Clancy Brown、Michael T. Weiss、James Sie、浦山迅,7.8,2335,https://lain.bgm.tv/r/400/pic/cover/l/a0/aa/334399_S02Ho.jpg,https://bangumi.tv/subject/334399
387,狼与香辛料 第二季,TV,12,2009-07-08,高橋丈夫,荒川稔久,小清水亜美、福山潤、渡辺明乃、千葉紗子、朴璐美、中原麻衣、小山力也、豊崎愛生、内田夕夜、牛山茂、廣田行生、笹島かほる、赤城進、柳沢真由美、石井隆夫、溝邉祐子、中山さら、松本大、名村幸太朗,7.8,8438,https://lain.bgm.tv/r/400/pic/cover/l/0f/3d/1512_1HCN1.jpg,https://bangumi.tv/subject/1512
388,古立特宇宙,剧场版,1,2023-03-24,雨宮哲,長谷川圭一、雨宮哲,緑川光、広瀬裕也、斉藤壮馬、宮本侑芽、榎木淳弥、若山詩音、梅原裕一郎、安済知佳、濱野大輝、高橋良輔、小西克幸、悠木碧、松風雅也、新谷真弓、三森すずこ、鬼頭明里、鈴村健一、高橋花林、上田麗奈、月森湖子、稲田徹、神奈延年、内田真礼、小西克幸、折笠富美子、小尾昌也、安済知佳,7.8,6917,https://lain.bgm.tv/r/400/pic/cover/l/76/b8/362335_VhtRE.jpg,https://bangumi.tv/subject/362335
389,终将成为你,TV,13,2018-10-05,加藤誠,花田十輝,高田憂希、寿美菜子、茅野愛衣、松田颯水、市川太一、野上翔、寺崎裕香、小原好美、中原麻衣、森なな子、小松未可子、河西健吾、興津和幸、東内マリ子、芳野由奈、櫻井浩美、千本木彩花、梶原岳人,7.8,10889,https://lain.bgm.tv/r/400/pic/cover/l/bc/72/243981_J20I2.jpg,https://bangumi.tv/subject/243981
390,佐贺偶像是传奇 复仇,TV,12,2021-04-08,境宗久,村越繁、吉村清子,宮野真守、本渡楓、田野アサミ、種田梨沙、河瀬茉希、衣川里佳、田中美海、三石琴乃、吉野裕行、高戸靖広、奈良徹、木村良平、かぬか光明、佐藤せつじ、小山剛志、徳井青空、古賀葵、納富ももこ、大塚芳忠、花澤香菜、白竜、高山みなみ、阿部カノン、宮野真守、内山昂輝、本泉莉奈、和氣あず未、田村ゆかり、堀江由衣、山路和弘,7.8,9361,https://lain.bgm.tv/r/400/pic/cover/l/02/c7/287488_1FJYC.jpg,https://bangumi.tv/subject/287488
391,JOJO的奇妙冒险 不灭钻石,TV,39,2016-04-01,津田尚克,小林靖子、ヤスカワショウゴ、筆安一幸、猪爪慎一,小野友樹、大地葉、齋藤小浪、高木渉、梶裕貴、小野大輔、櫻井孝宏、能登麻美子、森川智之、原紗友里、佐藤利奈、石塚運昇、森久保祥太郎、千葉繁、山口勝平、河西健吾、下和田ヒロキ、鶴岡聡、坂本千夏、川島得愛、浜田賢二、志村知幸、東内マリ子、遠近孝一、石井真、川田妙子、大原さやか、谷山紀章、加瀬康之、Mark Whitten、中原麻衣、水橋かおり、豊口めぐみ、伊藤静、宝亀克寿、楠見尚己、嶋村侑、武田華、長尾歩、大川透,7.8,15538,https://lain.bgm.tv/r/400/pic/cover/l/d0/d5/150490_h8ffV.jpg,https://bangumi.tv/subject/150490
392,即使如此小镇依然转动,TV,12,2010-10-07,石黒正数（少年画報社「ヤングキングアワーズ」連載）,高山カツヒコ、大嶋実句,小見川千明、矢澤りえか、悠木碧、櫻井孝宏、松来未祐、入野自由、大原めぐみ、杉田智和、白石涼子、桜井敏治、田村睦心、仙台エリ、小野友樹、松来未祐、加藤英美里、ゆきのさつき、金光宣明、千葉繁、黒田崇矢、上田燿司,7.8,5701,https://lain.bgm.tv/r/400/pic/cover/l/3f/8e/7883_NLYr5.jpg,https://bangumi.tv/subject/7883
393,战国鬼才传,TV,39,2011-04-07,真下耕一,川崎ヒロユキ,大倉孝二、田中信夫、小山力也、江原正士、田中秀幸、鶴見辰吾、豊口めぐみ、飯塚昭三、鷹嘴翼、広瀬正志、家中宏、千田光男、鈴木清信、仲木隆司、坪井智浩、磯部勉、大林隆介、山口理恵、家中宏、三木眞一郎、石丸博也、川島得愛、堀勝之祐、小林修、田中完、金光宣明、黒田崇矢、酒巻光宏、佐々木啓夫、家中宏、金山一彦、幸田夏穂、柴田秀勝、柚木涼香、具志堅用高、酒巻光宏、石田太郎、中井和哉、柿原徹也、森ひろ子、鈴木琢磨、勝杏里、四宮豪、檜山修之、槙口みき,7.9,558,https://lain.bgm.tv/r/400/pic/cover/l/52/9e/10436_7vesV.jpg,https://bangumi.tv/subject/10436
394,夏目友人帐 柒,TV,12,2024-10-07,伊藤秀樹,大森貴弘、村井さだゆき、大野木寛、吉永亜矢,神谷浩史、井上和彦、小林沙苗、沢城みゆき、佐藤利奈、木村良平、伊藤美紀、伊藤栄次、チョー、下崎紘史、ゆきのさつき、堀江一眞、石田彰、諏訪部順一、菅沼久義、岡村明美、黒田崇矢、川澄綾子、樋口あかり、松山鷹志、知桐京子、土井美加、髙坂篤志、山路和弘、小夏ゆみこ、園崎未恵、小林操、藤原聖侑、茅野愛衣、中務貴幸、弦徳、中村光樹、小高三良、三上哲、吉富英治、市原彰人、藤原聖侑、松川裕輝、M・A・O、増田竜馬、野路ももこ、古川伴睦、小田切茜、藤沼建人、高橋雛子、福山潤、二又一成、中務貴幸、新井里美、置鮎龍太郎、石川由依、津田健次郎、岩崎ひろし、河原木志穂、上田佳耶、竹田海渡、斉藤次郎,7.8,1834,https://lain.bgm.tv/r/400/pic/cover/l/05/aa/443676_6GFsu.jpg,https://bangumi.tv/subject/443676
395,THE BIG-O,TV,26,1999-10-13,片山一良,小中千昭、長谷川圭一、赤星政尚、吉田伸,宮本充、矢島晶子、清川元夢、玄田哲章、篠原恵美、辻親八、石塚運昇、堀勝之祐、納谷悟朗、大塚芳忠、二又一成、紗ゆり、田村ゆかり,7.8,1153,https://lain.bgm.tv/r/400/pic/cover/l/8a/0e/697_7hDJH.jpg,https://bangumi.tv/subject/697
396,俗・再见绝望先生,TV,13,2008-01-05,新房昭之,小黒祐一郎,神谷浩史、野中藍、谷井あすか、小林ゆう、後藤邑子、松来未祐、矢島晶子、矢島晶子、斎藤千和、水島大宙、上田燿司、神谷浩史、井上喜久子、子安武人、寺島拓篤、真田アサミ、真田アサミ、井上麻里奈、沢城みゆき、真田アサミ、新谷良子、沢城みゆき,7.8,3851,https://lain.bgm.tv/r/400/pic/cover/l/94/f6/300_LIiA3.jpg,https://bangumi.tv/subject/300
397,少女与战车 最终章 第4话,OVA,1,2023-10-06,水島努,吉田玲子,渕上舞、竹内仁美、能登麻美子、喜多村英梨、生天目仁美、茅野愛衣、尾崎真実、中上育実、井口裕香、福圓美里、高橋美佳子、植田佳奈、菊地美香、吉岡麻耶、桐村まり、中村桜、仙台エリ、森谷里美、井上優佳、大橋歩夕、中里望、多田このみ、山岡ゆり、秋奈、井澤詩織、井澤詩織、井澤詩織、山本希望、石原舞、金元寿子、喜多村英梨、葉山いくみ、倉田雅世、上坂すみれ、佐倉綾音、高森奈津美、大地葉、米澤円、七瀬亜深、明坂聡美、石原舞、倉田雅世、高森奈津美、福圓美里、植田佳奈、井口裕香、竹達彩奈、吉岡麻耶、早見沙織、大地葉、金元寿子、上坂すみれ、Jenya、仙台エリ、葉山いくみ、森谷里美、上坂すみれ、上坂すみれ、瀬戸麻沙美、大空直美、米澤円、七瀬亜深、下地紫野、石上美帆、若山詩音、多田このみ、茅野愛衣、中上育実、中里望、明坂聡美、椎名へきる、津田美波、川澄綾子、原由実、瀬戸麻沙美、東山奈央、中村桜、大橋歩夕、飯沼南実、橋本ちなみ、橋本ちなみ,7.8,1818,https://lain.bgm.tv/r/400/pic/cover/l/be/28/208827_KZk6h.jpg,https://bangumi.tv/subject/208827
398,苍穹之法芙娜 EXODUS 第2部分,TV,13,2015-10-02,羽原信義,冲方丁,喜安浩平、石井真、松本まりか、小林沙苗、仲西環、福圓美里、梶裕貴、新井里美、白石稔、島﨑信長、小野賢章、石川由依、入野自由、木村良平、佐々木望、白石涼子、田中正彦、土師孝也、篠原恵美、葛城七穂、石川静、高瀬右光、ゆかな、諸星すみれ、京田尚子、てらそままさき、遠藤綾、佐々木りお、岡本信彦、潘めぐみ、森田成一、大友龍三郎、置鮎龍太郎、鳳芳野、内田直哉、勝杏里、中村悠一、宇乃音亜季、鈴木達央、浅倉杏美、世戸さおり、小松美智子、相川奈都姫、沢井美優、鈴木清信、木村雅史、藤原貴弘、竹内順子、最上嗣生、鷄冠井美智子、櫻井智、石川静,7.8,1186,https://lain.bgm.tv/r/400/pic/cover/l/e9/4e/130230_L1SIp.jpg,https://bangumi.tv/subject/130230
399,搞笑漫画日和,TV,12,2005-02-07,大地丙太郎,増田こうすけ（集英社『月刊少年ジャンプ』連載）,前田剛、佐藤なる美、前田剛、内藤玲、前田剛、竹本英史、矢部雅史、矢部雅史、矢部雅史、前田剛、前田剛、うえだゆうじ、名塚佳織、内藤玲、矢部雅史、うえだゆうじ、前田剛、名塚佳織、那須めぐみ、三瓶由布子、伊藤実華、名塚佳織、前田剛、矢部雅史、うえだゆうじ、矢部雅史、前田剛、内藤玲、名塚佳織、うえだゆうじ、名塚佳織、名塚佳織、伊藤実華、名塚佳織,7.8,6498,https://lain.bgm.tv/r/400/pic/cover/l/cf/05/2461_1cE1d.jpg,https://bangumi.tv/subject/2461
400,剑豪生死斗,TV,12,2007-07-19,浜崎博嗣,水上清資,浪川大輔、佐々木望、篠原恵美、桑島法子、矢尾一樹、加藤精三,7.8,1698,https://lain.bgm.tv/r/400/pic/cover/l/66/93/4010_4IYa1.jpg,https://bangumi.tv/subject/4010
401,街角魔族 2丁目,TV,12,2022-04-07,桜井弘明,大知慶一郎、大場小ゆり,小原好美、鬼頭明里、髙橋ミナミ、高柳知葉、千本木彩花、諏訪彩花、大和田仁美、大原さやか、松山鷹志、伊藤彩沙、金元寿子、ファイルーズあい、柏野昌俊、古賀葵、柏野昌俊、石狩勇気、梅津秀行,7.8,8686,https://lain.bgm.tv/r/400/pic/cover/l/ef/d3/313852_550li.jpg,https://bangumi.tv/subject/313852
402,电影 Star☆Twinkle 光之美少女 满怀思念的星之歌,剧场版,1,2019-10-19,田中裕太,田中仁,成瀬瑛美、小原好美、安野希世乃、小松未可子、上坂すみれ、木野日菜、吉野裕行、伊藤美紀、知念里奈,7.9,353,https://lain.bgm.tv/r/400/pic/cover/l/38/a6/282759_PMVrV.jpg,https://bangumi.tv/subject/282759
403,魔法少女奈叶 The MOVIE 2nd A’s,剧场版,1,2012-07-14,草川啓造,都築真紀,田村ゆかり、水樹奈々、植田佳奈、清水香里、真田アサミ、柚木涼香、一条和矢、久川綾、高橋美佳子、大原さやか、水橋かおり、桑谷夏子、松岡由貴、阪田佳代、釘宮理恵、清水愛、佐久間紅美、五十嵐麗、水樹奈々、浅野真澄、ゆかな、平井啓二、柿原徹也、小林沙苗、ヘフェリン・アレクサンドラ、Donna Burke、Kevin J.England、柿原徹也、柿原徹也,7.8,1681,https://lain.bgm.tv/r/400/pic/cover/l/2e/e5/35679_r1c11.jpg,https://bangumi.tv/subject/35679
404,佐贺偶像是传奇,TV,12,2018-10-04,境宗久,村越繁、ますもとたくや,宮野真守、本渡楓、田野アサミ、種田梨沙、河瀬茉希、衣川里佳、田中美海、三石琴乃、吉野裕行、奈良徹、木村良平、かぬか光明、佐藤せつじ、小山剛志、徳井青空、古賀葵、納富ももこ、大塚芳忠、本泉莉奈、和氣あず未、高戸靖広、田村聖子、有浦定幸、秋元羊介、松下こみな、仲村宗悟,7.8,14929,https://lain.bgm.tv/r/400/pic/cover/l/a4/ef/252655_8X396.jpg,https://bangumi.tv/subject/252655
405,马男波杰克4,TV,12,2017-09-08,未知,,,7.9,263,https://lain.bgm.tv/r/400/pic/cover/l/89/23/219654_7QMLX.jpg,https://bangumi.tv/subject/219654
406,疯狂约会美丽都,剧场版,1,2003,Sylvain、Chomet,Sylvain Chomet,,7.9,661,https://lain.bgm.tv/r/400/pic/cover/l/56/57/4038_Uju6f.jpg,https://bangumi.tv/subject/4038
407,现视研2,TV,12,2007-10-09,よしもときんじ,横手美智子、木尾士目,大山鎬則、斎賀みつき、ゆきのさつき、檜山修之、関智一、乃村健次、川澄綾子、水橋かおり、石田彰、後藤邑子、甲斐田ゆき、高木礼子、中尾衣里、斎藤桃子、遠藤綾、井口裕香,7.8,2942,https://lain.bgm.tv/r/400/pic/cover/l/27/15/1219_6W5mx.jpg,https://bangumi.tv/subject/1219
408,机动警察,TV,47,1989-10-11,吉永尚之,伊藤和典、押井守、星山博之、木村直人、横手美智子、高橋哲子、有栖ひばり、出渕裕、並木敏、吉永尚之、須釜重美,冨永みーな、大林隆介、古川登志夫、池水通洋、井上瑤、二又一成、榊原良子、郷里大輔、阪脩、千葉繁、鈴置洋孝、土師孝也、勝生真沙子、よこざわけい子、西村知道、林原めぐみ、TARAKO、辻村真人,7.8,1488,https://lain.bgm.tv/r/400/pic/cover/l/d7/c1/8484_K4VAE.jpg,https://bangumi.tv/subject/8484
409,凡人修仙传 新年番,WEB,48,2023-11-25,王裕仁、林宇昂,王裕仁、林宇昂,钱文青、刘蕊、林昭言、高启帆、胡良伟、赵铭洲、巴赫、周健、婕希、刘思岑、故里、张予佟,7.8,1509,https://lain.bgm.tv/r/400/pic/cover/l/9b/65/406306_ggR7l.jpg,https://bangumi.tv/subject/406306
410,飞出个未来 第1季,TV,13,1999-03-28,未知,,,7.9,394,https://lain.bgm.tv/r/400/pic/cover/l/ad/01/28065_rkZF3.jpg,https://bangumi.tv/subject/28065
411,银魂剧场版 新译红樱篇,剧场版,1,2010-04-24,高松信司,大和屋暁,杉田智和、矢口アサミ、林協忠、釘宮理恵、林凱羚、阪口大助、賀宇傑、子安武人、高橋美佳子、高松信司、石田彰、杉本ゆう、林凱羚、青山穣、早水リサ、茶風林、中井和哉、鈴村健一、太田哲治、山寺宏一,7.8,3592,https://lain.bgm.tv/r/400/pic/cover/l/60/dc/4475_ZATYj.jpg,https://bangumi.tv/subject/4475
412,蜡笔小新：决一胜负！逆袭的机器人爸爸,剧场版,1,2014-04-19,高橋渉,中島かずき,矢島晶子、蔣篤慧、ならはしみき、王瑞芹、藤原啓治、于正昇、こおろぎさとみ、吳貴竹、真柴摩利、吳貴竹、武井咲、真柴摩利、吳貴竹、林玉緒、楊凱凱、一龍斎貞友、宋昱璁、佐藤智恵、于正昇、大滝進矢、遊佐浩二、檜山修之、中村大樹、宋昱璁,7.8,1323,https://lain.bgm.tv/r/400/pic/cover/l/f7/61/92412_byHBI.jpg,https://bangumi.tv/subject/92412
413,罗小黑战记 众生之门篇,WEB,12,2021-04-24,李根、郑立刚、顾杰,MTJJ、顾杰,山新、花澤香菜、山新、佐倉綾音、刘明月、宮野真守、陈思宇、チョー、李璐、大塚芳忠、山新、潘めぐみ、山新、鬼頭明里、藤新、河田吉正、藤新、花輪英司、夏侯落枫、新垣樽助、宝木中阳、野島健児、图特哈蒙、石狩勇気、豊崎愛生、林帽帽、檜山修之、叮当、三瓶由布子、林帽帽、岡井カツノリ、阎么么、夏吉ゆうこ、叶知秋、伊瀬茉莉也、沈欣如、若山詩音、瞳音、高橋伸也、李轻扬、柴田あいばん、阎么么、藤原夏海、藤新、池田恭祐、阎么么、河実里夏、黑特、藍原ことみ、黄渤、相馬康一、杨凝、藍原ことみ、杨凝、藍原ことみ,7.8,3261,https://lain.bgm.tv/r/400/pic/cover/l/dd/f5/294880_0Pevc.jpg,https://bangumi.tv/subject/294880
414,玲音,TV,13,1998-07-06,中村隆太郎,小中千昭,清水香里、大林隆介、川澄綾子、五十嵐麗、速水奨、浅田葉子、石川ひろあき、佐藤美佳子、堀川仁、一木美名子、菅原正志、山野井仁、渋谷茂、鈴木英一郎、八戸優、乃村健次、室園丈裕、井上和彦、野島健児、成田剣、佐藤政道、伊藤美紀、立木文彦、千葉繁、川崎恵理子、大津田裕美、川崎恵理子、荒川美奈子,7.8,6924,https://lain.bgm.tv/r/400/pic/cover/l/7e/83/2582_9JJ3u.jpg,https://bangumi.tv/subject/2582
415,灵异E接触,TV,13,2011-01-10,加藤敏幸,鈴木雅詞、筆安一幸、花田十輝,浪川大輔、子安武人、細谷佳正、高塚正也、朝比奈拓見、明坂聡美、金田アキ、金谷ヒデユキ、笹島かほる、大原桃子、高倉有加、高梁碧、小林ゆう、中川翔子、日野聡、立木文彦,7.8,3880,https://lain.bgm.tv/r/400/pic/cover/l/a8/69/9853_RFMwS.jpg,https://bangumi.tv/subject/9853
416,小马宝莉：友谊就是魔法 第四季,TV,26,2013-11-23,未知,,Tara Strong、洪海天、塙真奈美,7.8,735,https://lain.bgm.tv/r/400/pic/cover/l/11/a0/89536_VOtPt.jpg,https://bangumi.tv/subject/89536
417,剧场版 空之境界 俯瞰风景3D,剧场版,1,2013-07-13,あおきえい,平松正樹,,7.8,671,https://lain.bgm.tv/r/400/pic/cover/l/50/10/336522_gCSDY.jpg,https://bangumi.tv/subject/336522
418,月刊少女野崎君,TV,12,2014-07-06,山﨑みつえ,中村能子,中村悠一、小澤亜李、岡本信彦、小野友樹、中原麻衣、木村良平、沢城みゆき、三宅健太、小野大輔、川澄綾子、三宅麻理恵、宮野真守、東恭平,7.8,22287,https://lain.bgm.tv/r/400/pic/cover/l/a0/20/100449_d101j.jpg,https://bangumi.tv/subject/100449
419,向阳素描×蜂窝,TV,12,2012-10-04,新房昭之,大嶋実句、長谷川菜穂子,阿澄佳奈、水橋かおり、後藤邑子、新谷良子、原田ひとみ、小見川千明、釘宮理恵、松来未祐、チョー、桑谷夏子、沢城みゆき、福圓美里、蒼樹うめ,7.8,1259,https://lain.bgm.tv/r/400/pic/cover/l/ac/b4/37819_PwcEd.jpg,https://bangumi.tv/subject/37819
420,阿基拉,剧场版,1,1988-07-16,大友克洋,大友克洋、橋本以蔵,岩田光央、佐々木望、小山茉美、草尾毅、石田太郎、伊藤福恵、神藤一弘,7.8,5921,https://lain.bgm.tv/r/400/pic/cover/l/4f/fb/5118_bhfEM.jpg,https://bangumi.tv/subject/5118
421,校园迷糊大王 二学期,TV,26,2006-04-02,金﨑貴臣,ときたひろこ、金春智子、江夏由結、丸尾みほ、高橋ナツコ,小清水亜美、高橋広樹、能登麻美子、堀江由衣、小西大樹、生天目仁美、清水香里、川田紳司、岸尾だいすけ、吉野裕行、泰勇気、MAKO、市来光弘、髙木俊、本橋尚土、近江知永、冨田真、保村真、田所ちさ、山﨑美智、平川大輔、大谷美貴、花村怜美、洞内愛、山本麻里安、秋田まどか、山本麻里安、川原元幸、茂木智子、宮本克哉、檜山修之、小林ゆう、安元洋貴、志村知幸、福井裕佳梨、伊瀬茉莉也、大谷美貴、浅川悠、平野綾、大原さやか、保村真、上別府仁資、安元洋貴、三瓶由布子、矢作紗友里、佐藤利奈、前田剛、安元洋貴、石井康嗣、かないみか,7.8,2967,https://lain.bgm.tv/r/400/pic/cover/l/dc/5d/1878_bO9qG.jpg,https://bangumi.tv/subject/1878
422,全金属狂潮 The Second Raid,TV,13,2005-07-13,武本康弘,賀東招二、武本康弘、志茂文彦、山本寛,関智一、ゆきのさつき、ゆかな、根谷美智子、三木眞一郎、西村知道、大塚明夫、篠原恵美、大塚芳忠、田中正彦、沢城みゆき、小山力也、浪川大輔、能登麻美子、木村郁絵、夏樹リオ、吉田小百合、大原さやか、岸野一彦、山口由里子、佐々木望、五王四郎、室園丈裕、田村ゆかり、谷口節,7.8,4717,https://lain.bgm.tv/r/400/pic/cover/l/35/7a/337_WzSea.jpg,https://bangumi.tv/subject/337
423,南方公园 第17季,TV,10,2013-09-25,未知,Trey Parker,Trey Parker、Matt Stone、Trey Parker、Mona Marshall,7.9,356,https://lain.bgm.tv/r/400/pic/cover/l/1d/16/76319_tPhki.jpg,https://bangumi.tv/subject/76319
424,Go! Princess 光之美少女,TV,50,2015-02-01,東堂いづみ(講談社「なかよし」連載,田中仁、高橋ナツコ、香村純子、伊藤睦美、成田良美,嶋村侑、浅野真澄、山村響、沢城みゆき、東山奈央、古城門志帆、立花慎之介、佳村はるか、新谷真弓、真殿光昭、日野聡、甲斐田ゆき、井澤詩織、伊東みやこ、阿部敦、清都ありさ、井上遥乃、東山奈央、佳村はるか、橋本結、千菅春香、植田佳奈、小林裕介、水野理紗、橋本結、新名彩乃、田丸篤志、村田太志、矢部雅史、矢作紗友里、安芸けい子、沢田敏子、横尾まり、松本保典、儀武ゆう子、大原さやか、山崎たくみ、佐古真弓、阪脩、興津和幸、坂本真綾、牧口真幸、木下浩之、篠原恵美、こおろぎさとみ、藤田咲、ゆきのさつき、清水香里、榊原良子、室元気、山下誠一郎、広瀬裕也、中務貴幸、小林さとみ、中博史、高橋李依、松浦愛弓,7.8,664,https://lain.bgm.tv/r/400/pic/cover/l/f5/72/119279_5v8yG.jpg,https://bangumi.tv/subject/119279
425,圣母在上 第4季,TV,13,2009-01-03,加藤敏幸,吉田玲子、真部千晶、吉村元希、高橋ナツコ,植田佳奈、伊藤美紀、釘宮理恵、能登麻美子、清水香里、伊藤静、池澤春菜、小清水亜美、生天目仁美、佐藤利奈、斎藤千和、篠原恵美、生天目仁美、豊口めぐみ、井上麻里奈、市来光弘、檜山修之,7.8,1033,https://lain.bgm.tv/r/400/pic/cover/l/f9/be/1321_wMmWM.jpg,https://bangumi.tv/subject/1321
426,监狱兔 第一季,TV,13,2006-06-28,富岡聡,富岡聡,,7.8,4662,https://lain.bgm.tv/r/400/pic/cover/l/e5/6b/1373_zdYZ5.jpg,https://bangumi.tv/subject/1373
427,海绵宝宝 第二季,TV,20,2000-11-02,StephenHillenburg、PaulTibbitt、ShermCohen等,Stephen Hillenburg,Tom Kenny、陈浩、Bill Fagerbakke、Clancy Brown、张璐、贾小军、Dee Bradley Baker,7.8,927,https://lain.bgm.tv/r/400/pic/cover/l/78/98/110783_ctCT3.jpg,https://bangumi.tv/subject/110783
428,Little Busters! 〜Refrain〜,TV,13,2013-10-05,山川吉樹,島田満,堀江由衣、民安ともえ、緑川光、神奈延年、織田優成、田中涼子、花澤香菜、やなせなつみ、すずきけいこ、若林直美、河原木志穂、飯田友子、大地葉、小林裕介,7.8,4944,https://lain.bgm.tv/r/400/pic/cover/l/e8/98/69484_47lg4.jpg,https://bangumi.tv/subject/69484
429,葫芦兄弟,TV,13,1986-01,胡进庆、葛桂云、周克勤、沈祖慰,姚忠礼、杨玉良、胡进庆,范捷、于鼎、战车、朱莎、倪以临,7.8,4019,https://lain.bgm.tv/r/400/pic/cover/l/91/2d/751_zzyQs.jpg,https://bangumi.tv/subject/751
430,南方公园 第15季,TV,14,2011-04-27,未知,Trey Parker,Trey Parker、Matt Stone、Mona Marshall,7.9,395,https://lain.bgm.tv/r/400/pic/cover/l/1a/5e/16621_a4ZJW.jpg,https://bangumi.tv/subject/16621
431,神枪少女,TV,13,2003-10-08,浅香守生,武上純希、筆安一幸、砂山蔵澄、うえのけいこ,南里侑香、仙台エリ、三橋加奈子、小清水亜美、寺門仁美、横山智佐、能登麻美子,7.8,2477,https://lain.bgm.tv/r/400/pic/cover/l/0e/9d/3304_JvL9C.jpg,https://bangumi.tv/subject/3304
432,听到涛声,TV,1,1993-05-05,望月智充,丹羽圭子,坂本洋子、林凱羚、飛田展男、柳超堅、関俊彦、陳宏瑋、荒木香衣、龍顯蕙、緑川光、天野由梨、崔幗夫、金丸淳一,7.8,3603,https://lain.bgm.tv/r/400/pic/cover/l/3d/c4/513_Any5s.jpg,https://bangumi.tv/subject/513
433,希德尼娅的骑士 第九惑星战役,TV,12,2015-04-10,瀬下寛之,山田哲弥、村越繁、村井さだゆき,逢坂良太、豊崎愛生、洲崎綾、櫻井孝宏、金元寿子、大原さやか、喜多村英梨、田中敦子、新井里美、子安武人、坪井智浩、鳥海浩輔、能登麻美子、佐倉綾音、本田貴子、阪脩、洲崎綾、洲崎綾、洲崎綾、喜山茂雄、宮川美保、金光宣明、石上裕一、小山力也、佐藤利奈、下山吉光、弐瓶勉,7.8,4298,https://lain.bgm.tv/r/400/pic/cover/l/e8/a6/105255_Ldl25.jpg,https://bangumi.tv/subject/105255
434,剧场版 空之境界 未来福音,剧场版,1,2013-09-28,須藤友徳,桧山彬,井口裕香、坂本真綾、鈴村健一、石田彰、金元寿子、本田貴子、東地宏樹、藤村歩、くじら,7.8,6684,https://lain.bgm.tv/r/400/pic/cover/l/2f/ef/43581_gmR7D.jpg,https://bangumi.tv/subject/43581
435,高智能方程式：SIN,OVA,5,1998-12-21,矢立肇,両澤千晶,金丸淳一、三石琴乃、関俊彦、天野由梨、池田秀一、私市淳、久川綾、速水奨、緑川光、松岡洋子、竹村拓、島田敏、置鮎龍太郎、龍田直樹、飯塚昭三、冬馬由美、優希比呂、安達忍、小野健一、勝生真沙子、神奈延年、石村知子、天野由梨,7.8,668,https://lain.bgm.tv/r/400/pic/cover/l/d7/7f/1958_WZ4Zp.jpg,https://bangumi.tv/subject/1958
436,恶魔人 crybaby,WEB,10,2018-01-05,湯浅政明,大河内一楼,山崎智史、内山昂輝、村瀬歩、藤村真優、潘めぐみ、小清水亜美、田中敦子、小山力也、アヴちゃん、津田健次郎、KEN THE 390、木村昴、YOUNG DAIS、般若、AFRA、稲川英里、小原雅人、小林さやか、桐本拓哉、中村千絵、高橋李依、平野潤也、高戸靖広、牛尾憲輔、湯浅政明、永井豪、長江里加,7.8,11969,https://lain.bgm.tv/r/400/pic/cover/l/c2/c7/211311_778A7.jpg,https://bangumi.tv/subject/211311
437,蜡笔小新：风起云涌 壮烈！战国大会战,剧场版,1,2002-04-20,原恵一,原恵一,矢島晶子、蔣篤慧、ならはしみき、呂佩玉、藤原啓治、于正昇、こおろぎさとみ、賀世芳、真柴摩利、賀世芳、真柴摩利、賀世芳、林玉緒、楊凱凱、一龍斎貞友、魏伯勤、佐藤智恵、于正昇,7.8,1369,https://lain.bgm.tv/r/400/pic/cover/l/74/88/8987_943Id.jpg,https://bangumi.tv/subject/8987
438,哪吒闹海,剧场版,1,1979-05-19,严定宪、王树忱、徐景达,王树忱,梁正晖、邱岳峰、富润生、毕克,7.8,1955,https://lain.bgm.tv/r/400/pic/cover/l/d4/e8/13012_v9QuO.jpg,https://bangumi.tv/subject/13012
439,少年同盟,TV,13,2011-10-03,神戸守,花田十輝、吉田玲子、國澤真理子、平林佐和子,森優子、内山昂輝、木村良平、大内茜、小野友樹、内山夕実、豊永利行、日野まり、平田真菜、入野自由、佐藤美由希、鳥海浩輔、梶裕貴、中島沙樹、矢作紗友里、茅野愛衣、遠藤綾、蒼井翔太、岡本信彦、雨蘭咲木子、原紗友里、森優子、大内茜,7.8,2979,https://lain.bgm.tv/r/400/pic/cover/l/9e/6b/14220_4i0Mg.jpg,https://bangumi.tv/subject/14220
440,探险活宝 第八季,TV,28,2016-03-26,未知,,Jeremy Shada,8.1,116,https://lain.bgm.tv/r/400/pic/cover/l/9c/fb/194300_giyyx.jpg,https://bangumi.tv/subject/194300
441,黑礁,TV,12,2006-04-08,片渕須直,片渕須直,浪川大輔、豊口めぐみ、磯部勉、平田広明、小山茉美、森川智之、佐々木優子、富沢美智恵、竹口安芸子,7.8,6028,https://lain.bgm.tv/r/400/pic/cover/l/c3/2d/979_Pw5W0.jpg,https://bangumi.tv/subject/979
442,魔女宅急便,剧场版,1,1989-07-29,宮崎駿,宮崎駿,高山みなみ、楊小黎、許淑嬪、林鈺婷、佐久間レイ、陳季霞、彭月春、信沢三恵子、杜素真、王彬、三浦浩一、于正昇、姜先誠、山口勝平、于正昇、劉傑、小林優子、傅其慧、戸田恵子、陳季霞、杜素真、山寺宏一、于正昇、高山みなみ、劉小芸、杜素真、斉藤昌、崔幗夫、井上喜久子、雷碧文、渕崎ゆり子、雷碧文、加藤治子、崔幗夫、関弘子、錢欣郁、鍵本景子、錢欣郁,7.8,6626,https://lain.bgm.tv/r/400/pic/cover/l/49/6e/305_BuvwV.jpg,https://bangumi.tv/subject/305
443,红发少女安妮,TV,50,1979-01-07,高畑勲,高畑勲、神山征二郎、横田和善、楠葉宏三、荒木芳久,山田栄子、槐柳二、北原文枝、井上和彦、高島雅羅、小山茉美、依田英助、麻生美代子、沢りつお、貴家堂子、清川元夢、青木和代、高木早苗、堀絢子、太地琴恵、太地琴恵、太地琴恵、平井道子、坪井章子、吉田理保子、京田尚子、塩見竜介、高坂真琴、小山茉美、塩屋翼、武藤礼子、政宗一成、加藤正之、中谷ゆみ、鈴木弘子、曽我部和恭、田中亮一、キートン山田、松原雅子、村松康雄、羽佐間道夫,7.9,197,https://lain.bgm.tv/r/400/pic/cover/l/70/e5/18256_wtP2r.jpg,https://bangumi.tv/subject/18256
444,机动战士高达,TV,43,1979-04-07,矢立肇、富野喜幸[富野由悠季],星山博之、松崎健一、荒木芳久、山本優、富野由悠季,古谷徹、池田秀一、鈴置洋孝、井上瑤、古川登志夫、鈴木清信、白石冬美、鵜飼るみ子、飯塚昭三、塩沢兼人、鈴木清信、池田秀一、古川登志夫、二又一成、曽我部和恭、塩沢兼人、二又一成、龍田直樹、鈴木清信、古川登志夫、政宗一成、戸田恵子、玄田哲章、田中秀幸、清川元夢、白石冬美、鵜飼るみ子、井上瑤、池田勝、緒方賢一、曽我部和恭、水鳥鉄夫、飯塚昭三、森功至、広瀬正志、中谷ゆみ、銀河万丈、戸谷公次、塩沢兼人、徳丸完、政宗一成、二又一成、永井一郎、塩沢兼人、戸谷公次、間嶋里美、郷里大輔、永井一郎、佐藤正治、二又一成、塩沢兼人、戸谷公次、永井一郎、永井一郎、銀河万丈、小山茉美、潘恵子、木原正二郎、門谷美佐、潘恵子、永井一郎、市東昭秀、塩沢兼人、佐藤正治、滝雅也、永井一郎、古川登志夫、池田秀一、鈴木清信、古川登志夫、塩沢兼人、森功至、古川登志夫、龍田直樹、鈴木清信、仲木隆司、川浪葉子、沢田敏子、鈴木誠一、塩沢兼人、永井一郎、徳丸完、摩利按世、井上瑤、鈴木れい子、永井一郎、政宗一成、玄田哲章、滝雅也、永井一郎、井上瑤、永井一郎,7.8,5180,https://lain.bgm.tv/r/400/pic/cover/l/c0/c7/50_8rPUO.jpg,https://bangumi.tv/subject/50
445,赌博默示录 破戒录篇,TV,26,2011-04-05,佐藤雄三,広田光毅、高屋敷英夫,萩原聖人、チョー、二又一成、梶雅人、津嘉山正種、浪川大輔、内田直哉、堀内賢雄、遊佐浩二、鳥海浩輔、金光宣明、奈良徹、会一太郎、小野健一、河本邦弘、藤原竜也、立木文彦,7.8,4634,https://lain.bgm.tv/r/400/pic/cover/l/ba/ca/12317_Qqy2H.jpg,https://bangumi.tv/subject/12317
446,机动战士高达 闪光的哈撒韦 TV剪辑版,TV,4,2023-01-15,未知,,,7.9,236,https://lain.bgm.tv/r/400/pic/cover/l/4b/f8/417020_70J02.jpg,https://bangumi.tv/subject/417020
447,现视研,TV,12,2004-10-10,池端隆史,吉田玲子、中瀬理香、高橋ナツコ、池田眞美子、横手美智子、花村こけし、小林靖子、平見瞠,大山鎬則、斎賀みつき、ゆきのさつき、檜山修之、関智一、乃村健次、川澄綾子、清水香里、石田彰,7.8,3918,https://lain.bgm.tv/r/400/pic/cover/l/d0/45/928_qRa5b.jpg,https://bangumi.tv/subject/928
448,我的三体 罗辑传,WEB,11,2016-06-09,神游八方,了溪、神游八方,马正阳、森中人、刘琮、刘琮、张馨予、李昊甲、芥末,7.8,3535,https://lain.bgm.tv/r/400/pic/cover/l/d8/a6/221227_3zJ4G.jpg,https://bangumi.tv/subject/221227
449,银魂 〜无论什么事开始虽然重要但伸个懒腰的话也不错〜,OVA,1,2005-09-24,高松信司,大和屋暁,杉田智和、阪口大助、子安武人、高橋美佳子、石田彰、中井和哉、鈴村健一、杉本ゆう,7.8,917,https://lain.bgm.tv/r/400/pic/cover/l/9a/ea/3153_Z9s63.jpg,https://bangumi.tv/subject/3153
450,再见绝望先生,TV,12,2007-07-07,新房昭之,金巻兼一、高山カツヒコ、久保田雅史,神谷浩史、野中藍、井上麻里奈、谷井あすか、真田アサミ、小林ゆう、沢城みゆき、後藤邑子、新谷良子、松来未祐、上田燿司、水島大宙、矢島晶子、矢島晶子、後藤沙緒里、神谷浩史、谷井あすか、上田燿司、上田燿司、沢城みゆき、水島大宙,7.8,5942,https://lain.bgm.tv/r/400/pic/cover/l/ef/0d/299_0srrf.jpg,https://bangumi.tv/subject/299
451,超智游戏,TV,25,2008-10-07,佐藤雄三,広田光毅、高屋敷英夫,萩原聖人、内海賢二、山口勝平、飯塚昭三、寺島拓篤、内田直哉、奈良徹、古川登志夫、楠大典、飛田展男、西村朋紘、園部好徳、逢坂力、高城元気、大畑伸太郎、徳本恭敏、徳本恭敏、徳本恭敏、逢坂力、高木渉、安井邦彦、松風雅也、大友龍三郎、関智一、鳥海浩輔、徳本恭敏、加瀬康之、園部好徳、亀井三郎、加瀬康之、モリノリ久、小川真司、相沢まさき、三木眞一郎、加瀬康之、徳本恭敏、檜山修之、辻親八、喜多川拓郎、野島裕史、加藤将之、藤田淑子、磯部勉、宮林康,7.8,1970,https://lain.bgm.tv/r/400/pic/cover/l/6d/70/1038_f4e4F.jpg,https://bangumi.tv/subject/1038
452,终物语,TV,13,2015-10-03,板村智幸,木澤行人、中本宗応,神谷浩史、水橋かおり、井上麻里奈、坂本真綾、斎藤千和、堀江由衣、沢城みゆき、早見沙織、ゆきのさつき、神谷浩史、小山力也、入野自由、花澤香菜、井口裕香、古賀葵、南波ゆき、長谷徳人、堀総士郎、田所陽向、内野孝聡、竹内恵美子、土田玲央、森千晃、伊達朱里紗,7.8,8817,https://lain.bgm.tv/r/400/pic/cover/l/b0/4d/138829_QtBqr.jpg,https://bangumi.tv/subject/138829
453,草莓棉花糖,TV,12,2005-07-14,佐藤卓哉,平見瞠、佐藤卓哉、横手美智子、花田十輝,生天目仁美、千葉紗子、折笠富美子、川澄綾子、能登麻美子、皆川純子、福圓美里、近藤孝行、生天目仁美、チョー,7.8,3894,https://lain.bgm.tv/r/400/pic/cover/l/46/ba/284_jxx7R.jpg,https://bangumi.tv/subject/284
454,剧场版 Fate/stay night [Heaven's Feel] II.lost butterfly,剧场版,1,2019-01-12,須藤友徳,桧山彬、ufotable、ufotable,杉山紀彰、王晨光、下屋則子、月夜桥、関智一、藤新、門脇舞以、幽舞越山、神谷浩史、阿杰、中田譲治、图特哈蒙、植田佳奈、山新、伊藤美紀、褚珺、川澄綾子、白雪岑、津嘉山正種、叶保华、浅川悠、小连杀、稲田徹、杨默、諏訪部順一、宝木中阳,7.8,12519,https://lain.bgm.tv/r/400/pic/cover/l/59/28/175599_HfD3G.jpg,https://bangumi.tv/subject/175599
455,罗小黑战记,WEB,28,2011-03-17,MTJJ,MTJJ,山新、花澤香菜、山新、佐倉綾音、山新、潘めぐみ、山新、鬼頭明里、桃宝、皇贞季、内山昂輝、图特哈蒙、宮野真守、山新、李铫、山寺宏一、皇贞季、茶風林、藤新、河田吉正、藤新、花輪英司、夏侯落枫、新垣樽助、宝木中阳、野島健児、图特哈蒙、石狩勇気、阎么么、叮当、艾索、叮当、山下誠一郎、叮当、浦和希、叮当、千葉翔也、郝祥海、石狩勇気、李佳怡、斉藤貴美子、皇贞季、山下タイキ、山新、高橋花林、MTJJ、山新、宮白桃子、林熊猫、二又一成、乔菲菲、陈安妮、白石晴香、山新、田中貴子、叮当、石毛翔弥、藤新、中博史、图特哈蒙、斉藤次郎、图特哈蒙、高橋伸也、佐原誠、林熊猫、易小星、西垣俊作、幽舞越山、李兰陵、皇贞季、小野大輔、图特哈蒙、田中貴子、郝祥海、相馬康一、山新、田中貴子,7.8,5900,https://lain.bgm.tv/r/400/pic/cover/l/9d/51/13603_hwDMr.jpg,https://bangumi.tv/subject/13603
456,忏・再见绝望先生,TV,13,2009-07-04,新房昭之,久米田康治（講談社『週刊少年マガジン』連載）、守岡英行,神谷浩史、野中藍、井上麻里奈、谷井あすか、真田アサミ、小林ゆう、沢城みゆき、後藤邑子、新谷良子、松来未祐、斎藤千和、上田燿司、水島大宙、矢島晶子、矢島晶子、寺島拓篤、神谷浩史、子安武人、井上喜久子、高垣彩陽、根谷美智子、堀江由衣、上田燿司、沢城みゆき、真田アサミ、水島大宙、斎藤千和,7.8,3071,https://lain.bgm.tv/r/400/pic/cover/l/6e/62/1742_NoLLg.jpg,https://bangumi.tv/subject/1742
457,马男波杰克5,TV,12,2018-09-14,未知,,,7.9,197,https://lain.bgm.tv/r/400/pic/cover/l/71/2a/254470_tWa4P.jpg,https://bangumi.tv/subject/254470
458,「ray 超かぐや姫！Version」MV,未知,1,2026-01-31,未知,,夏吉ゆうこ、永瀬アンナ、早見沙織,7.8,1091,https://lain.bgm.tv/r/400/pic/cover/l/6f/da/623179_ww0Wi.jpg,https://bangumi.tv/subject/623179
459,游戏人生,TV,12,2014-04-09,いしづかあつこ,榎宮祐、花田十輝、下山健人、あおしまたかし,松岡禎丞、茅野愛衣、日笠陽子、田村ゆかり、井口裕香、能登麻美子、釘宮理恵、沢城みゆき、麦人、進藤尚美、加藤清司、横山遵,7.8,25383,https://lain.bgm.tv/r/400/pic/cover/l/54/bd/79227_052R3.jpg,https://bangumi.tv/subject/79227
460,死神 千年血战篇-祸进谭-,TV,10,2026-07-25,村田光,平松正樹、田口智久,森田成一、折笠富美子、松岡由貴、安元洋貴、杉山紀彰、伊藤健太郎、速水奨、大塚明夫、立木文彦、置鮎龍太郎、三木眞一郎、朴璐美、ゆきのさつき、高木渉、菅生隆之、梅原裕一郎、武内駿輔、小山剛志、五十嵐裕美、小野友樹、本田貴子、下屋則子、梁田清之,8.0,147,https://lain.bgm.tv/r/400/pic/cover/l/ad/f9/530725_CAqWC.jpg,https://bangumi.tv/subject/530725
461,穿越时空的少女,剧场版,1,2006-07-15,細田守,奥寺佐渡子,仲里依紗、林美秀、石田卓也、何志威、板倉光隆、来晓风、林谷珍、原沙知絵、李明幸、周一菡、関戸優希、吳貴竹、唐嶷、谷村美月、李明幸、垣内彩未、吳貴竹、松田洋治、孫誠,7.8,13485,https://lain.bgm.tv/r/400/pic/cover/l/e4/a6/242_BmDGk.jpg,https://bangumi.tv/subject/242
462,紫罗兰永恒花园 特别编集版,TV,1,2021-10-29,石立太一,,,7.8,1722,https://lain.bgm.tv/r/400/pic/cover/l/3c/c3/355109_Ny6R8.jpg,https://bangumi.tv/subject/355109
463,战斗妖精雪风,OVA,5,2002-08-25,大倉雅彦,十川誠志、大倉雅彦、きお誠児、山口宏、山下いくと、多田由美,堺雅人、中田譲治、池田昌子、麻上洋子、山田美穂、土師孝也、矢尾一樹,7.8,1900,https://lain.bgm.tv/r/400/pic/cover/l/38/12/2842_3559S.jpg,https://bangumi.tv/subject/2842
464,斗牌传说,TV,26,2005-10-04,佐藤雄三,筆安一幸、高屋敷英夫、広田光毅、浦畑達彦,萩原聖人、津嘉山正種、小山力也、玄田哲章、高木渉、田中秀幸、佐藤雄大、佐藤銀平、風間杜夫、森川智之、中村悠一、古谷徹,7.8,2960,https://lain.bgm.tv/r/400/pic/cover/l/2e/ac/2059_zqhRa.jpg,https://bangumi.tv/subject/2059
465,剧场版 空之境界 第二章 杀人考察（前）,剧场版,1,2007-12-29,野中卓也,平松正樹,坂本真綾、鈴村健一、本田貴子、東地宏樹、明石香織、保村真、高橋研二、杉崎亮、保志総一朗、増田隆之、中田譲治,7.8,10266,https://lain.bgm.tv/r/400/pic/cover/l/81/e7/812_511mm.jpg,https://bangumi.tv/subject/812
466,机动警察剧场版1 东京毁灭战,剧场版,1,1989-07-15,押井守,伊藤和典,冨永みーな、大林隆介、古川登志夫、池水通洋、二又一成、阪脩、千葉繁、榊原良子、郷里大輔、井上瑤、辻村真人、西村知道,7.8,2254,https://lain.bgm.tv/r/400/pic/cover/l/12/99/9979_BK8B4.jpg,https://bangumi.tv/subject/9979
467,超时空要塞Plus,OVA,4,1994-08-25,渡辺信一郎,信本敬子,山崎たくみ、深見梨加、新居昭乃、石塚運昇、兵藤まこ、林原めぐみ、西村朋紘、内海賢二、速水奨、銀河万丈、高乃麗、屋良有作,7.8,1490,https://lain.bgm.tv/r/400/pic/cover/l/ce/39/3168_5p5XX.jpg,https://bangumi.tv/subject/3168
468,魔术师,剧场版,1,2010-06-16,Sylvain、Chomet,,,7.8,401,https://lain.bgm.tv/r/400/pic/cover/l/94/55/12283_mSdoj.jpg,https://bangumi.tv/subject/12283
469,少女与战车 最终章 第1话,OVA,1,2017-12-09,水島努,吉田玲子,渕上舞、茅野愛衣、尾崎真実、中上育実、井口裕香、原由実、福圓美里、高橋美佳子、植田佳奈、菊地美香、吉岡麻耶、桐村まり、中村桜、仙台エリ、森谷里美、井上優佳、大橋歩夕、竹内仁美、中里望、多田このみ、山岡ゆり、秋奈、井澤詩織、井澤詩織、井澤詩織、山本希望、石原舞、金元寿子、喜多村英梨、葉山いくみ、倉田雅世、上坂すみれ、佐倉綾音、高森奈津美、大地葉、米澤円、七瀬亜深、喜多村英梨、明坂聡美、石原舞、高森奈津美、川澄綾子、伊瀬茉莉也、平野綾、吉岡麻耶、早見沙織、大地葉、金元寿子、上坂すみれ、Jenya、田中理恵、生天目仁美、瀬戸麻沙美、米澤円、七瀬亜深、葉山いくみ、多田このみ、井上優佳、大地葉、能登麻美子、下地紫野、津田美波、安済知佳、飯田友子、椎名へきる、喜多村英梨、井上優佳、大橋歩夕,7.8,3552,https://lain.bgm.tv/r/400/pic/cover/l/be/64/191302_RybiD.jpg,https://bangumi.tv/subject/191302
470,×××HOLiC,TV,24,2006-04-06,水島努,横手美智子、大川七瀬、平見瞠、櫻井大樹、水島努,大原さやか、福山潤、中井和哉、伊藤静、菊地美香、こじまかずこ、矢島晶子、武藤寿美、望月久代,7.8,4348,https://lain.bgm.tv/r/400/pic/cover/l/fc/79/2439_9R0oU.jpg,https://bangumi.tv/subject/2439
471,AIR 夏季篇,TV,2,2005-08-28,石原立也,志茂文彦,西村ちなみ、斎藤千和、神奈延年、井上喜久子,7.8,4535,https://lain.bgm.tv/r/400/pic/cover/l/52/27/2127_5usse.jpg,https://bangumi.tv/subject/2127
472,擅长捉弄的高木同学 第二季,TV,12,2019-07-07,赤城博昭,加藤還一、伊丹あき、福田裕子,梶裕貴、高橋李依、内田雄馬、小原好美、M・A・O、小倉唯、小岩井ことり、岡本信彦、落合福嗣、田所陽向、内山昂輝、悠木碧、朝日奈丸佳,7.7,9240,https://lain.bgm.tv/r/400/pic/cover/l/f5/c8/271151_UB2n6.jpg,https://bangumi.tv/subject/271151
473,星球大战：克隆人战争 第七季,TV,12,2020-02-21,Dave、Filoni,,Matt Lanter、Ashley Eckstein、Tom Kane、Katee Sackhoff、Gwendoline Yeo、Ray Stevenson、Matthew Wood,8.3,60,https://lain.bgm.tv/r/400/pic/cover/l/78/86/295039_NgNNx.jpg,https://bangumi.tv/subject/295039
474,蝙蝠侠：黑暗骑士归来（下）,OVA,1,2013,Jay、Oliva,TheDarkKnightReturnsbyFrankMiller、KlausJanson、DCComics,Ariel Winter,7.8,385,https://lain.bgm.tv/r/400/pic/cover/l/ea/87/61275_mWWqC.jpg,https://bangumi.tv/subject/61275
475,Re：从零开始的异世界生活 第四季 丧失篇,TV,11,2026-04-08,篠原正寛,横谷昌宏、中村能子、梅原英司,小林裕介、高橋李依、村川梨衣、新井里美、鈴木絵理、相馬康一、植田佳奈、江口拓也、ファイルーズあい、杉田智和、子安武人、高野麻里佳、名塚佳織、天﨑滉平、岡本信彦、赤﨑千夏、中村悠一、堀江由衣、藤井ゆきよ、松岡禎丞、石田彰、悠木碧、本村玲奈、佳原萌枝、遠藤綾、久野美咲、能登麻美子、杉崎亮、綿貫竜之介、野川雅史、楠大典、柚木涼香、吾妻珠雪、髙橋咲貴、伊藤雄貴、佐藤悠雅、雨宮夕夏、秋葉佑、山根雅史、岩澤俊樹,7.8,5514,https://lain.bgm.tv/r/400/pic/cover/l/8e/70/547888_46dnk.jpg,https://bangumi.tv/subject/547888
476,王立宇宙军 欧尼亚米斯之翼,剧场版,1,1987-03-14,山賀博之,山賀博之,森本レオ、弥生みつき、村田彩、伊沢弘、曽我部和恭、平野正人、鈴置洋孝、戸谷公次、安原義人、島田敏、安西正弘、内田稔、飯塚昭三、大塚周夫、及川ヒロオ、槐柳二、山崎哲也、Willie Dorsey、熊倉一雄,7.8,2180,https://lain.bgm.tv/r/400/pic/cover/l/38/75/2046_2rKHV.jpg,https://bangumi.tv/subject/2046
477,×××HOLiC 笼,OVA,1,2010-04-23,水島努,大川七瀬,福山潤、中井和哉、大原さやか、こじまかずこ、望月久代,7.8,2114,https://lain.bgm.tv/r/400/pic/cover/l/7a/a6/4859_4xepP.jpg,https://bangumi.tv/subject/4859
478,有顶天家族 第二季,TV,12,2017-04-09,吉原正行,待田堂子、檜垣亮,櫻井孝宏、諏訪部順一、吉野裕行、中原麻衣、井上喜久子、能登麻美子、佐倉綾音、梅津秀行、西地修哉、畠山航輔、飛田展男、樋口武彦、石原凡、間島淳司、日笠陽子、島田敏、中村悠一、保村真、M・A・O、津田英三、木下浩之、小山茉美、星野充昭、野島裕史、間宮康弘、高橋良吉、青山穣、斧アツシ、山岸治雄,7.8,3290,https://lain.bgm.tv/r/400/pic/cover/l/0d/e4/193042_So0pa.jpg,https://bangumi.tv/subject/193042
479,金牌得主 第二季,TV,9,2026-01-24,山本靖貴,花田十輝,春瀬なつみ、大塚剛央、市ノ瀬加那、内田雄馬、小市眞琴、坂泰斗、伊藤舞音、田中貴子、田中美海、夏吉ゆうこ、遠野ひかる、長縄まりあ、川村玲奈、風間万裕子、篠原侑、三川華月、阿部菜摘子、夏吉ゆうこ、藍原ことみ、山村響、茅野愛衣、加藤英美里、村治学、福原綾香、七原帝子、遠藤綾、星野貴紀、井上ほの花、小清水亜美、西健亮、和氣あず未、花江夏樹、稲垣好、石毛翔弥、小野友樹、浜田洋平、小林親弘、秋山諒、田邊幸輔、山田親之條、井上雄貴、朝日奈丸佳、佐々木望、盆子原康、伊藤彩沙、小岩井ことり、三宅貴大、山内健嗣、天城サリー、潘めぐみ、三上由理恵、木村太飛、ブリドカットセーラ恵美、伊南羽桜、青山玲菜,7.7,6523,https://lain.bgm.tv/r/400/pic/cover/l/0c/08/548818_iLSG6.jpg,https://bangumi.tv/subject/548818
480,摇曳百合♪♪,TV,12,2012-07-02,太田雅彦,太田雅彦、鴻野貴光、子安秀明、あおしまたかし、杉原研二,三上枝織、大坪由佳、津田美波、大久保瑠美、三森すずこ、加藤英美里、斎藤千和、日高里菜、藤田咲、実川桃子、竹達彩奈、悠木碧、豊崎愛生、堀江由衣、白石涼子、後藤沙緒里、内田彩、石川綾乃、内田真礼、小松郁,7.7,7572,https://lain.bgm.tv/r/400/pic/cover/l/f2/9f/28900_PB3pC.jpg,https://bangumi.tv/subject/28900
481,圣母在上 春,TV,13,2004-07-07,福島宏之,吉田玲子、吉村元希、真部千晶、高橋ナツコ,植田佳奈、伊藤美紀、篠原恵美、豊口めぐみ、能登麻美子、生天目仁美、伊藤静、池澤春菜、釘宮理恵、清水香里、佐藤利奈、甲斐田裕子、斎藤千和、市来光弘、檜山修之、りの,7.8,1157,https://lain.bgm.tv/r/400/pic/cover/l/1d/54/4215_ZH066.jpg,https://bangumi.tv/subject/4215
482,JOJO的奇妙冒险,TV,26,2012-10-05,津田尚克,小林靖子、ヤスカワショウゴ、筆安一幸、猪爪慎一,興津和幸、子安武人、杉田智和、佐藤拓也、川澄綾子、田中敦子、上田燿司、塩屋翼、飛田展男、伊丸岡篤、藤原啓治、小林由美子、大木民夫、大塚明夫、井上和彦、乃村健次、小島幸子、稲田徹、津田健次郎、中博史、林勇、菅原正志、宮澤正、大川透,7.7,18676,https://lain.bgm.tv/r/400/pic/cover/l/23/5d/43558_ECoSc.jpg,https://bangumi.tv/subject/43558
483,齐木楠雄的灾难,TV,24,2016-07-10,桜井弘明,杉原研二、横谷昌宏、横手美智子、金杉弘子,神谷浩史、戸松遥、田中あいみ、茅野愛衣、小野大輔、島﨑信長、日野聡、花江夏樹、田村ゆかり、内田真礼、細谷佳正、前野智昭、森久保祥太郎、岩田光央、愛河里花子、山寺宏一、田中理恵、野島健児、石上静香、松風雅也、村田太志、山口太郎、野瀬育二、たくみ靖明、新垣樽助、保村真、木島隆一、清川元夢、古川慎、石谷春貴、石谷春貴、河西健吾、手塚ヒロミチ、小林裕介、小島幸子、加隈亜衣、杉崎亮、木島隆一、野瀬育二、古川慎、松岡禎丞、手塚ヒロミチ、飛田展男、野瀬育二、石上静香、金元寿子、小山力也、恒松あゆみ、Lynn、木島隆一、小林由美子、天﨑滉平、室元気、石上静香、柳田淳一、山本格、相馬康一、新垣樽助、大川透、竹本英史、天﨑滉平、野島裕史、大地葉、櫻庭有紗、篠田みなみ、綿貫竜之介、古木のぞみ、青山穣、バイク川崎バイク、木村珠莉、林大地、千本木彩花、永塚拓馬、菊池康弘、古川慎,7.7,16084,https://lain.bgm.tv/r/400/pic/cover/l/b3/28/181354_smUU3.jpg,https://bangumi.tv/subject/181354
484,降世神通：最后的气宗 第一季,TV,20,2005-02-21,Ethan、Spaulding,Michael Dante DiMartino、J.J.Abrams,Mae Whitman、Dee Bradley Baker、Grey Griffin、Dee Bradley Baker、Jennifer Hale、Mark Hamill、Tom Kane,7.8,1107,https://lain.bgm.tv/r/400/pic/cover/l/52/b7/3275_OqC0U.jpg,https://bangumi.tv/subject/3275
485,热带雨林的爆笑生活,TV,26,2001-04-03,水島努,水島努、横手美智子、萩田寛子,愛河里花子、詹雅菁、渡辺菜生子、小林沙苗、雷碧文、茂呂田かおる、楊凱凱、中村尚子、詹雅菁、石田彰、氷上恭子、雷碧文、玄田哲章、孫中台、井上和彦、岩永哲哉、保志総一朗、魏伯勤、白鳥由里、詹雅菁、前田このみ、雷碧文、松岡由貴、楊凱凱、岸尾だいすけ、楊凱凱、倉田雅世、雷碧文、石川静、宇和川恵美、雷碧文、吉水孝宏、真殿光昭、魏伯勤、古山あゆみ、楊凱凱、神代知衣、楊凱凱、横尾まり、楊凱凱、置鮎龍太郎、田村ゆかり、森久保祥太郎、藤原啓治、菅原淳一、福山潤、麻生かほ里、楊凱凱,7.7,2378,https://lain.bgm.tv/r/400/pic/cover/l/98/0a/3291_6I7k6.jpg,https://bangumi.tv/subject/3291
486,夏日大作战,剧场版,1,2009-08-01,細田守,奥寺佐渡子,神木隆之介、何志威、桜庭ななみ、楊凱凱、谷村美月、雷碧文、富司純子、馮美麗、斎藤歩、吳文民、横川貴大、黃天佑、谷川清美、劉凱寧、佐々木睦、何志威、永井一郎、林谷珍、小林隆、吳文民、清水優、梁興昌、金沢映子、馮美麗、高久ちぐさ、洪郁婷、仲里依紗、劉凱寧、諸星すみれ、雷碧文、太田力斗、龍顯蕙、洪郁婷,7.7,11474,https://lain.bgm.tv/r/400/pic/cover/l/73/e0/1905_5tj44.jpg,https://bangumi.tv/subject/1905
487,路人女主的养成方法 Fine,剧场版,1,2019-10-26,柴田彰久,丸戸史明,松岡禎丞、安野希世乃、大西沙織、茅野愛衣、矢作紗友里、赤﨑千夏、柿原徹也、生天目仁美、桑島法子、田辺留依、鈴木絵理、大地葉,7.7,11622,https://lain.bgm.tv/r/400/pic/cover/l/8b/4c/231497_tZxtU.jpg,https://bangumi.tv/subject/231497
488,偶像活动 10th STORY ～通往未来的STARWAY～,剧场版,3,2023-01-20,木村隆一,加藤陽一,霧島若歌、諸星すみれ、上花楓裏、田所あずさ、市倉有菜、大橋彩香、瀬戸麻沙美、能登麻美子、子安武人、黒沢ともよ、美谷玲実、美谷玲実、沼倉愛美、市倉有菜、三村ゆうな、安野希世乃、愛野えり、瀬戸麻沙美、市倉有菜、寿美菜子、ささかまリス子、下地紫野、遠藤瑠香、藤城リエ、和久井優、石川由依、みき、松谷彼哉、保村真,8.0,139,https://lain.bgm.tv/r/400/pic/cover/l/3a/4a/404427_9PZs3.jpg,https://bangumi.tv/subject/404427
489,进击的巨人 最终季,TV,16,2020-12-06,林祐一郎,瀬古浩司,梶裕貴、石川由依、井上麻里奈、神谷浩史、谷山紀章、三上枝織、下野紘、細谷佳正、榎木淳弥、朴璐美、子安武人、佐倉綾音、花江夏樹、松風雅也、増田俊樹、沼倉愛美、石井康嗣、湯屋敦子、小林ゆう、小野賢章、斎賀みつき、花輪英司、斉藤次郎、井上和彦、村瀬歩、川島悠美、田中正彦、最上嗣生、渡辺明乃、嶋村侑、橋詰知久、北田理道、山路和弘,7.7,15270,https://lain.bgm.tv/r/400/pic/cover/l/88/6b/285666_bS9Sw.jpg,https://bangumi.tv/subject/285666
490,悠哉日常大王 Repeat OAD,OVA,1,2016-09-23,川面真也,吉田玲子,小岩井ことり、村川梨衣、佐倉綾音、阿澄佳奈、佐藤利奈、？？？,7.7,2544,https://lain.bgm.tv/r/400/pic/cover/l/04/21/165738_ynYUr.jpg,https://bangumi.tv/subject/165738
491,查理布朗和史努比,TV,18,1983-09-17,查尔斯•舒尔茨,,,7.8,383,https://lain.bgm.tv/r/400/pic/cover/l/b0/56/749_zd2ni.jpg,https://bangumi.tv/subject/749
492,少女与战车 最终章 第2话,OVA,1,2019-06-15,水島努,吉田玲子,渕上舞、茅野愛衣、尾崎真実、中上育実、井口裕香、原由実、瀬戸麻沙美、福圓美里、高橋美佳子、植田佳奈、菊地美香、吉岡麻耶、桐村まり、中村桜、仙台エリ、森谷里美、井上優佳、大橋歩夕、竹内仁美、中里望、多田このみ、山岡ゆり、秋奈、井澤詩織、井澤詩織、井澤詩織、山本希望、石原舞、金元寿子、喜多村英梨、葉山いくみ、倉田雅世、上坂すみれ、佐倉綾音、高森奈津美、大地葉、米澤円、七瀬亜深、喜多村英梨、石原舞、川澄綾子、吉岡麻耶、早見沙織、大地葉、生天目仁美、仙台エリ、葉山いくみ、大空直美、米澤円、七瀬亜深、葉山いくみ、石上美帆、多田このみ、井上優佳、大地葉、井上優佳、森谷里美、能登麻美子、下地紫野、石上美帆、竹達彩奈、飯田友子、津田美波、安済知佳、石上美帆、中里望、藤村歩、瀬戸麻沙美、東山奈央、中村桜、葉山いくみ、尾崎真実、大橋歩夕、椎名へきる、石上美帆、拝真之介、吉岡麻耶、石原舞、高森奈津美、葉山いくみ、米澤円、藤村歩、中上育実、多田このみ、福圓美里,7.7,2810,https://lain.bgm.tv/r/400/pic/cover/l/1b/b5/208825_119KK.jpg,https://bangumi.tv/subject/208825
493,小马宝莉：友谊就是魔法 第五季,TV,26,2015-04-04,未知,,Tara Strong、洪海天,7.8,613,https://lain.bgm.tv/r/400/pic/cover/l/fa/ca/129224_wKI0P.jpg,https://bangumi.tv/subject/129224
494,探险活宝 第五季,TV,52,2012-11-12,未知,,Jeremy Shada,7.9,175,https://lain.bgm.tv/r/400/pic/cover/l/69/06/85316_aW8c9.jpg,https://bangumi.tv/subject/85316
495,TIGER & BUNNY,TV,25,2011-04-02,さとうけいいち,西田征史、鈴木智尋、田中和次朗、兒玉宣勝、高橋悠也、吉田恵里香、おかざきさとこ,田村睦心、平田広明、森田成一、寿美菜子、楠大典、井上剛、伊瀬茉莉也、甲斐田裕子、福田信昭、岡本信彦、John Eric Bentley、津田健次郎、岩崎ひろし、日高里菜、横島亘、皆川純子、遊佐浩二、藤原啓治、根谷美智子、片桐仁、永田昌康、一馬芳和,7.7,2909,https://lain.bgm.tv/r/400/pic/cover/l/a5/2f/10385_3RbQ5.jpg,https://bangumi.tv/subject/10385
496,四叠半时光机布鲁斯,WEB,6,2022-09-14,夏目真悟,上田誠,浅沼晋太郎、坂本真綾、吉野裕行、中井和哉、諏訪部順一、甲斐田裕子、佐藤せつじ、本多力,7.7,4254,https://lain.bgm.tv/r/400/pic/cover/l/39/06/345980_zE5aQ.jpg,https://bangumi.tv/subject/345980
497,猎人 OVA3 贪婪之岛 完结篇,OVA,14,2004-02-18,所俊克、佐藤真人,岸間信明,竹内順子、三橋加奈子、萩野崇、木村亜希子、高橋広樹、古澤徹、小山剛志、水木竜司、鳥海浩輔、平川大輔、遊佐浩二、吉野裕行、日比野朱里、松本ヨシロウ、高戸靖広、金子幸伸、豊後敦子、天神有海、甲斐田ゆき、郷田ほづみ、木村亜希子、松山鷹志、前川優子、西松和彦、前川優子、竹本英史、中尾良平、石塚堅、永野善一、乃村健次、宮野隆矢、遊佐浩二、石塚堅、飯田利信、荒木香衣、荒木香衣、井手らっきょ、野島裕史、乃村健次、竹本英史、岐部公好、竹本英史、遊佐浩二、加瀬康之、陰山真寿美、遊佐浩二、石塚堅、竹本英史、並木のり子、上村貴子、竹本英史、永吉ユカ、吉野裕行,7.7,1226,https://lain.bgm.tv/r/400/pic/cover/l/44/e5/10358_EKYxz.jpg,https://bangumi.tv/subject/10358
498,超时空要塞,TV,36,1982-10-03,スタジオぬえ；原作协力、ARTLAND,松崎健一、石黒昇、富田祐弘、大野木寛、星山博之、河森正治,長谷有洋、土井美加、飯島真理、速水奨、鈴木勝美、佐々木るん、室井深雪、蟹江栄司、目黒光祐、鶴ひろみ、米山あつ子、中博史、阪脩、鳳芳野、目黒光祐、竹田えり、鈴置洋孝、神谷明、大林隆介、小原乃梨子、鈴木勝美,7.7,1733,https://lain.bgm.tv/r/400/pic/cover/l/5e/6d/3166_Z9Q8z.jpg,https://bangumi.tv/subject/3166
499,放浪男孩,TV,12,2011-01-13,あおきえい,岡田麿里,畠山航輔、瀬戸麻沙美、南條愛乃、南里侑香、千葉紗子、豊崎愛生、井口祐一、水樹奈々、松岡禎丞、堀江由衣、高部あい、水原薫、中井和哉、本田貴子、藤原啓治、吉野裕行,7.7,3170,https://lain.bgm.tv/r/400/pic/cover/l/cb/7c/8474_I1CAM.jpg,https://bangumi.tv/subject/8474
500,凡尔赛玫瑰,TV,40,1979-10-10,池田理代子（集英社マーガレットコミックス刊）,篠崎好、山田正弘,鈴木れい子、田島令子、靳東美、李明幸、魏晶琦、呂佩玉、姜瑰瑾、孫若瑜、のざききいこ、志垣太郎、于正昇、孫德成、魏伯勤、劉明勳、李世揚、上田みゆき、丘梅君、馬君珮、陳惠卿、野沢那智、堀勝之祐、孫中台、郭如舜、吉田理保子、許淑嬪、丘梅君、キートン山田、郭如舜、孫德成、于正昇、三景啓司、于正昇、孫德成、郭如舜、野島昭生、孫德成、安原義人、于正昇、孫中台、内海賢二、孫中台、佟紹宗、京田尚子、許淑嬪、馮友薇、宗形智子、勝田久、于正昇、胡立成、塚田正昭、増岡弘、飯塚昭三、松金よね子、佳川紘子、丘梅君、森功至、郭如舜、孫中台、松尾佳子、菅谷政子、井口成人、寺島幹夫、徳丸完、北村昌子、魏晶琦、市川治、仁内建之、魏伯勤、太田淑子、沢井正延、古川登志夫、于正昇、魏伯勤、本山可久子、陳惠卿、馮友薇,7.8,513,https://lain.bgm.tv/r/400/pic/cover/l/33/53/12579_6gAdB.jpg,https://bangumi.tv/subject/12579
501,银河铁道999,TV,113,1978-09-14,西沢信孝,山浦弘靖、藤川桂介、吉田喜昭,池田昌子、野沢雅子、井上真樹夫、肝付兼太、谷育子、川島千代子,7.8,293,https://lain.bgm.tv/r/400/pic/cover/l/26/ed/10392_sUzgW.jpg,https://bangumi.tv/subject/10392
502,热带雨林的爆笑生活DELUXE,OVA,12,2002-08-25,水島努,萩田寛子、横手美智子、水島努,愛河里花子、渡辺菜生子、茂呂田かおる、大本眞基子、真殿光昭、皆川純子、岩永哲哉、保志総一朗、白鳥由里、井上和彦、松岡由貴、前田このみ、岸尾だいすけ、倉田雅世、置鮎龍太郎、横尾まり、玄田哲章、森久保祥太郎、吉水孝宏、宇和川恵美、麻生かほ里、中村尚子、神代知衣、弥永和子、櫻井孝宏、矢島晶子、石田彰、氷上恭子、古山あゆみ、藤原啓治,7.7,1017,https://lain.bgm.tv/r/400/pic/cover/l/cf/cc/3292_k8iFF.jpg,https://bangumi.tv/subject/3292
503,希德尼娅的骑士,TV,12,2014-04-10,静野孔文,村井さだゆき、山田哲弥、村越繁,逢坂良太、洲崎綾、豊崎愛生、櫻井孝宏、金元寿子、大原さやか、喜多村英梨、森なな子、田中敦子、新井里美、子安武人、坪井智浩、洲崎綾、斉藤壮馬、鳥海浩輔、小山力也、能登麻美子、佐倉綾音、本田貴子、佐藤利奈、阪脩、洲崎綾、洲崎綾、五十嵐裕美、松本忍、鈴木裕斗、下山吉光、斉藤壮馬、喜山茂雄、宮川美保、金光宣明、石上裕一、熱田友貴、佐藤あずさ,7.7,5480,https://lain.bgm.tv/r/400/pic/cover/l/57/23/77476_4TwHt.jpg,https://bangumi.tv/subject/77476
504,猎人 OVA2 贪婪之岛,OVA,8,2003-02-05,福島宏之,岸間信明,竹内順子、三橋加奈子、樋口智恵子、高橋広樹、甲斐田ゆき、郷田ほづみ、東地宏樹、平川大輔、日比野朱里、松本ヨシロウ、高戸靖広、乃村健次、豊後敦子、天神有海、遊佐浩二、TARAKO、山野井仁、水木竜司、中尾良平、石塚堅、永野善一、鳥海浩輔、乃村健次、宮野隆矢、遊佐浩二、石塚堅、高戸靖広、荒木香衣、岐部公好、原沢勝広、早川沙希、竹本英史、葛城政典、竹本英史、高橋広樹、上村貴子、石塚堅、吉野裕行,7.7,1314,https://lain.bgm.tv/r/400/pic/cover/l/f5/21/10357_ly3FJ.jpg,https://bangumi.tv/subject/10357
505,金田一少年事件簿,TV,148,1997-04-07,原案、天樹征丸（亜樹直）、原作、金成陽三郎、漫画、さとうふみや（講談社「週刊少年マガジン」連載）,田村竜、横手美智子、井上敏樹、島田満、河本浩之、矢島大輔、遠藤明範、西岡琢也、橋本裕志,松野太紀、中川亜紀子、小杉十郎太、森川智之、于正昇、池澤春菜、小野健一,7.7,1110,https://lain.bgm.tv/r/400/pic/cover/l/0a/66/9588_9yYOL.jpg,https://bangumi.tv/subject/9588
506,热带雨林的爆笑生活FINAL,OVA,14,2003-12-21,水島努,横手美智子、水島努、廣川浩二、萩田寛子,愛河里花子、小林沙苗、渡辺菜生子、茂呂田かおる、真殿光昭、大本眞基子、松岡由貴、岸尾だいすけ、白鳥由里、岩永哲哉、保志総一朗、前田このみ、中村尚子、横尾まり、森久保祥太郎、置鮎龍太郎、宇和川恵美、吉水孝宏、倉田雅世、石川静、白鳥由里、皆川純子、小山茉美、神代知衣、弥永和子、高野直子、麻生かほ里、西原久美子、高戸靖広、伊藤健太郎、宮田幸季、神代知衣、小野坂昌也、清水香里、青山桐子、藤原啓治、石田彰、氷上恭子、古山あゆみ、玄田哲章、石塚運昇、小杉十郎太,7.7,969,https://lain.bgm.tv/r/400/pic/cover/l/ca/3e/3293_d1548.jpg,https://bangumi.tv/subject/3293
507,黄色潜水艇,剧场版,1,1968,GeorgeDunning,,,7.9,217,https://lain.bgm.tv/r/400/pic/cover/l/c0/b4/112397_Az5ym.jpg,https://bangumi.tv/subject/112397
508,偶像大师 灰姑娘女孩 U149,TV,12,2023-04-05,岡本学,村山沖,佐藤亜美菜、照井春佳、黒沢ともよ、集貝はな、小市眞琴、今井麻夏、春瀬なつみ、久野美咲、小森結梨、米内佑希、中澤ミナ、花谷麻妃、早見沙織、福原綾香、大橋彩香、原紗友里、佳村はるか、金子有希、東山奈央、竹達彩奈、桜咲千依、三宅麻理恵、髙野麻美、千菅春香、飯田友子、藍原ことみ、ルゥティン、和氣あず未、原田彩楓、新田ひより、花守ゆみり、河瀬茉希、大空直美、佐倉綾音、佐倉綾音、佐倉綾音,7.7,7498,https://lain.bgm.tv/r/400/pic/cover/l/58/c1/376703_g5559.jpg,https://bangumi.tv/subject/376703
509,幸福小镇 春岛篇,TV,52,2012-05-26,李豪凌,李豪凌、王昕、陈烨,,7.8,438,https://lain.bgm.tv/r/400/pic/cover/l/16/33/39087_y3tDn.jpg,https://bangumi.tv/subject/39087
510,Kanon,TV,24,2006-10-05,石原立也,志茂文彦,安田美和、杉田智和、堀江由衣、國府田マリ子、飯塚雅弓、佐藤朱、田村ゆかり、川上とも子、皆口裕子、川澄綾子、坂本真綾、関智一、飯塚雅弓、野島健児、矢島晶子、稲田徹、安田美和、木下紗華、中尾衣里,7.7,7407,https://lain.bgm.tv/r/400/pic/cover/l/d9/47/274_jNWMv.jpg,https://bangumi.tv/subject/274
511,南方公园 第14季,TV,14,2010-03-17,未知,Trey Parker,Trey Parker、Matt Stone、Mona Marshall,7.8,269,https://lain.bgm.tv/r/400/pic/cover/l/ea/67/10197_MJR3T.jpg,https://bangumi.tv/subject/10197
512,李献计历险记,WEB,1,2009-12-05,李阳,李阳,,7.7,1964,https://lain.bgm.tv/r/400/pic/cover/l/0e/e8/3626_Tvb6r.jpg,https://bangumi.tv/subject/3626
513,兽娘动物园,TV,12,2017-01-10,たつき,田辺茂範、たつき,尾崎由香、野中藍、内田彩、？？？、本宮佳奈、小野早稀、田村響華、築田行子、相羽あいな、佐々木未来、根本流風、津田美波、本宮佳奈、藤井ゆきよ、小野早稀、丸山美紀、小森未彩、山下まみ、三森すずこ、水森ちこ、野中藍、内田彩、照井春佳、近藤玲奈、七海映子、幸野ゆりあ、早乃香織、すみさなえ、佐々木未来、青地希望、根本流風、金田朋子、綾乃あゆみ、みゆはん、小林ゆう、下地紫野、大空直美、本多真梨子、國府田マリ子、原奈津子、井上富美子、辻美優、石橋桃、小見川千明、苅谷瑠衣、三上枝織、上原あかり、相坂優歌、伊藤かな恵、浅野真澄、松井恵理子、和多田美咲、立花理香,7.7,6350,https://lain.bgm.tv/r/400/pic/cover/l/18/1f/176478_kk61b.jpg,https://bangumi.tv/subject/176478
514,心理测量者 新编集版,TV,11,2014-07-10,塩谷直義,虚淵玄、深見真、高羽彩,関智一、花澤香菜、櫻井孝宏、野島健児、有本欽隆、石田彰、伊藤静、沢城みゆき、日髙のり子、榊原良子、増谷康紀、浅沼晋太郎、山路和弘、浅野真澄、樫井笙人、小島幸子、小岩井ことり、原島梢、鶴岡聡、水島大宙、子安武人、竹達彩奈、坂本真綾、茅野愛衣、楠見藍子、佐倉綾音、三宅健太、長克巳、渡辺明乃、鳥海浩輔、石上裕一、中嶋ヒロ、玄田哲章、高森奈津美、平田真菜、木村良平、田村睦心,7.7,2498,https://lain.bgm.tv/r/400/pic/cover/l/6d/e3/103906_5T2Z7.jpg,https://bangumi.tv/subject/103906
515,跃动青春,TV,12,2023-04-04,出合小都美,米内山陽子、篠塚智子、日高勝郎,黒沢ともよ、江越彬紀、寺崎裕香、内田真礼、潘めぐみ、斎賀みつき、田中光、村瀬歩、渡辺理沙、木村良平、津田美波、寿美菜子、諸星すみれ、永野由祐、豊崎愛生、榎木淳弥、塙真奈美、中村源太、小林都、東海林瑠芽、月嶋真弓、城戸まどか、多田咲月、福原かつみ、広瀬さや、小川海斗、潘めぐみ、庄司宇芽香,7.7,11105,https://lain.bgm.tv/r/400/pic/cover/l/63/4e/357961_RtPiz.jpg,https://bangumi.tv/subject/357961
516,探险活宝 第七季,TV,39,2015-11-02,未知,,Jeremy Shada,7.9,137,https://lain.bgm.tv/r/400/pic/cover/l/c8/1f/152691_LkBrZ.jpg,https://bangumi.tv/subject/152691
517,大～集合！小魔女DoReMi,TV,50,2001-02-04,東堂いづみ,山田隆司、影山由美、成田良美、大和屋暁,千葉千恵巳、秋谷智子、松岡由貴、宍戸留美、宮原永海、大谷育江、石毛佐和、永澤菜教,7.8,289,https://lain.bgm.tv/r/400/pic/cover/l/20/1e/14877_KJDyO.jpg,https://bangumi.tv/subject/14877
518,头文字D,TV,26,1998-04-19,三沢伸,戸田博史、岸間信明,三木眞一郎、岡野浩介、石塚運昇、福島おりね、岩田光央、矢尾一樹、高木渉、西村知道、川澄綾子、子安武人、関智一、檜山修之、藤原啓治、根谷美智子、かかずゆみ、土屋圭市、古澤徹,7.7,3197,https://lain.bgm.tv/r/400/pic/cover/l/95/b4/8290_p4f44.jpg,https://bangumi.tv/subject/8290
519,苍穹之法芙娜 RIGHT OF LEFT,TV,1,2005-12-29,羽原信義,冲方丁,宮野真守、甲斐田裕子、木村亜希子、喜安浩平、葛城七穂、石川静、玉川砂記子、田中正彦、中田譲治、篠原恵美、小宮和枝、石井真、松来未祐、白石稔,7.7,1224,https://lain.bgm.tv/r/400/pic/cover/l/8b/2a/14106_eE16v.jpg,https://bangumi.tv/subject/14106
520,向山进发 第三季,TV,13,2018-07-02,山本裕介,山本裕介、筆安一幸,井口裕香、阿澄佳奈、日笠陽子、小倉唯、久川綾、牧野由依、荻野晴朗、儀武ゆう子、東山奈央、伊丸岡篤、山本亜衣、七瀬彩夏、高尾奏音、伊丸岡篤、早水リサ,7.7,3890,https://lain.bgm.tv/r/400/pic/cover/l/49/a2/216310_ci5yT.jpg,https://bangumi.tv/subject/216310
521,狱・再见绝望先生,OVA,3,2008-10-17,新房昭之,久米田康治,神谷浩史、野中藍、井上麻里奈、谷井あすか、真田アサミ、小林ゆう、沢城みゆき、後藤邑子、新谷良子、松来未祐、斎藤千和、後藤沙緒里、井上喜久子、上田燿司、水島大宙、矢島晶子、寺島拓篤,7.7,2263,https://lain.bgm.tv/r/400/pic/cover/l/92/f5/2603_Q92B5.jpg,https://bangumi.tv/subject/2603
522,大雄与奶奶的回忆,剧场版,1,2000-03-11,渡辺歩,藤本信行,,7.8,235,https://lain.bgm.tv/r/400/pic/cover/l/71/5e/121748_L0hz0.jpg,https://bangumi.tv/subject/121748
523,花园墙外,TV,10,2014-11-03,未知,,,7.8,306,https://lain.bgm.tv/r/400/pic/cover/l/86/bc/118262_dOJO0.jpg,https://bangumi.tv/subject/118262
524,天国大魔境,TV,13,2023-04-01,森大貴,深見真、窪山阿佐子、野村イクミ、森大貴,佐藤元、千本木彩花、山村響、豊永利行、福圓美里、武内駿輔、黒沢ともよ、松岡美里、新祐樹、西川舞、小橋里美、渋谷彩乃、木野日菜、松浦愛弓、杉山里穂、三川華月、能登麻美子、磯辺万沙子、武藤正史、種﨑敦美、中井和哉、伊瀬茉莉也、千本木彩花、松岡美里、田村聖子、咲野俊介、渋谷彩乃、水内清光,7.7,15009,https://lain.bgm.tv/r/400/pic/cover/l/ba/c9/404804_1sTp8.jpg,https://bangumi.tv/subject/404804
525,向阳素描×365,TV,14,2008-07-03,新房昭之,長谷川菜穂子、与口奈津江、大嶋実句,阿澄佳奈、水橋かおり、後藤邑子、新谷良子、松来未祐、沢城みゆき、チョー、釘宮理恵、木川絵理子、福圓美里、蒼樹うめ,7.7,1559,https://lain.bgm.tv/r/400/pic/cover/l/fe/73/330_252oN.jpg,https://bangumi.tv/subject/330
526,魔法少女奈叶A's,TV,13,2005-10-01,草川啓造,都築真紀,田村ゆかり、水樹奈々、植田佳奈、水橋かおり、桑谷夏子、清水香里、真田アサミ、柚木涼香、一条和矢、杉田智和、高橋美佳子、久川綾、松岡由貴、釘宮理恵、清水愛、緑川光、白石涼子、一条和矢、天野エリカ、佐久間紅美、鈴木菜穂子、長克巳、谷井あすか、松来未祐、阪田佳代、平井啓二、柿原徹也、小林沙苗、小林沙苗、小林沙苗、五十嵐麗、水樹奈々、浅野真澄、中田譲治、Donna Burke、Kevin J.England、柿原徹也、柿原徹也、氷青、谷井あすか,7.7,3063,https://lain.bgm.tv/r/400/pic/cover/l/7e/b3/1263_4d3VO.jpg,https://bangumi.tv/subject/1263
527,彻夜之歌 第二季,TV,12,2025-07-04,板村智幸,横手美智子,佐藤元、雨宮天、沢城みゆき、伊藤静、大空直美、喜多村英梨、戸松遥、和氣あず未、花守ゆみり、小野賢章、杉田智和、吉野裕行、内田真礼、佐藤利奈、沢城みゆき、大西沙織、羊宮妃那、風間万裕子、天沢朱音、谷口夢奈、岩田アンジ、柳田淳一、近内仁子、日野由利加、江原正士、高橋伸也、子安武人、子安光樹、田中啓太郎、三野雄大、猪股慧士、木村太飛、鶴野有紗、内田修一、新田杏樹、佐伯美由紀、福原かつみ、長岡龍歩、井藤智哉、平林瑚夏、大森こころ、藤原大智、安原滉太、小見川千明,7.7,5790,https://lain.bgm.tv/r/400/pic/cover/l/15/5f/484623_6EWej.jpg,https://bangumi.tv/subject/484623
528,猫物语（黑）,TV,4,2012-12-31,板村智幸,木澤行人、中本宗応,神谷浩史、堀江由衣、堀江由衣、櫻井孝宏、坂本真綾、喜多村英梨、井口裕香,7.7,11149,https://lain.bgm.tv/r/400/pic/cover/l/f1/d6/56117_o7a7a.jpg,https://bangumi.tv/subject/56117
529,爱、死亡 & 机器人,WEB,18,2019,Robert、Valley,,,7.7,6153,https://lain.bgm.tv/r/400/pic/cover/l/68/b8/274613_sx1iX.jpg,https://bangumi.tv/subject/274613
530,橙路 再回到往日,剧场版,1,1988-10-08,望月智充,寺田憲史,古谷徹、鶴ひろみ、原えりこ、富山敬、富沢美智恵、本多知恵子、緒方賢一、屋良有作、難波圭一、龍田直樹、鈴木勝美、難波圭一、日髙のり子,7.8,442,https://lain.bgm.tv/r/400/pic/cover/l/c4/8e/13677_5H7u9.jpg,https://bangumi.tv/subject/13677
531,黄金神威 第二季,TV,12,2018-10-08,難波日登志,吉永亜矢、高木登、谷村大四郎、入江信吾,小林親弘、林谷珍、白石晴香、許淑嬪、伊藤健太郎、蔣鐵城、鍾少庭、大塚芳忠、李景唐、津田健次郎、劉傑、細谷佳正、李景唐、中田譲治、中村悠一、劉傑、乃村健次、鍾少庭、蔣鐵城、菅生隆之、中井和哉、于正昌、てらそままさき、于正昌、大塚明夫、杉田智和、于正昌、一城みゆ希、陳筱寧、大原さやか、許淑嬪、竹本英史、劉傑、能登麻美子、陳筱寧、内田雄馬、于正昌、渡辺明乃、孫欣瑜、土師孝也、李景唐、小西克幸、劉傑、東地宏樹、劉傑、水島裕、鍾少庭、松岡禎丞、于正昌、安原義人、鍾少庭、前野智昭、鍾少庭、大川透、島田敏、蔣鐵城、朝井彩加、孫欣瑜、斧アツシ、劉傑、石狩勇気、李景唐、木下浩之、李景唐、楠大典、林谷珍、佐々木啓夫、于正昌、浅野真澄、孫欣瑜、宝亀克寿、林谷珍、津田英三、李景唐、立木文彦、劉傑,7.7,3496,https://lain.bgm.tv/r/400/pic/cover/l/82/b2/251547_QG80O.jpg,https://bangumi.tv/subject/251547
532,飞出个未来 第7季,TV,26,2012-06-20,未知,,,8.0,119,https://lain.bgm.tv/r/400/pic/cover/l/2c/6b/22346_3Tn4A.jpg,https://bangumi.tv/subject/22346
533,数码宝贝大冒险 我们的战争游戏!,剧场版,1,2000-03-04,細田守,吉田玲子,藤田淑子、風間勇刀、坂本千夏、山口眞弓、水谷優子、天神有海、前田愛、小西寛子、菊池正美、重松花鳥、櫻井孝宏、松本美和、竹内順子、山田きのこ、坂本千夏、櫻井孝宏、荒木香衣、徳光由禾、坂本千夏、山口眞弓、山口眞弓、八奈見乗児、Dina Sherman,7.7,1629,https://lain.bgm.tv/r/400/pic/cover/l/35/93/3134_uoxQt.jpg,https://bangumi.tv/subject/3134
534,圣母在上,TV,13,2004-01-07,福島宏之,吉田玲子、吉村元希、真部千晶、高橋ナツコ,植田佳奈、伊藤美紀、篠原恵美、豊口めぐみ、能登麻美子、生天目仁美、伊藤静、池澤春菜、佐藤利奈、下屋則子、甲斐田裕子、斎藤千和、りの、市来光弘、檜山修之、中川亜紀子,7.7,1676,https://lain.bgm.tv/r/400/pic/cover/l/76/c5/4214_tI3A5.jpg,https://bangumi.tv/subject/4214
535,暗杀教室 第二季,TV,25,2016-01-07,岸誠二,上江洲誠,福山潤、渕上舞、岡本信彦、杉田智和、伊藤静、逢坂良太、洲崎綾、速水奨、松浦チエ、浅沼晋太郎、田中美海、金元寿子、川辺俊介、高橋伸也、諏訪彩花、水島大宙、植田佳奈、山谷祥生、河原木志穂、内藤玲、佐藤聡美、下妻由幸、日野未歩、宮下栄治、矢作紗友里、間島淳司、斎藤楓子、はらさわ晃綺、木村昴、沼倉愛美、藤田咲、緒方恵美、竹内良太、真殿光昭、宮野真守、勝杏里、石川界人、明平鉄平、髙木俊、山本兼平、楠大典、松山鷹志、樋口智透、川澄綾子、伊丸岡篤、村瀬克輝、子安武人、村瀬歩、野瀬育二、後藤ヒロキ、矢部雅史、島﨑信長、三石琴乃、山下大輝、七瀬彩夏、工藤雅久、山村響、増谷康紀、間宮くるみ、濱野大輝、柳田淳一、真木駿一、増元拓也、久山卓也、沖佳苗、高橋伸也,7.7,8131,https://lain.bgm.tv/r/400/pic/cover/l/68/64/131891_dR2ZT.jpg,https://bangumi.tv/subject/131891
536,探险活宝 第四季,TV,26,2012-04-02,未知,,Jeremy Shada,7.9,179,https://lain.bgm.tv/r/400/pic/cover/l/c0/27/106656_7BDV4.jpg,https://bangumi.tv/subject/106656
537,探险活宝 第三季,TV,26,2011-07-11,未知,,Jeremy Shada,7.9,189,https://lain.bgm.tv/r/400/pic/cover/l/25/42/106655_pyypW.jpg,https://bangumi.tv/subject/106655
538,CLANNAD 另一个世界 智代篇,OVA,1,2008-07-16,石原立也,志茂文彦,桑島法子、中村悠一、西前忠久、小谷津央典、福山潤、貝原怜奈、門田幸子、永田依子、宮川美保、成家義哉,7.7,9436,https://lain.bgm.tv/r/400/pic/cover/l/7f/ec/37873_ZyP2G.jpg,https://bangumi.tv/subject/37873
539,摇滚新乐团,TV,26,2004-10-06,小林治,小林治,浪川大輔、上野裕馬、大畑伸太郎、野島健児、奈良徹、斉木美帆、麻生智久、森田成一、丸山美紀、渋谷茂、山川琴美、掟ポルシェ、江川央生、松本ヨシロウ、津田健次郎、四反田マイケル、岩田光央、永島由子、平川大輔,7.7,1505,https://lain.bgm.tv/r/400/pic/cover/l/4f/81/4035_nKZCN.jpg,https://bangumi.tv/subject/4035
540,画完这个再去死,TV,12,2026-07-03,赤城博昭,加藤還一、伊丹あき、福田裕子,関根明良、早見沙織、日髙のり子、仁見紗綾、藤村花音、水瀬いのり、種﨑敦美、ゆかな、井上喜久子、興津和幸、境珠理、朝日奈丸佳、原涼歌、大原さやか、石狩勇気、中根久美子、日岡なつみ、仲村かおり、南波遥海、福本茉彩、七瀬けろ、羽鳥颯希、所河ひとみ、花咲心優、長岡龍歩,7.7,1222,https://lain.bgm.tv/r/400/pic/cover/l/8b/c0/545917_GoNvI.jpg,https://bangumi.tv/subject/545917
541,异种族风俗娘评鉴指南,TV,12,2020-01-11,小川優樹,岡田邦彦、筆安一幸、植竹須美男,間島淳司、小林裕介、富田美憂、湯浅かえで、M・A・O、浜田賢二、河西健吾、上田燿司、八百屋杏、小山百代、山村響、五十嵐裕美、礒部花凜、松嵜麗、日野まり、日笠陽子、古木のぞみ、伊丸岡篤、井上雄貴、加藤祐梨、貫井柚佳、田中貴子、井澤詩織、成海瑠奈、小市眞琴、松浦チエ、荻野葉月、美波わかな、島田愛野、前川涼子、高森奈津美、岡野友佑、水間友美、青山玲菜、集貝はな、七瀬彩夏、三宅麻理恵、長久友紀、石橋桃、杉山里穂、田澤茉純、汐入あすか、西田望見、奥野香耶、森なな子、M・A・O、桑原由気、冨岡美沙子、深川芹亜、仲田ありさ、本泉莉奈、小橋里美、渡谷美帆、山本綾、河村梨恵、伊藤彩沙、村中知、橋本ちなみ、中村桜、長谷川育美、天海由梨奈、船戸ゆり絵、清水彩香、本多真梨子、長妻樹里、前川涼子、小田切優衣、榎吉麻弥、後藤邑子、榎吉麻弥、内村史子、逢坂良太、望田ひまり、藤原由林、佐倉薫、青山吉能、久保田未夢、興津和幸、赤﨑千夏、金元寿子、富田美憂、湯浅かえで,7.7,14222,https://lain.bgm.tv/r/400/pic/cover/l/dc/8a/285482_c5RRj.jpg,https://bangumi.tv/subject/285482
542,猫头鹰魔法社 第二季,TV,21,2021-06-12,未知,,Cissy Jones、Erica Lindbeck、Kimberly Brooks、Mela Lee、Felicia Day,8.1,83,https://lain.bgm.tv/r/400/pic/cover/l/1e/3f/343589_5sWeZ.jpg,https://bangumi.tv/subject/343589
543,为美好的世界献上祝福！ 第二季,TV,10,2017-01-11,金﨑貴臣,上江洲誠、中村浩二郎、待田堂子,福島潤、雨宮天、高橋李依、茅野愛衣、諏訪彩花、諏訪彩花、堀江由衣、豊崎愛生、原紗友里、長縄まりあ、江口拓也、生天目仁美、長嶝高士、樫井笙人、飛田展男、間島淳司、西田雅一、生天目仁美、甲斐田裕子、津田健次郎、石川界人、稲田徹、安元洋貴、樫井笙人、土田玲央、井上和彦、三上由理恵、幸田夢波、青山吉能、若林佑、陣谷遥、堂坂晃三、中恵光城、宇垣秀成、長谷美希、中島ヨシキ、樫井笙人、藤田咲、長谷美希、稲田徹、中島ヨシキ、小倉唯、南央美、渡辺明乃、最上嗣生、小澤亜李,7.7,19063,https://lain.bgm.tv/r/400/pic/cover/l/53/e6/174043_Mt8Xb.jpg,https://bangumi.tv/subject/174043
544,夏娃的时间 剧场版,剧场版,1,2010-03-06,吉浦康裕,吉浦康裕,田中理恵、福山潤、野島健児、三瓶由布子、佐藤利奈、ゆかな、中尾みち雄、伊藤美紀、沢城みゆき、清川元夢、杉田智和、水谷優子、榎本温子,7.7,2529,https://lain.bgm.tv/r/400/pic/cover/l/b5/55/6880_cEcJ2.jpg,https://bangumi.tv/subject/6880
545,来自深渊 启程之拂晓,剧场版,1,2019-01-04,小島正幸,倉田英之、小柳啓伍,富田美憂、伊瀬茉莉也、大原さやか、豊崎愛生、田村睦心、沼倉愛美、塙真奈美、村田太志、沢海陽子、稲田徹、新祐樹、中務貴幸、川原慶久、坂本真綾、村瀬歩,7.7,2410,https://lain.bgm.tv/r/400/pic/cover/l/3a/ea/240798_Lev4e.jpg,https://bangumi.tv/subject/240798
546,银河漂流VIFAM,TV,46,1983-10-21,神田武幸,星山博之、平野靖士、伊東恒久、並木敏,難波克弘、竹村拓、鳥海勝美、冨永みーな、手塚ちはる、原えりこ、菊池英博、あきやまるな、笠原弘子、野沢雅子、千々松幸子、佐々木るん、滝沢久美子、滝沢久美子,8.0,101,https://lain.bgm.tv/r/400/pic/cover/l/bd/59/37295_400in.jpg,https://bangumi.tv/subject/37295
547,进击的巨人 最终季 完结篇 前篇,TV,1,2023-03-03,林祐一郎,瀬古浩司,梶裕貴、石川由依、井上麻里奈、樋渡宏嗣、石井康嗣、湯屋敦子、青山穣、嶋村侑、谷山紀章、下野紘、細谷佳正、朴璐美、神谷浩史、小野大輔、沼倉愛美、佐倉綾音、花江夏樹、小野賢章、斎賀みつき,7.7,10707,https://lain.bgm.tv/r/400/pic/cover/l/4f/33/376739_KMN9x.jpg,https://bangumi.tv/subject/376739
548,罗小黑战记2,剧场版,1,2025-07-18,MTJJ、顾杰,MTJJ、顾杰、彭可欣、风息神泪,山新、花澤香菜、刘明月、宮野真守、朱婧、悠木碧、山新、水瀬いのり、栾立胜、山路和弘、傅晨阳、諏訪部順一、言灵、榎木淳弥、陈啟刚、土屋神葉、皇贞季、石田彰、李昊甲、多田野曜平、陈思宇、チョー、李璐、大塚芳忠、任景行、云安、来晓风、余奇明、王敏纳、粟大伟、林柏青、李绍刚、赵双、任景行、王敏纳、王语、唐嶷、赵双、胡霖、武桢鑫、茗以、路扬、余奇明、逝枫、陌上、姜波、大郭浩然、邢凯新、兰酒、逝枫、粟大伟、武桢鑫,7.7,3310,https://lain.bgm.tv/r/400/pic/cover/l/86/e5/442114_nSSO1.jpg,https://bangumi.tv/subject/442114
549,天书奇谭,剧场版,1,1983,王树忱、钱运达,包蕾、王树忱,丁建华、毕克、苏秀、程晓桦、施融,7.7,1385,https://lain.bgm.tv/r/400/pic/cover/l/c1/c1/36186_79dW7.jpg,https://bangumi.tv/subject/36186
550,幽游白书,TV,112,1992-10-10,阿部記之,大橋志吉、富田祐弘、隅沢克之、橋本裕志,佐々木望、檜山修之、緒方恵美、中原茂、千葉繁、天野由梨、林原めぐみ、京田尚子、高山みなみ、田中真弓、白鳥由里、玄田哲章、折笠愛、鈴木勝美、室井深雪、折笠愛、納谷六朗、石田彰、沢海陽子、滝沢久美子、佐藤ユリ、若本規夫、西村知道、遠藤勝代、鈴鹿千春、福田信昭、西村知道、鈴木勝美,7.7,1989,https://lain.bgm.tv/r/400/pic/cover/l/74/9b/8803_7QhSs.jpg,https://bangumi.tv/subject/8803
551,元气囝仔,TV,12,2014-07-05,橘正紀,杉浦理史,小野大輔、原涼子、古木のぞみ、大久保瑠美、内山昂輝、遠藤璃菜、潘めぐみ、杉野田ぬき、立木文彦、諏訪部順一、梶裕貴、小川祥平、加藤清司,7.7,5049,https://lain.bgm.tv/r/400/pic/cover/l/95/70/83868_FfaxZ.jpg,https://bangumi.tv/subject/83868
552,搞笑漫画日和3,TV,12,2008-03-17,大地丙太郎,増田こうすけ（集英社『ジャンプスクエア』連載）,前田剛、佐藤なる美、前田剛、内藤玲、前田剛、名塚佳織、矢部雅史、名塚佳織、うえだゆうじ、内藤玲、うえだゆうじ、那須めぐみ、うえだゆうじ、矢部雅史、名塚佳織、うえだゆうじ、名塚佳織、名塚佳織、那須めぐみ,7.7,3219,https://lain.bgm.tv/r/400/pic/cover/l/8b/db/2459_T0439.jpg,https://bangumi.tv/subject/2459
553,ReLIFE 完结篇,OVA,4,2018-03-21,小坂知,兵頭一歩,茅野愛衣、小野賢章、上田麗奈、木村良平、内田雄馬、戸松遥、茜屋日海夏、杉山紀彰、沢城みゆき、浪川大輔,7.7,9030,https://lain.bgm.tv/r/400/pic/cover/l/55/63/213816_y91Nb.jpg,https://bangumi.tv/subject/213816
554,圣斗士星矢 冥王十二宫编,OVA,13,2003-01-25,車田正美,横手美智子,鈴置洋孝、井上富美子、橋本晃一、粕谷雄太、堀内賢雄、矢田耕司、山崎たくみ、置鮎龍太郎、佐藤朱、三ツ矢雄二、関俊彦、神奈延年、田中秀幸、草尾毅、飛田展男、難波圭一、玄田哲章、田中亮一、小山茉美,7.7,1453,https://lain.bgm.tv/r/400/pic/cover/l/ac/c3/593_10z51.jpg,https://bangumi.tv/subject/593
555,悠哉日常大王 OAD,OVA,1,2014-07-23,川面真也,吉田玲子,小岩井ことり、村川梨衣、佐倉綾音、阿澄佳奈、佐藤利奈、名塚佳織、？？？、福圓美里、新谷良子,7.7,3279,https://lain.bgm.tv/r/400/pic/cover/l/3e/c1/86895_0ezw8.jpg,https://bangumi.tv/subject/86895
556,夏娃的时间,WEB,6,2008-08-01,吉浦康裕,吉浦康裕,田中理恵、福山潤、野島健児、三瓶由布子、佐藤利奈、ゆかな、中尾みち雄、伊藤美紀、沢城みゆき、清川元夢、杉田智和、水谷優子、榎本温子,7.7,2894,https://lain.bgm.tv/r/400/pic/cover/l/e2/2d/1760_lGuLC.jpg,https://bangumi.tv/subject/1760
557,为美好的世界献上祝福！,TV,10,2016-01-13,金﨑貴臣,上江洲誠、朱白あおい、中村浩二郎,福島潤、雨宮天、高橋李依、茅野愛衣、諏訪彩花、諏訪彩花、堀江由衣、原紗友里、安元洋貴、江口拓也、稲田徹、間島淳司、生天目仁美、山下七海、三石琴乃、羽多野渉、土田玲央、加隈亜衣、山田奈都美、長谷美希、三上由理恵、長谷美希、若林佑、陣谷遥、堂坂晃三、樫井笙人、中恵光城、チョー、三上由理恵、千田光男、長谷美希、中恵光城、山田奈都美、金田朋子、幸田夢波、青山吉能,7.7,23313,https://lain.bgm.tv/r/400/pic/cover/l/56/de/135275_G3liq.jpg,https://bangumi.tv/subject/135275
558,第一神拳 New Challenger,TV,26,2009-01-06,宍戸淳,中川淳、筆安一幸、室井ふみえ、渡邉こと乃,喜安浩平、于正昇、小山力也、孫中台、関智一、相沢まさき、内海賢二、藤原啓治、高木渉、浪川大輔、平田裕香、阪口大助、大塚明夫、菅原正志、田中正彦、中嶋聡彦、石塚運昇、寺内よりえ、真殿光昭、小野健一、小野坂昌也、佐々木誠二、津田匠子、永井一郎、篠原恵美、稲葉実、黒田崇矢、阪口大助、中村悠一、飯塚昭三、小林ゆう、園部啓一、二又一成、小形満、大川透、横尾まり、玉川砂記子、若林直美、小室正幸、佐藤拓也、勝沼紀義、森川竜太、志村知幸、鈴木琢磨、堀内賢雄、井上喜久子、松元恵、福田信昭、園崎未恵、堀川仁,7.8,249,https://lain.bgm.tv/r/400/pic/cover/l/22/c5/3641_r12wE.jpg,https://bangumi.tv/subject/3641
559,×××HOLiC・笼 徒梦,OVA,1,2011-03-09,水島努,大川七瀬,福山潤、中井和哉、大原さやか、こじまかずこ、望月久代,7.7,1636,https://lain.bgm.tv/r/400/pic/cover/l/45/ea/11598_8CN89.jpg,https://bangumi.tv/subject/11598
560,进击的巨人 最终季 Part.2,TV,12,2022-01-09,林祐一郎,瀬古浩司,梶裕貴、石川由依、井上麻里奈、土田大、樋渡宏嗣、石井康嗣、湯屋敦子、下野紘、三上枝織、谷山紀章、細谷佳正、朴璐美、神谷浩史、子安武人、花江夏樹、佐倉綾音、沼倉愛美、増田俊樹、最上嗣生、渡辺明乃、小野賢章、松風雅也、斉藤次郎、花輪英司、斎賀みつき、鷹森淑乃、屋良有作、日笠陽子,7.7,13161,https://lain.bgm.tv/r/400/pic/cover/l/61/0c/331752_iRPHK.jpg,https://bangumi.tv/subject/331752
561,探险活宝 第六季,TV,43,2014-04-21,未知,湯浅政明,Jeremy Shada,7.9,158,https://lain.bgm.tv/r/400/pic/cover/l/00/b9/104521_6m21b.jpg,https://bangumi.tv/subject/104521
562,铳墓,TV,26,2003-10-06,都留稔幸,黒田洋介,磯部勉、浜田賢二、関智一、井上喜久子、佐久間紅美、清川元夢、大畑伸太郎、大友龍三郎、立木文彦,7.7,1185,https://lain.bgm.tv/r/400/pic/cover/l/7f/fd/1805_7wZPX.jpg,https://bangumi.tv/subject/1805
563,平成狸合战,剧场版,1,1994-07-16,高畑勲,高畑勲,,7.7,1914,https://lain.bgm.tv/r/400/pic/cover/l/f4/f6/407_9XXL4.jpg,https://bangumi.tv/subject/407
564,最终流放,TV,26,2003-04-07,千明孝一,千明孝一、神山修一、山下友弘、冨岡淳広、鈴木貴昭,斎藤千和、浅野まゆみ、赤沼杏奈、森川智之、喜多村英梨、三木眞一郎、郷田ほづみ、須藤祐実、半場友恵、根谷美智子、花澤香菜、野田順子、桑谷夏子、山崎和佳奈、永田亮子、ゆかな,7.7,2341,https://lain.bgm.tv/r/400/pic/cover/l/43/0c/921_QHfnb.jpg,https://bangumi.tv/subject/921
565,小马宝莉：友谊就是魔法 第三季,TV,13,2012-11-10,未知,,Tara Strong、洪海天、塙真奈美,7.7,743,https://lain.bgm.tv/r/400/pic/cover/l/6c/5e/54234_HuZ7u.jpg,https://bangumi.tv/subject/54234
566,在这世界(更多一些)的角落,剧场版,1,2019-12-20,片渕須直,片渕須直,,7.7,936,https://lain.bgm.tv/r/400/pic/cover/l/43/3a/255191_3Upw4.jpg,https://bangumi.tv/subject/255191
567,日常 OAD,OVA,1,2011-03-12,石原立也,花田十輝,本多真梨子、相沢舞、富樫美鈴,7.7,3059,https://lain.bgm.tv/r/400/pic/cover/l/01/c5/36004_50uqR.jpg,https://bangumi.tv/subject/36004
568,蜡笔小新：风起云涌！夕阳下的春日部男孩,剧场版,1,2004-04-17,水島努,水島努,矢島晶子、蔣篤慧、ならはしみき、呂佩玉、藤原啓治、于正昇、こおろぎさとみ、賀世芳、真柴摩利、劉如蘋、真柴摩利、賀世芳、林玉緒、楊凱凱、一龍斎貞友、魏伯勤、佐藤智恵、于正昇,7.7,1156,https://lain.bgm.tv/r/400/pic/cover/l/2a/ac/8991_qPJJ8.jpg,https://bangumi.tv/subject/8991
569,机动战士高达 剧场版Ⅲ 相逢在宇宙,剧场版,1,1982-03-13,関田修,星山博之、荒木芳久、山本優、松崎健一,古谷徹、池田秀一、鈴置洋孝、井上瑤、白石冬美、永井一郎、潘恵子、塩沢兼人、田中正彦、岸尾だいすけ、小林通孝、清川元夢、井上瑤、渡部猛、加藤治、宮田浩徳、戸谷公次、長嶝高士、屋良有作、岸野一彦、二又一成、屋良有作、池田勝、宝亀克寿、古川登志夫、田中一成、三輪禎大、村山明、松岡文雄、戸谷公次、木原正二郎,7.7,1297,https://lain.bgm.tv/r/400/pic/cover/l/69/57/38437_Ir9p9.jpg,https://bangumi.tv/subject/38437
570,阿尔卑斯山的少女海蒂,TV,52,1974-01-06,高畑勲,大川久男、佐々木守、吉田義昭,,7.8,303,https://lain.bgm.tv/r/400/pic/cover/l/13/90/5487_xGMKt.jpg,https://bangumi.tv/subject/5487
571,宝可梦 钻石&珍珠,TV,191,2006-09-28,須藤典彦、浅田裕二,冨岡淳広、藤田伸三、米村正二、武上純希、大橋志吉、十川誠志、松井亜弥,大谷育江、松本梨香、豊口めぐみ、うえだゆうじ、犬山イヌコ、西村ちなみ、林原めぐみ、三木眞一郎、石塚運昇、常进、小桜エツコ、てらそままさき、小西克幸、伊東みやこ、櫻井智、井上喜久子、山口由里子、浅井清己、川澄綾子、かかずゆみ、KAORI.、小林優子、中島愛、ゆきのさつき、川上とも子、陈玺月、詹雅菁、堀川仁,7.7,1588,https://lain.bgm.tv/r/400/pic/cover/l/9c/b9/3021_CUKiW.jpg,https://bangumi.tv/subject/3021
572,银魂.,TV,12,2017-01-08,宮脇千鶴,立原正輝、松原秀、岸本卓,杉田智和、釘宮理恵、阪口大助、石田彰、子安武人、山崎たくみ、早水リサ、三木眞一郎、速水奨、日野聡、茶風林、渡辺明乃、大塚芳忠、山寺宏一、井上和彦、平野綾、浪川大輔、玄田哲章、広橋涼、釘宮理恵、坂口候一、下山吉光,7.7,2480,https://lain.bgm.tv/r/400/pic/cover/l/ba/ec/193298_d3A2D.jpg,https://bangumi.tv/subject/193298
573,剧场版 吹响吧！上低音号～欢迎来到北宇治高中吹奏乐部～,剧场版,1,2016-04-23,石原立也,花田十輝,黒沢ともよ、朝井彩加、豊田萌絵、安済知佳、寿美菜子、早見沙織、茅原実里、藤村鼓乃美、山岡ゆり、久川綾、種﨑敦美、田所あずさ、七緒はるひ、石谷春貴、津田健次郎、小堀幸、櫻井孝宏、平井祥恵、相川奈都姫、千菅春香、中村太亮,7.7,4639,https://lain.bgm.tv/r/400/pic/cover/l/a8/fd/152092_ubYO0.jpg,https://bangumi.tv/subject/152092
574,魔法之星爱美 蝉时雨,OVA,1,1986-09-21,安濃高志,安濃高志,,7.8,317,https://lain.bgm.tv/r/400/pic/cover/l/25/b7/214824_1Iy7E.jpg,https://bangumi.tv/subject/214824
575,POKÉTOON动画系列,WEB,8,2020-06-05,山元隼一、山下清悟、Cédric、Hérole、薮本和彦、川野達朗、平岡政展、佐藤ゆう,山元隼一、松澤くれは、新八角、角田貴志、北野勇作,南壽あさ子,7.8,363,https://lain.bgm.tv/r/400/pic/cover/l/83/71/338353_9K3A3.jpg,https://bangumi.tv/subject/338353
576,少年正义联盟 第二季,TV,20,2012-04-28,TimDivar、DougMurphy、MelchiorZwyer,Greg Weisman,,7.9,131,https://lain.bgm.tv/r/400/pic/cover/l/9d/49/52129_GgT54.jpg,https://bangumi.tv/subject/52129
577,夏目友人帐 伍,TV,11,2016-10-04,出合小都美,村井さだゆき、吉永亜矢、大野木寛、國澤真理子,藤村歩、神谷浩史、井上和彦、小林沙苗、小林沙苗、沢城みゆき、佐藤利奈、木村良平、伊藤美紀、伊藤栄次、渡辺美佐、チョー、下崎紘史、ゆきのさつき、堀江一眞、石田彰、諏訪部順一、菅沼久義、久保ユリカ、岡村明美、黒田崇矢、樋口あかり、松山鷹志、神田朱未、遠藤綾、藤原貴弘、塙真奈美、郷田ほづみ、清都ありさ、上田燿司、丸高大知、田中美央、伊東みやこ、金田アキ、新谷真弓、こぶしのぶゆき、高野慎平、赤澤涼太、沢田敏子、塙英子、佐々健太、水野理紗、桜井春名、森瀬惇平、服部想之介、東城日沙子、山路和弘、真田五郎、矢部雅史、小夏ゆみこ、高橋ひろし、松川裕輝、菊池こころ、清川元夢、宮本克哉、井上祐子、岩崎征実、西村知道、杉山佳寿子、松川裕輝、鈴村健一,7.7,3983,https://lain.bgm.tv/r/400/pic/cover/l/f4/8b/174638_zPvJZ.jpg,https://bangumi.tv/subject/174638
578,境界触发者 第二季,TV,12,2021-01-09,葦原大介,吉野弘幸、金月龍之介、大野木寛,村中知、梶裕貴、田村奈央、中村悠一、福山潤、釘宮理恵、前野智昭、中尾衣里、津田健次郎、浦和めぐみ、岡本信彦、花澤香菜、粕谷雄太、浪川大輔、緑川光、菅沼久義、森田成一、草尾毅、ゆかな、畠中祐、石川界人、島﨑信長、江川央生、豊永利行、園崎未恵、津田健次郎、村瀬歩、白石涼子、野島裕史、代永翼、庄司宇芽香、桐本拓哉、塩屋浩三、島田敏、竹本英史、桑島法子、三浦祥朗、森下由樹子、根本幸多、渡辺美佐、岸尾だいすけ、織田優成、高戸靖広、一木千洋、水沢史絵、今野宏美、佐々木望、古川登志夫、柳田淳一、置鮎龍太郎、岩田光央、沼田祐介、徳山靖彦、竹本英史、泰勇気、成瀬誠、高塚正也、増尾興佑、桑島法子、庄司宇芽香、一木千洋、広橋涼、田中大文、のぐちゆり、井野優、藤井ゆきよ、浅利遼太、諏訪部順一、田中健大、たくみ靖明、武虎、三瓶由布子、潘めぐみ、三野雄大、赤羽根健治、近藤玲奈、小西克幸、竹田海渡、小野将夢、堀江瞬、大空直美、石田彰、半田裕典、橘龍丸、川口桜,7.7,943,https://lain.bgm.tv/r/400/pic/cover/l/97/02/296875_104Pt.jpg,https://bangumi.tv/subject/296875
579,剧场版 高达Reconguista in G Ⅳ 在激斗中呼唤爱,剧场版,1,2022-07-22,矢立肇、富野由悠季,富野由悠季,石井マーク、嶋村侑、福井裕佳梨、寿美菜子、逢坂良太、高垣彩陽、高垣彩陽、須田祐介、藤真秀、広瀬彰勇、田中敦子、辻親八、佐藤拓也、姫野惠二、鷄冠井美智子、中原麻衣、Michelle Yumiko Payne、佐竹海莉、鈴木千尋、かぬか光明、山本格、藤高智大、村田太志、佐藤美由希、尾畑美依奈、木下浩之、長谷川芳明、江頭宏哉、浅沼晋太郎、梅津秀行、谷昌樹、玉川砂記子、中井和哉、小清水亜美、諏訪部順一、仲野裕、子安武人、稲田徹,7.7,441,https://lain.bgm.tv/r/400/pic/cover/l/4e/b1/286126_SyfvJ.jpg,https://bangumi.tv/subject/286126
580,秀逗魔导士,TV,26,1995-04-07,渡部高志,千葉克彦、山田靖智、高山治郎、渡辺誓子、長谷川勝己、小山高生、花田十輝,林原めぐみ、馮友薇、松本保典、于正昇、緑川光、劉傑、鈴木真仁、敖冰欣、安西正弘、孫中台、冬馬由美、敖冰欣、子安武人、李香生,7.7,1615,https://lain.bgm.tv/r/400/pic/cover/l/cf/22/2094_F1EjV.jpg,https://bangumi.tv/subject/2094
581,时光流逝，饭菜依旧美味,TV,12,2025-04-12,春水融、川面真也,星野七海、比企能博,嶋野花、加隈亜衣、青山吉能、乾夏寧、会沢紗弥、もえのあずき、前田愛、福原綾香、長江里加、長谷川育美、黒木ほの香、中島愛、大井麻利衣、下屋則子、所河ひとみ、稲垣好,7.7,11222,https://lain.bgm.tv/r/400/pic/cover/l/d3/5d/531159_BayD9.jpg,https://bangumi.tv/subject/531159
582,星界的纹章,TV,13,1999-01-12,長岡康史,吉永亜矢,川澄綾子、今井由香、塩沢兼人、小杉十郎太、子安武人、石塚運昇、高島雅羅、鈴置洋孝、深見梨加、田中秀幸,7.7,715,https://lain.bgm.tv/r/400/pic/cover/l/14/75/4301_dr1D5.jpg,https://bangumi.tv/subject/4301
583,相反的你和我,TV,12,2026-01-11,長友孝和,内海照子、吉田好湖,坂田将吾、鈴代紗弓、谷口夢奈、平林瑚夏、島袋美由利、加藤渉、岩田アンジ、大森こころ、楠木ともり、藤原大智、漆山ゆうき、弘松芹香、石谷春貴、玉井勇輝、佐伯美由紀、中村源太、野路ももこ、所河ひとみ、橘あんり、佐久間宣行、真木駿一、丹羽哲士、三野雄大、関幸司、加藤渉、髙橋咲貴、國松沙矢香、立石航己、屋代瑠花、朝月ひな、堀金蒼平、楠木ともり,7.7,7725,https://lain.bgm.tv/r/400/pic/cover/l/71/50/525565_OxOv7.jpg,https://bangumi.tv/subject/525565
584,拥抱！光之美少女,TV,49,2018-02-04,東堂いづみ(連載／講談社「おともだち」「たのしい幼稚園」「なかよし」,坪田文、村山功、広田光毅、井上亜樹子、有賀ひかる、田中仁、成田良美、坪中仁文、横手美智子,引坂理絵、本泉莉奈、小倉唯、田村奈央、田村ゆかり、多田このみ、福島潤、野田順子、森田順平、土師孝也、甲斐田裕子、小島よしお、山田ルイ53世、新井里美、井上喜久子、吉田ウーロン太、竹内栄治、田坂浩樹、岡本麻弥、青山桐子、片貝薫、野間口徹、池谷のぶえ、野田圭一、霜月紫、浪川大輔、名塚佳織、玉木雅士、染谷俊之、依田菜津、長縄まりあ、土師亜文、山谷祥生、福原かつみ、洲崎綾、キンタロー。、知桐京子、井澤詩織、赤尾ひかる、寺内よりえ、川井田夏海、間宮康弘、桑谷夏子、佐藤亜美菜、三木眞一郎、町田政則、大原さやか、落合福嗣、沖佳苗、松野太紀、三瓶由布子、本名陽子、ゆかな、田中理恵、釘宮理恵、中島愛、嶋村侑、高橋李依、堀江由衣、早見沙織、美山加恋、福原遥、村中知、藤田咲、森なな子、水瀬いのり、成瀬瑛美、高木渉,7.7,708,https://lain.bgm.tv/r/400/pic/cover/l/21/31/228046_THyGs.jpg,https://bangumi.tv/subject/228046
585,扬基都德鼠,剧场版,1,1943-06-26,William、Hanna、Joseph、Barbera,威廉·汉纳,,7.9,122,https://lain.bgm.tv/r/400/pic/cover/l/ff/14/132368_3fLZz.jpg,https://bangumi.tv/subject/132368
586,搞笑漫画日和2,TV,12,2006-08-05,大地丙太郎,増田こうすけ（集英社『月刊少年ジャンプ』連載）,前田剛、佐藤なる美、前田剛、内藤玲、前田剛、竹本英史、名塚佳織、伊藤実華、うえだゆうじ、うえだゆうじ、前田剛、うえだゆうじ、名塚佳織、伊藤実華、前田剛、矢部雅史、名塚佳織、うえだゆうじ、前田剛、矢部雅史、うえだゆうじ、名塚佳織、うえだゆうじ、前田剛、うえだゆうじ、矢部雅史、名塚佳織、うえだゆうじ、うえだゆうじ,7.7,3296,https://lain.bgm.tv/r/400/pic/cover/l/e9/41/2460_78W8w.jpg,https://bangumi.tv/subject/2460
587,黑礁 Roberta’s Blood Trail,OVA,5,2010-07-17,片渕須直,片渕須直,浪川大輔、豊口めぐみ、富沢美智恵、ゆきのさつき、磯部勉、平田広明、小山茉美、森川智之、佐々木優子、杉田智和,7.7,3382,https://lain.bgm.tv/r/400/pic/cover/l/21/9e/6985_Enean.jpg,https://bangumi.tv/subject/6985
588,水星领航员 The CREPUSCOLO,剧场版,1,2021-03-05,名取孝浩,佐藤順一,広橋涼、佐藤利奈、茅野愛衣、渡辺明乃、葉月絵理乃、大原さやか、水橋かおり、西村ちなみ、斎藤千和、皆川純子、中原麻衣、水橋かおり、阿澄佳奈、桑島法子、白石涼子、野島裕史、うえだゆうじ、安野希世乃、松尾佳子,7.7,872,https://lain.bgm.tv/r/400/pic/cover/l/f8/71/304087_e555S.jpg,https://bangumi.tv/subject/304087
589,灌篮高手,剧场版,1,2022-12-03,井上雄彦,井上雄彦,仲村宗悟、島袋美由利、謝寧、常蓉珊、于正昌、谷江山、木村昴、于正昇、神尾晋一郎、張騰、官志宏、三宅健太、刘北辰、林谷珍、笠間淳、图特哈蒙、陳彥鈞、宝亀克寿、孫中台、坂本真綾、沈欣如、王中璇、岩崎諒太、藤新、張立昂、小林親弘、于正昇、赵路、瀬戸麻沙美、乔诗语、汪世瑋、松田健一郎、赵乾景、傅品晟、こばたけまさふみ、夏磊、孫中台、福西勝也、沈达威、林谷珍、阿座上洋平、于正昇、谢添天、稲田徹、孟祥龙、夏治世、奈良徹、張立昂、阿杰、かぬか光明、刘琮、陳彥鈞、武内駿輔、傅品晟、鶴岡聡、吴磊、音箱、長谷川芳明、边江、何志威、岩城泰司、郭浩然、夏治世、かぬか光明、沈庭均、櫻井トオル、何志威、遠藤大智、于正昌、梶原岳人、園崎未恵、久野美咲,7.7,2761,https://lain.bgm.tv/r/400/pic/cover/l/85/fd/324720_tk4k6.jpg,https://bangumi.tv/subject/324720
590,为美好的世界献上祝福！第三季,TV,11,2024-04-10,安部祐二郎,金﨑貴臣、上江洲誠,福島潤、雨宮天、高橋李依、茅野愛衣、諏訪彩花、諏訪彩花、堀江由衣、豊崎愛生、原紗友里、高尾奏音、江口拓也、長嶝高士、西田雅一、生天目仁美、矢作紗友里、渡辺明乃、小清水亜美、上田麗奈、杉山紀彰、稲田徹、間島淳司、羽多野渉、土田玲央、花守ゆみり、井上和彦、長谷美希、若林佑、陣谷遥、堂坂晃三、ブリドカットセーラ恵美、最上嗣生、酒巻光宏、西村知道、古川伴睦、酒巻光宏,7.7,13557,https://lain.bgm.tv/r/400/pic/cover/l/4c/8a/342667_0RfU8.jpg,https://bangumi.tv/subject/342667
591,ReLIFE,TV,13,2016-07-01,小坂知,横手美智子、兵頭一歩,茅野愛衣、小野賢章、上田麗奈、木村良平、内田雄馬、戸松遥、茜屋日海夏、杉山紀彰、白石涼子、沢城みゆき、浪川大輔、羽多野渉、伊藤静、川島得愛、梶川翔平、藤田茜、近藤唯、鳴海杏子、三木眞一郎、中尾隆聖、田中あいみ、小林大紀、福緒唯、置鮎龍太郎、南早紀、鳴海杏子、生田鷹司、田中太郎、金光宣明、奈良徹、鳴海杏子,7.7,12515,https://lain.bgm.tv/r/400/pic/cover/l/e0/a2/126173_II0Y1.jpg,https://bangumi.tv/subject/126173
592,马男波杰克,TV,12,2014-08-22,JoelMoser、J.C.Gonzalez、MartinCendreda、AmyWinfrey,,,7.7,740,https://lain.bgm.tv/r/400/pic/cover/l/71/ec/124649_c10FQ.jpg,https://bangumi.tv/subject/124649
593,阿甘妙世界 第一季,TV,36,2011-05-03,MicGraves,BenBocquelet,,8.1,78,https://lain.bgm.tv/r/400/pic/cover/l/6f/f9/129927_iCzcc.jpg,https://bangumi.tv/subject/129927
594,银河英雄传说 Die Neue These 策谋 第3章,剧场版,4,2022-11-25,多田俊介,高木登、根元歳三、谷村大四郎,宮野真守、鈴村健一、梶裕貴、畠中祐、諏訪部順一、小野大輔、中村悠一、花澤香菜、上村祐翔、江川央生、野島裕史、稲田徹、樋渡宏嗣、辻井健吾、沖野晃司、山内健嗣、浜田賢二、志賀克也、青山穣、大隈健太、土屋トシヒデ、後藤光祐、名村幸太朗、野中秀哲、拝真之介、川島得愛、遠藤綾、三木眞一郎、鈴木達央、石川界人、大塚芳忠、岩崎征実、鳥海浩輔、中博史、平川大輔、奈良徹、志村知幸、四宮豪、山口恵、北田理道、望月健一、手塚秀彰、野島健児、園崎未恵、小原雅人、朝倉栄介、遊佐浩二、下山吉光,7.7,602,https://lain.bgm.tv/r/400/pic/cover/l/83/b0/381842_bYwIn.jpg,https://bangumi.tv/subject/381842
595,东方活动写真馆,OVA,6,2009-04-26,未知,,,7.7,549,https://lain.bgm.tv/r/400/pic/cover/l/b8/3a/49315_NMded.jpg,https://bangumi.tv/subject/49315
596,勇者王GaoGaiGar,TV,49,1997-02-01,米たにヨシトモ,米たにヨシトモ、竹田裕一郎、山口宏、鈴木良武、平野靖士、北嶋博明,檜山修之、半場友恵、伊藤舞子、紗ゆり、吉田小南美、真殿光昭、石井康嗣、江川央生、緒方賢一、ならはしみき、石川ひろあき、カシワクラツトム、緒方賢一、岩田光央、ならはしみき、カシワクラツトム、石川ひろあき、ならはしみき、吉田小南美、塩屋浩三、紗ゆり、千葉耕市、塩屋浩三、紗ゆり、カシワクラツトム、真殿光昭、緒方賢一、吉田小南美、茶風林、谷山紀章、小西克幸、伊藤舞子、森沢芙美、岩田光央、江川央生、緒方賢一、吉田小南美、半場友恵、山田真一、山田真一、山田真一、山田真一、山田真一、山田真一、山田真一、山田真一、小西克幸、小西克幸、江川央生、岩田光央,7.7,603,https://lain.bgm.tv/r/400/pic/cover/l/5f/a9/1894_u2H0r.jpg,https://bangumi.tv/subject/1894
597,超时空要塞Plus 剧场版,剧场版,1,1995-10-07,渡辺信一郎,信本敬子,,7.7,691,https://lain.bgm.tv/r/400/pic/cover/l/36/9a/38256_j9J0z.jpg,https://bangumi.tv/subject/38256
598,齐木楠雄的灾难 第二季,TV,24,2018-01-16,桜井弘明,桜井弘明、漆原虹平、高山淳史,田中あいみ、戸松遥、神谷浩史、茅野愛衣、小野大輔、島﨑信長、細谷佳正、日野聡、田村ゆかり、喜多村英梨、花江夏樹、内田真礼、愛河里花子、岩田光央、前野智昭、森久保祥太郎、山寺宏一、田中理恵、野島健児、松風雅也、藤原夏海、梶裕貴、M・A・O、小松未可子、相沢梨紗、村田太志、山口太郎、新垣樽助、野瀬育二、小野賢章、松岡禎丞、保村真、片岡あづさ、櫻井浩美、小林由美子、石上静香、柳田淳一、清川元夢、木島隆一、室元気、小林裕介、たくみ靖明、嶺内ともみ、岩澤俊樹、貫井柚佳、石狩勇気、神谷大夢、米森勇気、小野賢章、内田雄馬、八代拓、阪口大助、てらそままさき、拝真之介、野川雅史、古木のぞみ、東地宏樹、家中宏、小野友樹、河西健吾、拝真之介、市川太一、田所陽向、藤井ゆきよ、上田麗奈、徳本英一郎、濱岡敬祐、本渡楓、清水彩香、伊達忠智、間宮康弘、岩澤俊樹、泊明日菜、竹本英史、青山穣、バイク川崎バイク、麻生周一、杉田智和、釘宮理恵、阪口大助、斎藤寛仁、小松奈生子、澁谷梓希、岡咲美保、梶原岳人、古川慎,7.7,11387,https://lain.bgm.tv/r/400/pic/cover/l/37/08/204027_irnYl.jpg,https://bangumi.tv/subject/204027
599,剧场版 空之境界 第四章 伽蓝之洞,剧场版,1,2008-05-24,滝口禎一,平松正樹,坂本真綾、鈴村健一、本田貴子、中田譲治、田中理恵、能登麻美子、保志総一朗、石上裕一、井口裕香、吉田聖子、阿久津加菜,7.7,9706,https://lain.bgm.tv/r/400/pic/cover/l/95/9a/766_PoB2l.jpg,https://bangumi.tv/subject/766
600,剧场版 空之境界,TV,13,2013-07-05,小船井充、滝口禎一、近藤光、あおきえい、野中卓也,平松正樹,坂本真綾、鈴村健一、本田貴子、中田譲治、東地宏樹、田中理恵、藤村歩、高橋研二、杉崎亮、能登麻美子、保志総一朗、浅沼晋太郎、保村真、明石香織、甲斐田裕子、大木民夫,7.7,3880,https://lain.bgm.tv/r/400/pic/cover/l/68/66/75533_k9VAC.jpg,https://bangumi.tv/subject/75533
601,犬夜叉,TV,167,2000-10-16,池田成、青木康直,池田成、隅沢克之、千葉克彦、山田隆司、高橋哲子、遠藤明範、太田愛、武上純希、大和屋暁,山口勝平、劉傑、ゆきのさつき、日髙のり子、渡辺久美子、高城元気、高橋理恵子、辻谷耕史、桑島法子、成田剣、森川智之、家中宏、チョー、能登麻美子、緒方賢一、矢島晶子、大神いずみ、ゆかな、百々麻子、鈴木勝美、松尾銀三、中川亜紀子、岸尾だいすけ、TARAKO、うえだゆうじ、矢島晶子、藤本譲、伊藤実華、京田尚子、折笠富美子、折笠富美子、島津冴子、鉄炮塚葉子、冬馬由美、増田ゆき、有馬瑞香、山田美穂、松尾銀三、五十嵐麗、井上喜久子、井上喜久子、石田彰、柚木涼香、くまいもとこ、立木文彦、神奈延年、稲田徹、清水香里、増田ゆき、岡本ナミ、齋藤彩夏、折笠富美子、太田淑子、中嶋聡彦、島田敏、梁田清之、広瀬正志、倉田雅世、森川智之、野田順子、勝生真沙子、くまいもとこ、江川央生、八奈見乗児、松野太紀、吉野裕行、岩坪理江、佐藤正治、青野武、山崎たくみ、山崎たくみ、鈴木泰明、子安武人、井上和彦、市原由美、堀秀行、堀之紀、田口宏子、山崎和佳奈、菊池志穂、西村ちなみ、麻生美代子、水谷優子、大谷育江、杉田智和、家中宏、野田順子、水橋かおり、山口由里子、槐柳二、鈴木琢磨、高塚正也、西前忠久、宮本充、高田べん、かかずゆみ、野島昭生、くまいもとこ、小林由美子、清水香里、沢りつお、中嶋聡彦、富坂晶、白鳥由里、TARAKO、二又一成、佐々木誠二、松本大、中村大樹、若林直美、立木文彦、うえだゆうじ、関俊彦、皆口裕子、郷里大輔、折笠愛、稲田徹、杉田智和、草尾毅、江川央生、平田広明、石毛佐和、林智子、嶋崎はるか、前田ゆきえ、安田未央、斎賀みつき、松岡文雄、小林愛、近藤隆、沢りつお、高木礼子、小桜エツコ、東さおり、増田ゆき、清水香里、釘宮理恵、佐々木望、大原さやか、小室正幸、茶風林、田中一成、岩田光央、川中子雅人、西前忠久、中井和哉、天野由梨、永田博丈、巻島直樹、小林愛、ならはしみき、斎藤志郎、巻島直樹、千葉進歩、増田ゆき、清水香里、麻志那恂子、大友龍三郎、木村雅史、茶風林、桑谷夏子、小村哲生、石住昭彦、側見民雄、てらそままさき、佐藤ゆうこ、小林希唯、茂呂田かおる、呉林卓美、岡本ナミ、江川央生、平辻朝子、室園丈裕、菅沼久義、中嶋聡彦、西前忠久、弥永和子、佐藤しのぶ、岡本ナミ、麦人、佐々木瑶子、坂口候一、吉竹範子、田中一成、白倉麻子、百々麻子、中嶋聡彦、田中一成、宇垣秀成、大原さやか、辻親八、西前忠久、中嶋聡彦、たかはし智秋、金田朋子、田中正彦、石波義人、飯田和平、西前忠久、佐藤正治、大林隆介、岡本ナミ、森沢芙美、大神いずみ、西前忠久、藤夏子、森口芽衣、仲野裕、中嶋聡彦、西前忠久、志村知幸、西前忠久、緒方文興、中嶋聡彦、並木伸一、松本さち、相田さやか、丸山詠二、有馬瑞香、西川幾雄、麻生智久、太田真一郎、ふみおき、嶋崎はるか、呉林卓美、石村知子、中嶋聡彦、大木民夫、松本大、中嶋聡彦、西前忠久、楠見尚己、川津泰彦、西前忠久、田中一成、西川宏美、岡本ナミ、赤木美絵、福島潤、西前忠久、田中一成、西前忠久、田中一成、西前忠久、田中一成、上神真由美、西前忠久、石波義人、島宗りつこ、岸尾だいすけ、西前忠久、中博史、鶴ひろみ、藤田淑子、室園丈裕、橘ひかり、小関一、岡本嘉子、西前忠久、水内清光、松本大、西前忠久、龍田直樹、田中一成、花田光、佐藤利奈、柳沢真由美、釘宮理恵、西前忠久、中嶋聡彦、田中一成、石村知子、堀本等、松岡文雄、五代あつし、中嶋聡彦、斉藤次郎、丸山詠二、島香裕、西前忠久、荒川太朗、中嶋聡彦、山口健、中嶋聡彦、伊藤和晃、二木静美、中嶋聡彦、西前忠久、五代あつし、幸田夏穂、西前忠久、斎藤千和、石丸博也、西前忠久、高橋ひろし、北浜晴子、沢田敏子、井田国男、西前忠久、田中一成、小暮英麻、生天目仁美、西前忠久、宗矢樹頼、山口太郎、西前忠久、幸田夏穂、西前忠久、田中一成、玉井碧、田村勝彦、西前忠久、西前忠久、仲木隆司、長谷川のび太、田中一成、西前忠久、岡本ナミ、中嶋聡彦、一木美名子、西前忠久、真田アサミ、佐藤ゆうこ、奥島和美、水城レナ、志村知幸,7.7,5238,https://lain.bgm.tv/r/400/pic/cover/l/ae/ef/2784_DiZ0d.jpg,https://bangumi.tv/subject/2784
602,成龙历险记 第四季,TV,13,2003-09-13,未知,,James Sie、赵岭、石丸博也、劉玉玲、张璐、本名陽子、赵震、石井隆夫、赵震、吴汉章、楠見尚己、Clancy Brown、浦山迅、Clancy Brown、James Sie、浦山迅、赵震,7.7,1419,https://lain.bgm.tv/r/400/pic/cover/l/67/85/334401_DdaGn.jpg,https://bangumi.tv/subject/334401
603,九色鹿,剧场版,1,1981,钱家骏、戴铁郎,潘絜兹,,7.7,1659,https://lain.bgm.tv/r/400/pic/cover/l/1f/74/5870_Y2pJ2.jpg,https://bangumi.tv/subject/5870
604,悲伤的贝拉多娜,剧场版,1,1973-06-30,山本暎一,山本暎一、福田善之,,7.7,860,https://lain.bgm.tv/r/400/pic/cover/l/bc/a3/13871_uRQq6.jpg,https://bangumi.tv/subject/13871
605,小魔女学园,TV,25,2017-01-08,吉成曜,佐藤裕、うえのきみこ、島田満、大塚雅彦、樋口七海,潘めぐみ、折笠富美子、村瀬迪与、日笠陽子、志田有彩、村川梨衣、上田麗奈、日髙のり子、竹内順子、中尾衣里、赤﨑千夏、谷育子、山本留里佳、岡本茉利、矢野亜沙美、高山みなみ、金本涼輔、多田野曜平、こおろぎさとみ、朝日奈丸佳、村川梨衣、諸星すみれ、飯塚昭三、玉野井直樹、興津和幸,7.7,10182,https://lain.bgm.tv/r/400/pic/cover/l/c5/09/185792_YmcaM.jpg,https://bangumi.tv/subject/185792
606,摇曳百合,TV,12,2011-07-04,太田雅彦,杉原研二、鴻野貴光、あおしまたかし、子安秀明,三上枝織、大坪由佳、津田美波、大久保瑠美、三森すずこ、加藤英美里、藤田咲、豊崎愛生、実川桃子、白石涼子、後藤沙緒里、内田彩、石川綾乃、内田真礼、竹達彩奈、悠木碧,7.7,9112,https://lain.bgm.tv/r/400/pic/cover/l/43/d9/14588_bDB2r.jpg,https://bangumi.tv/subject/14588
607,铁臂阿童木,TV,193,1963-01-01,石津嵐,手塚治虫、鈴木良武、山本暎一、平見修二、豊田有恒、辻真先、坂本雄作、上梨満雄、富野由悠季、杉井ギサブロー、山野浩一、石津嵐、鳥海尽三、西牧秀夫、岡崎稔,清水マリ、和田文夫、矢島正明、勝田久、千葉耕市,7.7,1049,https://lain.bgm.tv/r/400/pic/cover/l/d5/80/806_30VAB.jpg,https://bangumi.tv/subject/806
608,交响情人梦 巴黎篇,TV,11,2008-10-09,今千秋,榎戸洋司,川澄綾子、関智一、江原正士、小川真司、松風雅也、清川元夢、浅沼晋太郎、伊藤静、吉野裕行、大原さやか、保村真、日野聡、金光宣明、石住昭彦、津田英三、興津和幸、佐藤利奈、石井真、森川智之、佐久間紅美、進藤尚美、三石琴乃、大塚芳忠、折笠富美子、鈴木琢磨、須藤絵里花、安元洋貴、青山穣、戸松遥、矢作紗友里、釘宮理恵、須藤絵里花、世戸さおり、高梁碧、間宮康弘、片貝薫、津川祝子、ちふゆ、三浦祥朗、ひぐち君、滝田樹里、新垣樽助、松原大典,7.7,1775,https://lain.bgm.tv/r/400/pic/cover/l/36/83/1966_gSCg8.jpg,https://bangumi.tv/subject/1966
609,南方公园 第13季,TV,14,2009-03-11,未知,Trey Parker,Trey Parker、Matt Stone、Mona Marshall,7.8,260,https://lain.bgm.tv/r/400/pic/cover/l/ec/1f/4849_Ba64B.jpg,https://bangumi.tv/subject/4849
610,夏目友人帐 陆,TV,11,2017-04-11,出合小都美,村井さだゆき、吉永亜矢、國澤真理子、大野木寛、大森貴弘,藤村歩、神谷浩史、井上和彦、小林沙苗、沢城みゆき、佐藤利奈、木村良平、伊藤美紀、伊藤栄次、チョー、下崎紘史、ゆきのさつき、堀江一眞、石田彰、菅沼久義、岡村明美、黒田崇矢、川澄綾子、樋口あかり、松山鷹志、知桐京子、土井美加、細谷佳正、髙坂篤志、山路和弘、名取幸政、山本和臣、高橋伸也、赤澤涼太、影平隆一、瀬戸麻沙美、真山亜子、杉山紀彰、森下由樹子、はやみけい、大山鎬則、坂東尚樹、宇山玲加、保志総一朗、江川央生、楠見尚己、藤井ゆきよ、松川裕輝、東城日沙子、小野大輔、根本圭子、小松未可子、赤澤涼太、安部亮馬、堀秀行、川原慶久、湯屋敦子、高桑満、園崎未恵、竹本英史、影平隆一、松川裕輝、斉藤次郎、緒方賢一、久野美咲、種﨑敦美、速水奨、安藤瞳,7.7,3435,https://lain.bgm.tv/r/400/pic/cover/l/e1/4d/203387_RD6Ll.jpg,https://bangumi.tv/subject/203387
611,擅长捉弄的高木同学 剧场版,剧场版,1,2022-06-10,赤城博昭,福田裕子、伊丹あき、加藤還一,高橋李依、梶裕貴、小原好美、M・A・O、小倉唯、落合福嗣、岡本信彦、内山昂輝、悠木碧、内田雄馬、小岩井ことり、田所陽向、水瀬いのり、戸松遥、宮本侑芽,7.7,4416,https://lain.bgm.tv/r/400/pic/cover/l/fd/00/347888_fBpdB.jpg,https://bangumi.tv/subject/347888
612,超时空要塞7,TV,52,1994-10-16,アミノテツロー,富田祐弘、隅沢克之、大橋志吉、アミノテツロー,福山芳樹、神奈延年、チエ・カジウラ、櫻井智、子安武人、速水奨、菅原正志、高乃麗、大林隆介、竹田えり、？？？、中川亜紀子、井上瑤、嶋村カオル、高乃麗、陶山章央、夏樹リオ、岩男潤子、西村朋紘、高橋広樹、梁田清之、横尾まり,7.7,1077,https://lain.bgm.tv/r/400/pic/cover/l/7a/98/3169_sfdlS.jpg,https://bangumi.tv/subject/3169
613,【我推的孩子】Mother and Children,剧场版,1,2023-03-17,「【推しの子】」赤坂アカ×横槍メンゴ（集英社「週刊ヤングジャンプ」連載）,,高橋李依,7.7,7253,https://lain.bgm.tv/r/400/pic/cover/l/69/1e/424227_OhkuW.jpg,https://bangumi.tv/subject/424227
614,向阳素描×☆☆☆,TV,12,2010-01-07,新房昭之,与口奈津江、長谷川菜穂子、大嶋実句,阿澄佳奈、水橋かおり、後藤邑子、新谷良子、原田ひとみ、小見川千明、松来未祐、チョー、沢城みゆき、福圓美里、釘宮理恵、桑谷夏子、蒼樹うめ,7.7,1450,https://lain.bgm.tv/r/400/pic/cover/l/85/6b/3622_H34kJ.jpg,https://bangumi.tv/subject/3622
615,高智能方程式：ZERO,OVA,8,1994-04-01,矢立肇,福田己津央、星山博之、芦沢剛史,金丸淳一、三石琴乃、関俊彦、速水奨、緑川光、松岡洋子、冬馬由美、優希比呂、安達忍、天野由梨、竹村拓、島田敏、置鮎龍太郎、龍田直樹、飯塚昭三、小野健一、勝生真沙子,7.7,583,https://lain.bgm.tv/r/400/pic/cover/l/e3/40/1956_Xl3ZJ.jpg,https://bangumi.tv/subject/1956
616,蓝宝石之谜,TV,39,1990-04-13,樋口真嗣,庵野秀明、大川久男、田波靖男,鷹森淑乃、日髙のり子、水谷優子、桜井敏治、大塚明夫、滝沢久美子、井上喜久子、堀内賢雄、桜井敏治、松本保典、島香裕、田原アルノ、清川元夢、桜井敏治、中原茂、井上喜久子,7.7,1546,https://lain.bgm.tv/r/400/pic/cover/l/b3/b4/1981_UjOR0.jpg,https://bangumi.tv/subject/1981
617,更衣人偶坠入爱河 第二季,TV,12,2025-07-05,篠原啓輔,冨田頼子、篠原啓輔、山本ゆうすけ,直田姫奈、石毛翔弥、種﨑敦美、羊宮妃那、斧アツシ、村瀬歩、河瀬茉希、風間万裕子、三宅麻理恵、武田羅梨沙多胡、雨宮夕夏、関根明良、内田修一、小松昌平、八代拓、清水彩香、佐々木睦、若山詩音、湯浅かえで、前田誠二、中山麻聖、松井暁波、廣庭渓斗、茅野愛衣、矢作紗友里、松本沙羅、千菅春香、髙橋ミナミ、島袋美由利、花守ゆみり、井上麻里奈、青山穣、阿座上洋平、白石兼斗、菊池紗矢香、黒崎しおり、甲斐田裕子、矢野妃菜喜、月嶋真弓、久野美咲、白井悠介、宍戸留美、菊池こころ、丹下桜、大谷育江、松岡美里、冨岡美沙子、種市桃子、大原さやか、菊池紗矢香、冨岡美沙子,7.7,9011,https://lain.bgm.tv/r/400/pic/cover/l/38/44/398951_M97dM.jpg,https://bangumi.tv/subject/398951
618,我的邻居山田君,剧场版,1,1999-07-17,高畑勲,高畑勲,,7.7,1035,https://lain.bgm.tv/r/400/pic/cover/l/28/5e/503_KZwSS.jpg,https://bangumi.tv/subject/503
619,老鼠在曼哈顿,剧场版,1,1945-07-07,William、Hanna、Joseph、Barbera,,,8.0,98,https://lain.bgm.tv/r/400/pic/cover/l/57/3e/262704_c0MNm.jpg,https://bangumi.tv/subject/262704
620,空中杀手,剧场版,1,2008-08-02,押井守,伊藤ちひろ,菊地凛子、加瀬亮、谷原章介、栗山千明、山口愛、榊原良子、安藤麻吹、兵藤まこ、没有人、平川大輔、竹若拓磨、大塚芳忠、平川大輔、麦人、渡辺智美、竹中直人、水沢史絵、望月健一、下野紘,7.7,2641,https://lain.bgm.tv/r/400/pic/cover/l/f2/6d/1836_5fH2v.jpg,https://bangumi.tv/subject/1836
621,飞屋环游记,剧场版,1,2009-05-29,Pete、Docter,Pete Docter,,7.7,4786,https://lain.bgm.tv/r/400/pic/cover/l/64/12/11602_H3WwN.jpg,https://bangumi.tv/subject/11602
622,疯狂动物城,剧场版,1,2016-03-04,Byron、Howard、Rich、Moore,,Ginnifer Goodwin、容祖兒、陳貞伃、季冠霖、上戸彩、Kath Soucie、Jason Bateman、黃子華、张震、森川智之、John DiMaggio、李英立、遠藤純一、J.K. Simmons、符爽、玄田哲章、Jenny Slate、陳季霞、林兰、竹内順子、Nate Torrence、李楠、Idris Elba、图特哈蒙、林谷珍、三宅健太、Raymond S. Persi、藤新、村治学、Maurice LaMarche、姜先誠、高增志、山路和弘、Alan Tudyk、孫中台、陈喆、多田野曜平、Kristen Bell、龍顯蕙、近藤唯、Shakira、劉小芸、李世荣,7.7,9232,https://lain.bgm.tv/r/400/pic/cover/l/e4/d0/133860_PrV78.jpg,https://bangumi.tv/subject/133860
623,樱兰高校男公关部,TV,26,2006-04-04,五十嵐卓哉,榎戸洋司,坂本真綾、宮野真守、松風雅也、鈴村健一、織田圭祐、齋藤彩夏、桐井大介、高垣彩陽、渡辺智美、子安武人、吉住梢、梶裕貴、間宮くるみ、土井美加、井上和彦、京田尚子、立木文彦、浪川大輔、田村ゆかり、門脇舞以、うえだゆうじ、鳥海浩輔、斎賀みつき、渡辺智美、竹内順子、三瓶由布子、羽多野渉,7.7,5760,https://lain.bgm.tv/r/400/pic/cover/l/6d/3a/1487_LWPqQ.jpg,https://bangumi.tv/subject/1487
624,偶像活动 第一年,TV,50,2012-10-08,木村隆一,加藤陽一、髙橋龍也、高橋ナツコ、綾奈ゆにこ、大野木寛、大知慶一郎、山田由香、國澤真理子、平見瞠,霧島若歌、諸星すみれ、上花楓裏、田所あずさ、大橋彩香、吉河順央、ささかまリス子、寿美菜子、黒沢ともよ、美谷玲実、山崎もえ、沼倉愛美、愛野えり、安野希世乃、市倉有菜、三村ゆうな、瀬戸麻沙美、森谷里美、森下ゆにこ、福沙奈恵、木戸衣吹、保村真、松谷彼哉、相沢梨紗、瀬戸麻沙美、成瀬瑛美、能登麻美子、子安武人、豊永利行、三瓶由布子、藤田茜、松本忍,7.7,628,https://lain.bgm.tv/r/400/pic/cover/l/db/7f/46458_SSSPd.jpg,https://bangumi.tv/subject/46458
625,超时空要塞 Dynamite 7,OVA,4,1997-12-18,アミノテツロー,富田祐弘,神奈延年、櫻井智、阪口あや,7.7,592,https://lain.bgm.tv/r/400/pic/cover/l/ce/47/3175_8RD07.jpg,https://bangumi.tv/subject/3175
626,电影 为美好的世界献上祝福！红传说,剧场版,1,2019-08-30,金﨑貴臣,上江洲誠,福島潤、堀江由衣、雨宮天、高橋李依、茅野愛衣、豊崎愛生、原紗友里、稲田徹、長縄まりあ、名塚佳織、富田美憂、鈴代紗弓、中島ヨシキ、西田雅一、生天目仁美、能登麻美子、最上嗣生、渡辺明乃、長谷美希、高橋広樹、酒巻光宏、チョー,7.7,12446,https://lain.bgm.tv/r/400/pic/cover/l/d0/61/220631_2nNMt.jpg,https://bangumi.tv/subject/220631
627,剑风传奇 黄金时代篇II 多尔多雷攻略,剧场版,1,2012-06-23,窪岡俊之,大河内一楼,行成とあ、井之上潤、岩永洋昭、櫻井孝宏、竹内絢子、寿美菜子、藤原貴弘、小山力也、勝部演之、豊崎愛生、菅生隆之、矢尾一樹、梶裕貴、矢尾一樹、松本ヨシロウ,7.7,2203,https://lain.bgm.tv/r/400/pic/cover/l/9c/d4/45240_xrUei.jpg,https://bangumi.tv/subject/45240
628,Re：从零开始的异世界生活 新编集版,TV,25,2020-01-01,渡邊政治,横谷昌宏、中村能子、梅原英司,小林裕介、高橋李依、水瀬いのり、内山夕実、赤﨑千夏、中村悠一、能登麻美子、麦人、村川梨衣、新井里美、子安武人,7.7,7635,https://lain.bgm.tv/r/400/pic/cover/l/72/ef/296195_n0KqL.jpg,https://bangumi.tv/subject/296195
629,草莓棉花糖 OVA 第1期,OVA,3,2007-02-23,佐藤卓哉,花田十輝、平見瞠、佐藤卓哉,生天目仁美、千葉紗子、折笠富美子、川澄綾子、能登麻美子、皆川純子、近藤孝行、生天目仁美、チョー,7.7,1664,https://lain.bgm.tv/r/400/pic/cover/l/53/e3/693_5Y3Go.jpg,https://bangumi.tv/subject/693
630,学问猫说历史,OVA,52,2000,王川、武寒青,王川,,7.9,123,https://lain.bgm.tv/r/400/pic/cover/l/8c/0c/427147_mwGMZ.jpg,https://bangumi.tv/subject/427147
631,排球少年 TO THE TOP 第二期,TV,12,2020-10-02,佐藤雅子,岸本卓,村瀬歩、李明幸、石川界人、鍾少庭、日野聡、林谷珍、入野自由、鄒韋、西川舞、林勇、鈕凱暘、楊慧玉、細谷佳正、鈕凱暘、岡本信彦、鍾少庭、内山昂輝、鄒韋、斉藤壮馬、林谷珍、増田俊樹、翁瑞陽、相楽信頼、鍾少庭、西山宏太朗、翁瑞陽、名塚佳織、林慕青、諸星すみれ、曾莉婷、神谷浩史、鈕凱暘、江川央生、鄒韋、中博史、鍾少庭、宮野真守、松田利冴、楊慧玉、翁瑞陽、株元英彰、松田颯水、鈕凱暘、林慕青、野島健児、鍾少庭、笠間淳、福井爽香、鄒韋、李明幸、島﨑信長、林谷珍、山本匠馬、鈕凱暘、宮園拓夢、翁瑞陽、松浦義之、鍾少庭、福西勝也、翁瑞陽、福西勝也、金光宣明、武田太一、梶裕貴、鈕凱暘、中村悠一、小松由佳、林谷珍、石井マーク、鄒韋、立花慎之介、鍾少庭、横田成吾、鄒韋、池田恭祐、星野貴紀、鄒韋、長南翔太、翁瑞陽、渡辺拓海、汐谷文康、福田信昭、林谷珍、山本兼平、林谷珍、宮崎遊、熊谷健太郎、冨森ジャスティン、岡部悟、辰守伶郎、新祐樹、利根健太朗、木村良平、鄒韋、逢坂良太、鍾少庭、村田太志、橘潤二、鍾少庭、浪川大輔、林谷珍、祐仙勇、櫻井トオル、鍾少庭、河西健吾、古川慎、林谷珍、松川裕輝、鄒韋、中澤まさとも、鍾少庭、庄司将之、鄒韋、竹内良太、鄒韋、土屋神葉、翁瑞陽、中尾隆聖、林谷珍、山本祥太、鈕凱暘、花輪英司、林谷珍、花江夏樹、林谷珍、宮崎遊、大西沙織、李明幸、大橋彩香、曾莉婷、前野智昭、鈕凱暘、阪口周平、翁瑞陽、小松由佳、楊慧玉、M・A・O、曾莉婷、富田美憂、林慕青、中友子、家中宏、興津和幸、林谷珍、美山加恋、楊慧玉、福西勝也、福西勝也、河内孝博,7.7,3147,https://lain.bgm.tv/r/400/pic/cover/l/e3/b4/295421_rpKfy.jpg,https://bangumi.tv/subject/295421
632,草莓棉花糖 OVA 第2期,OVA,2,2009-01-23,佐藤卓哉,横手美智子、佐藤卓哉,生天目仁美、千葉紗子、折笠富美子、川澄綾子、能登麻美子、皆川純子、近藤孝行、チョー,7.7,1663,https://lain.bgm.tv/r/400/pic/cover/l/1e/05/918_bkFUu.jpg,https://bangumi.tv/subject/918
633,东方梦想夏乡,未知,4,2008-12-30,時音,時音,中原麻衣、沢城みゆき、藤村歩、高橋美佳子、辻あゆみ、大森日雅、田中理恵、豊崎愛生、茅野愛衣、高森奈津美、矢作紗友里、悠木碧、生天目仁美、井口裕香、井上喜久子,7.7,2546,https://lain.bgm.tv/r/400/pic/cover/l/a1/13/1171_On5fs.jpg,https://bangumi.tv/subject/1171
634,飞出个未来 第2季,TV,19,1999-11-21,未知,,,7.8,176,https://lain.bgm.tv/r/400/pic/cover/l/e5/f6/28066_WJD8d.jpg,https://bangumi.tv/subject/28066
635,淡岛百景,TV,12,2026-04-09,浅香守生,中西やすひろ、綾奈ゆにこ,中林新夏、大地葉、茅野愛衣、藤原夏海、恒松あゆみ、市ノ瀬加那、清水理沙、泊明日菜、長縄まりあ、松田利冴、生天目仁美、小原好美、貫井柚佳、ユリン千晶、桑島法子、小若和郁那、内山夕実、野島裕史、津田健次郎、進藤尚美、朝井彩加、寺崎裕香、榎木淳弥、落合福嗣、山根綺、依田菜津、花澤香菜、行成とあ、川井田夏海、福圓美里、甲斐田裕子、本田貴子、Lynn、中村カンナ、井上ほの花、富田美憂、永瀬アンナ、安済知佳、千葉翔也、石見舞菜香、白石晴香、関俊彦、井上喜久子、結川あさき、高田憂希、園崎未恵、渡辺明乃、堀江由衣、所河ひとみ、下妻由幸、大室佳奈、花輪英司、櫻井浩美、八百屋杏、白石兼斗、夏谷美希、宮沢きよこ、幸村恵理、浜田賢二、櫻庭有紗、川澄綾子、土田大、渡谷美帆、日野まり、島袋美由利、仲村かおり、新垣樽助、くわばらあきら、松本保典、荻野葉月、山口令悟、佐藤はな、石谷春貴、柳田淳一、本泉莉奈、田中苑希、松風雅也、金元寿子、坂東明香里、竹内恵美子、相馬康一、鈴木崚汰、利根健太朗、長谷美希、山本悠有希、竹本英史、高橋美佳子,7.7,2227,https://lain.bgm.tv/r/400/pic/cover/l/bd/33/493724_V6lXx.jpg,https://bangumi.tv/subject/493724
636,银河英雄传说 Die Neue These 激突 第3章,剧场版,4,2022-05-13,多田俊介,高木登、森山悠二郎,宮野真守、鈴村健一、梶裕貴、畠中祐、諏訪部順一、小野大輔、中村悠一、安元洋貴、上村祐翔、浜田賢二、志村知幸、福西勝也、辻井健吾、拝真之介、城岡祐介、川島得愛、遠藤綾、三木眞一郎、鈴木達央、石川界人、大塚芳忠、岩崎征実、園江治、鳥海浩輔、奈良徹、山路和弘、三宅健太、平川大輔、中博史、最上嗣生、岩崎諒太、丹沢晃之、坂口候一、安斉一博、武虎、佐藤正治、江川大輔、朝倉栄介、富樫美鈴、美波わかな、野島健児、下山吉光,7.7,647,https://lain.bgm.tv/r/400/pic/cover/l/7e/e1/361385_1gjA2.jpg,https://bangumi.tv/subject/361385
637,异世界舅舅,TV,13,2022-07-06,河合滋樹,猪原健太,子安武人、福山潤、大地葉、小松未可子、戸松遥、悠木碧、豊崎愛生、鈴村健一、田中あいみ、岡本信彦、東内マリ子、金元寿子、白石晴香、高木渉、前野智昭、内山夕実、飛田展男、鳥海浩輔、山本祥太、伊丸岡篤、櫻井浩美、白石晴香、貫井柚佳、竹内恵美子、刘婧荦、山本祥太、玄田哲章、田村睦心、杉崎亮、元吉有希子、乃村健次、松岡美里、山本祥太、岡井カツノリ,7.6,19529,https://lain.bgm.tv/r/400/pic/cover/l/1a/75/339326_v466V.jpg,https://bangumi.tv/subject/339326
638,剧场版 空之境界 未来福音 extra chorus,剧场版,1,2013-09-28,あおきえい,奈須きのこ／武内崇、須藤友徳、藤崎静香,坂本真綾、鈴村健一、種田梨沙、能登麻美子、本田貴子、井口裕香、藤村歩,7.7,5085,https://lain.bgm.tv/r/400/pic/cover/l/5f/34/97305_MMs0b.jpg,https://bangumi.tv/subject/97305
639,数码宝贝大冒险 滚球兽的诞生,剧场版,1,1999-03-06,細田守,吉田玲子,藤田淑子、坂本千夏、荒木香衣、永野愛、菊地祥子、杉本ゆう、坂本千夏、坂本千夏、榊原良子、冬馬由美、石丸博也,7.7,1609,https://lain.bgm.tv/r/400/pic/cover/l/72/21/3133_uUijS.jpg,https://bangumi.tv/subject/3133
640,少女与战车,TV,12,2012-10-08,水島努,吉田玲子,渕上舞、茅野愛衣、尾崎真実、中上育実、井口裕香、福圓美里、高橋美佳子、植田佳奈、菊地美香、吉岡麻耶、桐村まり、中村桜、仙台エリ、森谷里美、井上優佳、大橋歩夕、竹内仁美、中里望、小松未可子、多田このみ、山岡ゆり、秋奈、井澤詩織、井澤詩織、井澤詩織、山本希望、石原舞、金元寿子、喜多村英梨、葉山いくみ、倉田雅世、上坂すみれ、喜多村英梨、石原舞、倉田雅世、川澄綾子、伊瀬茉莉也、平野綾、吉岡麻耶、金元寿子、上坂すみれ、小笠原早紀、佐藤奏美、田中理恵、生天目仁美、仙台エリ、葉山いくみ、森谷里美、上坂すみれ、椎名へきる、冬馬由美、倉田雅世、川原慶久、仙台エリ、愛河里花子、伊丸岡篤、景浦大輔、山岡ゆり、秋奈、喜多村英梨、佐藤友啓、中西としはる、大橋歩夕,7.6,8228,https://lain.bgm.tv/r/400/pic/cover/l/a3/af/40310_suEF6.jpg,https://bangumi.tv/subject/40310
641,黄金神威 第四季,TV,13,2022-10-03,菅原静貴,高木登、吉永亜矢、入江信吾、谷村大四郎,小林親弘、白石晴香、伊藤健太郎、大塚芳忠、中田譲治、津田健次郎、細谷佳正、乃村健次、菅生隆之、杉田智和、松岡禎丞、竹本英史、小西克幸、堀内賢雄、水中雅章、大原さやか、水島裕、安原義人、前野智昭、梅原裕一郎、関智一、加瀬康之、石田彰、能登麻美子、一城みゆ希、渡辺明乃、市ノ瀬加那、大川透、田中杏沙、檜山修之、鳥海浩輔、三上哲、斉藤貴美子、小林由美子、中村章吾、伊丸岡篤、小林裕介、畠中祐、てらそままさき、朝井彩加、羽多野渉、銀河万丈、田所陽向、たくみ靖明、東地宏樹、小山力也、荒井勇樹、落合福嗣、藤井隼、中原麻衣、蒼谷和樹、立木文彦,7.7,2060,https://lain.bgm.tv/r/400/pic/cover/l/1c/55/361095_7GgQq.jpg,https://bangumi.tv/subject/361095
642,银河英雄传说外传 螺旋迷宫,OVA,14,1999-12-24,清水恵蔵,田原正利,郷田ほづみ、田中秀幸、井上和彦、内海賢二、キートン山田、桑島法子、青野武、小山茉美、真殿光昭、塩屋浩三、風間杜夫、瑳川哲朗、井上倫宏、藤原啓治、小山力也、菅生隆之、乃村健次、佐古正人、かかずゆみ、宗矢樹頼、関智一,7.7,275,https://lain.bgm.tv/r/400/pic/cover/l/cf/92/79678_bHNY1.jpg,https://bangumi.tv/subject/79678
643,罗密欧的蓝天,TV,33,1995-01-15,楠葉宏三,島田満,,7.8,185,https://lain.bgm.tv/r/400/pic/cover/l/04/da/10395_3AvVB.jpg,https://bangumi.tv/subject/10395
644,摇曳百合 3☆High!,TV,12,2015-10-05,畑博之,滝川廉治、深見真、加百優喜雄、畑博之,三上枝織、大坪由佳、津田美波、大久保瑠美、三森すずこ、加藤英美里、斎藤千和、日高里菜、藤田咲、豊崎愛生、後藤沙緒里、白石涼子、実川桃子、内田真礼、堀江由衣、石川綾乃、内田彩、渡部優衣、新井里美、橋本ちなみ、竹達彩奈、悠木碧,7.6,4664,https://lain.bgm.tv/r/400/pic/cover/l/3e/f2/127573_HfPRJ.jpg,https://bangumi.tv/subject/127573
645,最终幻想7：降临之子,OVA,1,2005-08-31,野村哲也,野島一成,櫻井孝宏、伊藤歩、森久保祥太郎、黒葛原未有、豊口めぐみ、大川透、藤原啓治、楠大典、岸祐二、乃村健次、鈴木省吾、小林正寛、山路和弘、かかずゆみ、石川英郎、市村正親、井澤一夢、池田恭祐、諏訪部順一、銀河万丈、森川智之、鈴村健一、坂本真綾,7.6,3681,https://lain.bgm.tv/r/400/pic/cover/l/86/5d/1890_NPF65.jpg,https://bangumi.tv/subject/1890
646,南方公园 第11季,TV,14,2007-03-07,未知,Trey Parker,Trey Parker、Matt Stone、Mona Marshall,7.8,231,https://lain.bgm.tv/r/400/pic/cover/l/2e/66/10309_5ZkB1.jpg,https://bangumi.tv/subject/10309
647,忏・再见绝望先生 番外地,OVA,2,2009-11-17,新房昭之,久米田康治（講談社『週刊少年マガジン』連載）、守岡英行,神谷浩史、野中藍、井上麻里奈、新谷良子、真田アサミ、小林ゆう、沢城みゆき、谷井あすか、松来未祐、後藤邑子、後藤沙緒里、井上喜久子、矢島晶子、上田燿司、水島大宙、寺島拓篤、斎藤千和,7.7,1329,https://lain.bgm.tv/r/400/pic/cover/l/98/ca/3805_BySjC.jpg,https://bangumi.tv/subject/3805
648,南家三姐妹 我回来了,TV,13,2013-01-05,川口敬一郎,鴻野貴光、村上桃子,佐藤利奈、井上麻里奈、茅原実里、水樹奈々、高木礼子、小野涼子、小野大輔、吉野裕行、齋藤彩夏、千葉紗子、柿原徹也、後藤沙緒里、高梁碧、葉山達也、南條愛乃、森永理科、喜多村英梨、豊崎愛生、大原桃子、浅沼晋太郎、川田紳司、七緒はるひ、大原桃子、浅沼晋太郎,7.6,4386,https://lain.bgm.tv/r/400/pic/cover/l/6e/1b/47685_QC42y.jpg,https://bangumi.tv/subject/47685
649,少女与战车 最终章 第3话,OVA,1,2021-03-26,水島努,吉田玲子,渕上舞、茅野愛衣、尾崎真実、中上育実、井口裕香、瀬戸麻沙美、能登麻美子、福圓美里、高橋美佳子、植田佳奈、菊地美香、吉岡麻耶、桐村まり、中村桜、仙台エリ、森谷里美、井上優佳、大橋歩夕、竹内仁美、中里望、多田このみ、山岡ゆり、秋奈、井澤詩織、井澤詩織、井澤詩織、山本希望、石原舞、金元寿子、喜多村英梨、葉山いくみ、倉田雅世、上坂すみれ、佐倉綾音、高森奈津美、大地葉、米澤円、七瀬亜深、喜多村英梨、明坂聡美、石原舞、高森奈津美、川澄綾子、伊瀬茉莉也、平野綾、吉岡麻耶、早見沙織、大地葉、金元寿子、上坂すみれ、小笠原早紀、佐藤奏美、Jenya、田中理恵、生天目仁美、仙台エリ、葉山いくみ、上坂すみれ、大空直美、米澤円、七瀬亜深、葉山いくみ、石上美帆、多田このみ、井上優佳、大地葉、井上優佳、森谷里美、伊瀬茉莉也、安済知佳、下地紫野、石上美帆、中原麻衣、飯田友子、原由実、津田美波、安済知佳、椎名へきる、津田美波、大西沙織、田所あずさ,7.7,2131,https://lain.bgm.tv/r/400/pic/cover/l/d9/26/208826_xUQ28.jpg,https://bangumi.tv/subject/208826
650,刀语,TV,12,2010-01-25,元永慶太郎,上江洲誠、長津晴子、待田堂子,細谷佳正、くまいもとこ、田村ゆかり、中原麻衣、緑川光、宮本充、戸松遥、小山力也、湯屋敦子、伊藤静、日高里菜、伊東みやこ、置鮎龍太郎、小山剛志、鈴木千尋、遠藤綾、羽多野渉、坪井智浩、保村真、阪口大助、三浦祥朗、根谷美智子、川田紳司、関俊彦、山像かおり、広橋涼、松井尚吾、大川透、篠原恵美、阿部敦、藤本譲、池田昌子,7.6,4414,https://lain.bgm.tv/r/400/pic/cover/l/73/51/3471_974gQ.jpg,https://bangumi.tv/subject/3471
651,隐瞒之事,TV,12,2020-04-02,村野佑太,あおしまたかし,神谷浩史、高橋李依、八代拓、安野希世乃、佐倉綾音、村瀬歩、花江夏樹、小山力也、沼倉愛美、小澤亜李、本渡楓、和氣あず未、内田真礼、逢田梨香子、古城門志帆、原由実、加藤英美里、Risa Mei、浪川大輔、大塚明夫,7.6,7119,https://lain.bgm.tv/r/400/pic/cover/l/8b/91/294713_MwaxY.jpg,https://bangumi.tv/subject/294713
652,航海王 埃鲁巴夫篇,TV,0,未知,松田翠,米村正二、田中仁、井上亜樹子、冨岡淳広、中山智博、藤田伸三,田中真弓、中井和哉、岡村明美、山口勝平、平田広明、大谷育江、山口由里子、山根綺、木村昴、チョー、宝亀克寿、高木礼子、水島裕、平野綾、中村悠一、小山剛志、日比愛子、佐倉綾音、竹本英史、竹内良太、和多田美咲、高塚正也、稲田徹、間宮康弘、岡本寛志、福原耕平、片貝直生、平井啓二、草尾毅、川庄美雪、ニケライ・ファラナーゼ、服巻浩司、関根有咲、齋藤彩夏、小澤亜李、れいみ、ほんとまこと、田中啓太郎、若山実祐希、角倉英里子、杉山優斗、山崎真花、沼田祐介、佐藤正治、森川智之、鶴田真希、宮崎寛務、津田健次郎、上坂すみれ、安元洋貴、立花慎之介、池田秀一、三木眞一郎、小林通孝、緑川光、大塚明夫、子安武人、高塚正也、稲田徹、岸尾だいすけ、斉藤貴美子、高塚正也、小野健一、龍田直樹、てらそままさき、沢城みゆき、森久保祥太郎、家中宏、草尾毅、山口由里子、小野坂昌也、稲葉実、多田野曜平、江森浩子、麻生智久、山口太郎、今川柊稀、竹内良太、蟹江俊介、宮崎寛務、宮崎寛務、大槻丈一郎、赤澤明日加、蜜蜂ほのか、小橋美憂、大槻丈一郎、れいみ、水希凜、赤山一真、小橋美憂、末安廣平、赤山一真、青葉直樹、尾高慶安、清水健佑、小橋美憂、曽根加蓮、円くるみ、山本悠有希、後藤恵里菜、春日さくら、清水健佑、赤澤明日加、蒼井柚月、天希かのん、石橋桃、宮崎寛務、宇野翔真、宮崎寛務、定岡小百合、庄司宇芽香、れいみ、大我直輝、成松海悠、神﨑錦、藤井豪、清水健佑、浅野良介、春日さくら、中村光樹、宮園拓夢、天希かのん、片貝直生、水希凜、赤山一真、宇野翔真、杉山優斗、七蒼花梨、山本悠有希、尾高慶安、大場真人,7.8,161,https://lain.bgm.tv/r/400/pic/cover/l/23/3d/602059_4j4UW.jpg,https://bangumi.tv/subject/602059
653,成龙历险记 第三季,TV,17,2002-09-14,Kang、Hei、Chul,,James Sie、赵岭、石丸博也、张璐、本名陽子、赵震、石井隆夫、赵震、吴汉章、楠見尚己、张璐、Clancy Brown、浦山迅、Clancy Brown、James Sie、浦山迅,7.7,1536,https://lain.bgm.tv/r/400/pic/cover/l/20/78/334400_Y4zsS.jpg,https://bangumi.tv/subject/334400
654,飞出个未来 第3季,TV,22,2001-01-21,未知,,,7.8,135,https://lain.bgm.tv/r/400/pic/cover/l/a0/de/31836_Jle1C.jpg,https://bangumi.tv/subject/31836
655,银河英雄传说 Die Neue These 策谋 第2章,剧场版,4,2022-10-28,多田俊介,高木登、谷村大四郎、吉永亜矢,宮野真守、鈴村健一、梶裕貴、諏訪部順一、小野大輔、中村悠一、花澤香菜、羽多野渉、稲田徹、野島裕史、大場真人、竹内良太、江川央生、青山穣、志賀克也、山内健嗣、浜田賢二、大隈健太、拝真之介、麻生智久、菅原雅芳、小谷津央典、真殿光昭、宮園拓夢、堀之紀、美波わかな、川島得愛、遠藤綾、三木眞一郎、大塚芳忠、岩崎征実、石川界人、鈴木達央、山路和弘、平川大輔、鳥海浩輔、安斉一博、江川大輔、志村知幸、手塚秀彰、野島健児、園崎未恵、下山吉光,7.7,615,https://lain.bgm.tv/r/400/pic/cover/l/82/7c/381841_1r4Hm.jpg,https://bangumi.tv/subject/381841
656,MEGALO BOX,TV,13,2018-04-05,森山洋,真辺克彦、小嶋健作,細谷佳正、斎藤志郎、安元洋貴、森なな子、木下浩之、村瀬迪与、田村真、鈴木達央、種市桃子、内藤有海、れいみ、多田野曜平,7.6,9431,https://lain.bgm.tv/r/400/pic/cover/l/50/29/227718_50fU0.jpg,https://bangumi.tv/subject/227718
657,花田少年史,TV,25,2002-10-01,小島正幸,望月武、金春智子、藤田伸三、高屋敷英夫、米村正二,くまいもとこ、松本梨香、矢尾一樹、田中真弓、野沢那智、竹内順子、桑島法子、ゆきのさつき、久川綾、小山力也、定岡小百合、伊倉一恵、皆口裕子、家中宏、永井一郎、室園丈裕、青木和代、亀井芳子、野沢由香里、龍田直樹、時田光、井上倫宏、真殿光昭、佐久間レイ、松本梨香、山口勝平、小林沙苗、ゆきのさつき、喜安浩平、緒方恵美、宮下タケル、風間勇刀、堀勝之祐、大原さやか、松本梨香、金月真美、高山みなみ、田中秀幸、かないみか、たてかべ和也、室園丈裕、松本梨香、喜田あゆ美、室園丈裕、津田匠子、室園丈裕、亀井芳子、松本梨香、鈴木琢磨、うすいたかやす、室園丈裕、亀井芳子、亀井芳子、亀井芳子、亀井芳子、室園丈裕、根谷美智子、小宮和枝、室園丈裕、中嶋聡彦、小野未喜、室園丈裕、亀井芳子、愛河里花子、松本梨香、亀井芳子、室園丈裕、室園丈裕、亀井芳子、中嶋聡彦、仲木隆司、多岐川まり子、吉沢希梨、室園丈裕、亀井芳子、室園丈裕、亀井芳子、中田和宏、吉沢希梨、桑島法子、堀越真己、川田妙子、矢田耕司、室園丈裕、室園丈裕、亀井芳子、亀井芳子,7.7,462,https://lain.bgm.tv/r/400/pic/cover/l/29/c0/8748_LI7oo.jpg,https://bangumi.tv/subject/8748
658,瑞克和莫蒂 第九季,TV,10,2026-05-24,未知,,,7.8,242,https://lain.bgm.tv/r/400/pic/cover/l/87/a0/451757_qpMMi.jpg,https://bangumi.tv/subject/451757
659,犬王,剧场版,1,2022-05-28,湯浅政明,野木亜紀子,アヴちゃん、黄进泽、森山未來、戴超行、柄本佑、刘圣博、津田健次郎、郭易峰、松重豊、孟祥龙,7.6,3594,https://lain.bgm.tv/r/400/pic/cover/l/47/41/284524_Dk1tJ.jpg,https://bangumi.tv/subject/284524
660,王者天下 第三季,TV,26,2020-04-05,今泉賢一,谷村大四郎、宮下隼一、入江信吾、吉永亜矢、高木登,森田成一、福山潤、釘宮理恵、日笠陽子、村井美里、宮田幸季、玄田哲章、諏訪部順一、仲野裕、伊藤健太郎、楠大典、浦山迅、加藤亮夫、斎藤志郎、堀内賢雄、伊藤和晃、細谷佳正、野島裕史、森川智之、内田夕夜、田中美央、木下浩之、浪川大輔、鳥海浩輔、平川大輔、田中敦子、鈴木達央、上村祐翔、遊佐浩二、園崎未恵、高塚正也、武藤正史、安元洋貴、高塚正也,7.7,426,https://lain.bgm.tv/r/400/pic/cover/l/31/f0/294288_1Qbo0.jpg,https://bangumi.tv/subject/294288
661,少女乐队的呐喊,TV,13,2024-04-05,東映アニメーション,花田十輝,理名、夕莉、美怜、朱李、凪都、近藤玲奈、松岡美里、漆山ゆうき、宮白桃子、高梁りつ、福西勝也、沢城みゆき、幸田直子、堀籠沙耶、山岸治雄、小島幸子、あんどうさくら、平田広明、降幡愛、かぬか光明、岩中睦樹、綿貫竜之介、米田えん、中野さいま、塙英子、かぬか光明、かぬか光明、かぬか光明、井上歌奏子、小石川菜奈、土生駿、水嶋光、佐藤里緒,7.6,24298,https://lain.bgm.tv/r/400/pic/cover/l/75/c1/431767_bX7FZ.jpg,https://bangumi.tv/subject/431767
662,海绵宝宝 第三季,TV,20,2001-10-05,未知,Stephen Hillenburg,Tom Kenny、陈浩、Bill Fagerbakke、Clancy Brown、贾小军、Dee Bradley Baker,7.7,636,https://lain.bgm.tv/r/400/pic/cover/l/91/89/126615_O9E4N.jpg,https://bangumi.tv/subject/126615
663,进击的巨人 最终季 完结篇 后篇,TV,1,2023-11-04,林祐一郎,瀬古浩司,梶裕貴、石川由依、井上麻里奈、谷山紀章、嶋村侑、三上枝織、下野紘、細谷佳正、子安武人、土田大、佐倉綾音、花江夏樹、沼倉愛美、樋渡宏嗣、石井康嗣、湯屋敦子、青山穣、神谷浩史,7.6,10803,https://lain.bgm.tv/r/400/pic/cover/l/d3/dc/415779_6TeGp.jpg,https://bangumi.tv/subject/415779
664,鲁邦三世 第二期,TV,155,1977-10-03,モンキー・パンチ,大和屋竺、大原清秀、宮田雪、城山昇、大久保昌一良、七條門、山浦弘靖、宮崎駿、杉村升、高屋敷英夫、金子裕,山田康雄、増山江威子、小林清志、井上真樹夫、納谷悟朗,7.7,243,https://lain.bgm.tv/r/400/pic/cover/l/92/71/36359_Y4i8J.jpg,https://bangumi.tv/subject/36359
665,灰羽联盟,TV,13,2002-10-09,ところともかず,安倍吉俊,広橋涼、野田順子、宮島依里、矢島晶子、折笠富美子、村井かずさ,7.6,2366,https://lain.bgm.tv/r/400/pic/cover/l/d5/6b/893_gEo72.jpg,https://bangumi.tv/subject/893
666,只有我不存在的城市,TV,12,2016-01-07,伊藤智彦,岸本卓、安永豊,土屋太鳳、満島真之介、悠木碧、赤﨑千夏、高山みなみ、大地葉、柄本佑、鬼頭明里、田丸篤志、菊池幸利、七瀬彩夏、木野日菜、金子彩花、宮本充、水島大宙、大川透、竹内栄治、岡村明美、宇山玲加、吉田麻実、中根久美子,7.6,14481,https://lain.bgm.tv/r/400/pic/cover/l/39/2f/137722_Iid43.jpg,https://bangumi.tv/subject/137722
667,机动战士高达00,TV,25,2007-10-06,水島精二,黒田洋介,西墻由香、宮野真守、三木眞一郎、吉野裕行、城雅子、神谷浩史、恒松あゆみ、高垣彩陽、本名陽子、我妻正崇、東地宏樹、佐藤有世、真堂圭、高橋研二、古谷徹、松本保典、大塚周夫、小笠原亜里沙、石塚運昇、浜田賢二、中村悠一、うえだゆうじ、根谷美智子、藤原啓治、高山みなみ、高橋研二、大原崇、梅津秀行、玉川砂記子、入野自由、斎藤千和、釘宮理恵、浪川大輔、四宮豪、遠藤綾、土師孝也、西凜太朗、小西克幸、入野自由、小笠原亜里沙,7.6,6355,https://lain.bgm.tv/r/400/pic/cover/l/16/a5/286_8Kxkz.jpg,https://bangumi.tv/subject/286
668,钻石王牌 第二季,TV,51,2015-04-06,増原光幸,藤咲淳一、川野麻美、古怒田健志、谷村大四郎,逢坂良太、櫻井孝宏、島﨑信長、花江夏樹、浅沼晋太郎、細谷佳正、小野友樹、浪川大輔、森田成一、岡本信彦、羽多野渉、代永翼、下野紘、東地宏樹、杉田智和、内山昂輝、福山潤、加地綾乃、石川界人、山下大輝、松岡禎丞、蒼井翔太、田尻浩章、下妻由幸、寺島惇太、村田太志、竹内栄治、内山夕実、大川透、遠藤ゆりか、山口立花子、花守ゆみり、高橋花林、寺島惇太、河西健吾、河西健吾、寺島惇太、鈴木裕斗、鈴木裕斗、川口翔、加藤亮夫、木村良平、鈴木裕斗、鳥海浩輔、仲野裕、梶裕貴、KENN、保志総一朗、川口翔、羽多野渉、山谷祥生、前野智昭、西凜太朗、小野賢章、武内駿輔、内田雄馬、石田彰、代永翼、阿部敦、鈴木達央、金本涼輔、神谷浩史、伊藤和晃、江口拓也、森久保祥太郎、鈴村健一、木島隆一、木村昴、三宅貴大、竹内栄治、土岐隼一、石谷春貴、三宅貴大、木島隆一、梶川翔平、三宅貴大、梶川翔平、須藤翔、中田譲治、木島隆一、鈴木裕斗、三宅貴大、石谷春貴、川口翔、寺島惇太、下妻由幸、木島隆一、寺島惇太、木島隆一、石谷春貴、岡本信彦、下妻由幸、斉藤壮馬、後藤哲夫、豊永利行、中村大志、増田俊樹、木島隆一、羽多野渉、三宅貴大、稲田徹、松本忍、優希知冴、吉田孝,7.7,836,https://lain.bgm.tv/r/400/pic/cover/l/1c/90/129844_NwzEg.jpg,https://bangumi.tv/subject/129844
669,夏目友人帐 曾几何时下雪之日,OVA,1,2014-02-05,出合小都美,吉永亜矢,神谷浩史、井上和彦、伊藤美紀、伊藤栄次、加藤奈々絵、雨蘭咲木子,7.6,2098,https://lain.bgm.tv/r/400/pic/cover/l/99/54/84501_erR4F.jpg,https://bangumi.tv/subject/84501
670,飞出个未来 第4季,TV,18,2002-02-10,未知,,,7.9,120,https://lain.bgm.tv/r/400/pic/cover/l/8f/b3/84756_5GQ9r.jpg,https://bangumi.tv/subject/84756
671,甲贺忍法帖,TV,24,2005-04-12,木﨑文智,岡田麿里、むとうやすゆき、山田靖智,鳥海浩輔、吳文民、水樹奈々、傅其慧、早水リサ、傅其慧、宮林康、北川勝博、陳幼文、伊丸岡篤、羽多野渉、小林清志、孫德成、陳幼文、羽多野渉、陳幼文、沢城みゆき、姚敏敏、青野武、孫中台、沢城みゆき、京田尚子、傅其慧、立木文彦、千々和竜策、平勝伊、陳幼文、上田燿司、孫德成、木村はるか、矢薙直樹、吳文民、速水奨、李香生、魚建、陳幼文、内海賢二、渡辺美佐、姚敏敏,7.6,2332,https://lain.bgm.tv/r/400/pic/cover/l/49/cb/3916_XFn1S.jpg,https://bangumi.tv/subject/3916
672,南方公园 第12季,TV,14,2008-03-12,未知,Trey Parker,Trey Parker、Matt Stone、Mona Marshall,7.8,193,https://lain.bgm.tv/r/400/pic/cover/l/ed/45/50323_4e47d.jpg,https://bangumi.tv/subject/50323
673,重金属摇滚双面人,OVA,12,2008-08-08,長濵博史,,うえだゆうじ、岸尾だいすけ、長澤まさみ、保村真、中野裕斗、小林愛、松山鷹志,7.6,971,https://lain.bgm.tv/r/400/pic/cover/l/93/1a/2108_09A0Z.jpg,https://bangumi.tv/subject/2108
674,RWBY Volume 1-3: The Beginning,TV,13,2017-07-07,未知,,早見沙織、日笠陽子、嶋村侑、小清水亜美、斉藤壮馬、洲崎綾、豊口めぐみ、下野紘、三木眞一郎,7.6,887,https://lain.bgm.tv/r/400/pic/cover/l/ff/20/212008_U1uuU.jpg,https://bangumi.tv/subject/212008
675,起风了,剧场版,1,2013-07-20,宮崎駿,宮崎駿,庵野秀明、鏑木海智、黃珽筠、劉傑、飯野茉優、瀧本美織、馬君珮、信太真妃、志田未来、林美秀、竹下景子、鄭仁麗、西島秀俊、宋克軍、西村雅彦、孫中台、風間杜夫、徐健春、野村萬斎、陳宗岳、Steve Alpert、國村隼、康殿宏、大竹しのぶ、楊凱凱,7.6,5056,https://lain.bgm.tv/r/400/pic/cover/l/a0/2a/56846_9P9zW.jpg,https://bangumi.tv/subject/56846
676,向阳素描×365 特别篇,OVA,2,2009-10-17,新房昭之,与口奈津江、長谷川菜穂子,阿澄佳奈、水橋かおり、後藤邑子、新谷良子、松来未祐、チョー、沢城みゆき、福圓美里、蒼樹うめ,7.6,975,https://lain.bgm.tv/r/400/pic/cover/l/98/b4/2662_eLO2c.jpg,https://bangumi.tv/subject/2662
677,南家三姐妹,TV,13,2007-10-07,太田雅彦,鴻野貴光、あおしまたかし、杉原研二、子安秀明,佐藤利奈、井上麻里奈、茅原実里、水樹奈々、柿原徹也、後藤沙緒里、高梁碧、森永理科、大原桃子、浅沼晋太郎、豊崎愛生、喜多村英梨、高木礼子、小野涼子、千葉紗子、小野大輔、千葉紗子、大原桃子、川田紳司、吉野裕行、葉山達也、大原桃子、浅沼晋太郎、小野涼子,7.6,6890,https://lain.bgm.tv/r/400/pic/cover/l/0f/49/283_qtWfz.jpg,https://bangumi.tv/subject/283
678,末日时在做什么？有没有空？可以来拯救吗？,TV,12,2017-04-11,和田純一,枯野瑛、望月真里子、永井真吾、根元歳三,新井良平、喬資淯、田所あずさ、林筱玲、Machico、楊詩穎、上原あかり、陳貞伃、荒浪和沙、楊詩穎、水瀬いのり、陳貞伃、水間友美、楊詩穎、久保ユリカ、陳貞伃、石見舞菜香、林筱玲、木野日菜、林筱玲、小日向茜、井上喜久子、楊詩穎、千葉繁、馬伯強、小杉十郎太、馬伯強、佐藤聡美、林筱玲、井上ほの花、陳貞伃、佐藤利奈、陳貞伃、田村睦心、麦人、楊詩穎、馬伯強、岡田日花里、岩河拓吾,7.6,13742,https://lain.bgm.tv/r/400/pic/cover/l/a0/5f/185943_VDh22.jpg,https://bangumi.tv/subject/185943
679,哆啦A梦回来了,剧场版,1,1998-03-07,渡辺歩,城山昇,大山のぶ代、小原乃梨子、よこざわけい子,7.7,279,https://lain.bgm.tv/r/400/pic/cover/l/ed/c0/103718_IBy6B.jpg,https://bangumi.tv/subject/103718
680,来玩游戏吧,TV,12,2018-07-08,岸誠二,柿原優子,木野日菜、長江里加、小原好美、置鮎龍太郎、前川涼子、井上ほの花、戸田めぐみ、金澤まい、千菅春香、増谷康紀、斎賀みつき、前川涼子、筆村栄心、金澤まい、悠木碧、石川界人、森川智之、内田秀、島田敏、石川界人、金澤まい、関根明良、戸田めぐみ、岩田光央、伊沢磨紀,7.6,6211,https://lain.bgm.tv/r/400/pic/cover/l/fb/c2/236020_6wt6b.jpg,https://bangumi.tv/subject/236020
681,幻想嘉年华,OVA,12,2011-08-14,岸誠二,上江洲誠,柚木涼香、川澄綾子、小林由美子、野島健児、杉山紀彰、佐久間紅美、植田佳奈、ひと美、下屋則子、松来未祐、高野直子、伊藤美紀、門脇舞以、柚木涼香、中田譲治、佐久間紅美、田中敦子、南央美、夏樹リオ、渡辺明乃、戸松遥、倖月美和、諏訪部順一、神奈延年、浅川悠、田中敦子、西前忠久、三木眞一郎、関智一、中田譲治、七緒はるひ、宮川美保、野島健児、神谷浩史、中田和宏、真殿光昭、下屋則子、柚木涼香、植田佳奈、小清水亜美、高野直子、川澄綾子、中田譲治、川澄綾子、丹下桜、遠藤綾、花澤香菜,7.6,8451,https://lain.bgm.tv/r/400/pic/cover/l/38/0c/18882_XqC8o.jpg,https://bangumi.tv/subject/18882
682,妄想学生会＊,TV,13,2014-01-04,金澤洪充,金澤洪充,浅沼晋太郎、日笠陽子、佐藤聡美、矢作紗友里、下田麻美、小林ゆう、小見川千明、新井里美、加藤英美里、田村睦心、斎藤千和、日野未歩、椎名へきる、平野文、斎藤千和、安済知佳、松来未祐,7.6,8327,https://lain.bgm.tv/r/400/pic/cover/l/93/55/85204_oK33O.jpg,https://bangumi.tv/subject/85204
683,银河英雄传说 Die Neue These 激突 第2章,剧场版,4,2022-04-01,多田俊介,谷村大四郎、吉永亜矢、根元歳三,宮野真守、鈴村健一、梶裕貴、諏訪部順一、小野大輔、中村悠一、花澤香菜、安元洋貴、大場真人、上村祐翔、千葉一伸、菅原雅芳、小谷津央典、大隈健太、屋良有作、真殿光昭、逢坂良太、川島得愛、遠藤綾、三木眞一郎、大塚芳忠、岩崎征実、阪口周平、奈良徹、安斉一博、志村知幸、武虎、佐藤正治、朝倉栄介、美波わかな、富樫美鈴、手塚秀彰、野島健児、遊佐浩二、園崎未恵、下山吉光,7.6,679,https://lain.bgm.tv/r/400/pic/cover/l/be/a3/361384_xV5mv.jpg,https://bangumi.tv/subject/361384
684,变形金刚 领袖之证,TV,65,2010-11-26,JoséLópez、AugustoBarranco、WalterGatus、AratoKato,,Steven Blum、蒋可、鶴岡聡、飛田展男、Dwayne Johnson、杉山紀彰、泰勇気、三宅健太、Frank Welker、Nolan North、蒋可、興津和幸,7.7,508,https://lain.bgm.tv/r/400/pic/cover/l/8e/4e/38307_9zDT6.jpg,https://bangumi.tv/subject/18268
685,希尔达 第一季,WEB,13,2018-09-21,AndyCoyle,,,7.7,200,https://lain.bgm.tv/r/400/pic/cover/l/5b/93/261806_yDiY0.jpg,https://bangumi.tv/subject/261806
686,城市猎人,TV,51,1987-04-06,こだま兼嗣,星山博之、吉川惣司、井上敏樹、日暮裕一、遠藤明範、平野靖士、武上純希,神谷明、伊倉一恵、玄田哲章、麻上洋子、田中秀幸、鷹森淑乃、冨永みーな、日髙のり子,7.6,748,https://lain.bgm.tv/r/400/pic/cover/l/5d/fd/10391_yB7VR.jpg,https://bangumi.tv/subject/10391
687,宝石之国,TV,12,2017-10-07,京極尚彦,大野敏哉、筆安一幸、井上美緒,黒沢ともよ、陳貞伃、小松未可子、張乃文、茅野愛衣、楊詩穎、佐倉綾音、張乃文、田村睦心、李昀晴、早見沙織、連思宇、内山夕実、連思宇、高垣彩陽、張乃文、内田真礼、連思宇、伊藤かな恵、楊詩穎、小澤亜李、楊詩穎、種﨑敦美、連思宇、茜屋日海夏、楊詩穎、広橋涼、陳貞伃、皆川純子、李昀晴、能登麻美子、楊詩穎、釘宮理恵、楊詩穎、中田譲治、林谷珍、生天目仁美、張乃文、桑島法子、張乃文、原田彩楓、楊詩穎、上田麗奈、連思宇、斎藤千和、連思宇、三瓶由布子、B.L.、伊瀬茉莉也、汪世瑋、朴璐美、錢欣郁、M・A・O、連思宇,7.6,11692,https://lain.bgm.tv/r/400/pic/cover/l/2f/07/214799_tGQ11.jpg,https://bangumi.tv/subject/214799
688,高达创形者 再起 2nd Season,WEB,13,2020-04-09,綿田慎也,ヤスカワショウゴ、山田靖智、むとうやすゆき、イシノアツオ,小林千晃、水中雅章、渕上舞、南真由、加隈亜衣、水瀬いのり、若山詩音、三村ゆうな、村田太志、諏訪部順一、逢坂良太、竹本英史、井上剛、藍原ことみ、高田憂希、泊明日菜、村瀬迪与、田中完、相馬康一、柳田淳一、沖野晃司、真木駿一、川田紳司、石田彰、赤﨑千夏、土師孝也、斉藤壮馬、速水奨、小林裕介、藤原夏海、照井春佳、笠間淳、沼倉愛美、松岡禎丞、羽多野渉、森なな子、山本兼平、東内マリ子、熊谷健太郎、山本祥太,7.6,1192,https://lain.bgm.tv/r/400/pic/cover/l/aa/d2/297261_XmMIk.jpg,https://bangumi.tv/subject/297261
689,画江湖之不良人 第四季,WEB,13,2021-04-29,未知,舒奕橙,边江、朱雀橙、阎萌萌、赵毅、关心、白雪岑、王凯、孟宇,7.7,564,https://lain.bgm.tv/r/400/pic/cover/l/c3/2e/313937_62WxP.jpg,https://bangumi.tv/subject/313937
690,好想告诉你 第二季,TV,13,2011-01-04,鏑木ひろ,長沼範裕、鏑木ひろ、金春智子,能登麻美子、浪川大輔、沢城みゆき、三瓶由布子、中村悠一、平野綾、宮野真守、小野友樹、宮川美保、羽多野渉、山中真尋、ユリン千晶、牧口真幸、稀代桜子、松山鷹志、たくみ靖明、坂熊孝彦、森沢芙美、鈴木琢磨、岡林史泰、宮川美保、坂熊孝彦、坂熊孝彦、伊瀬茉莉也、工藤晴香、金光宣明、徳本恭敏、坂熊孝彦、ささきのぞみ、たくみ靖明、牧口真幸、杉本ゆう、ユリン千晶、牧口真幸、宮川美保、長嶋はるか、長嶋はるか,7.6,4427,https://lain.bgm.tv/r/400/pic/cover/l/36/a7/9757_P0sls.jpg,https://bangumi.tv/subject/9757
691,剧场版 Fate/stay night [Heaven's Feel] I.presage flower,剧场版,1,2017-10-14,須藤友徳,桧山彬、ufotable、ufotable,杉山紀彰、王晨光、下屋則子、川澄綾子、白雪岑、関智一、門脇舞以、神谷浩史、中田譲治、赵铭洲、七緒はるひ、植田佳奈、伊藤美紀、褚珺、宮川美保、津嘉山正種、叶保华、水沢史絵、真殿光昭、神奈延年、浅川悠、三木眞一郎、田中敦子、諏訪部順一、てらそままさき、稲田徹、小山力也、川澄綾子、白雪岑,7.6,12797,https://lain.bgm.tv/r/400/pic/cover/l/34/9f/109375_o2NnF.jpg,https://bangumi.tv/subject/109375
692,请问您今天要来点兔子吗？BLOOM,TV,12,2020-10-10,橋本裕之,筆安一幸、井上美緒、橋本裕之,佐倉綾音、水瀬いのり、種田梨沙、佐藤聡美、内田真礼、徳井青空、村川梨衣、早見沙織、木村珠莉、茅野愛衣、速水奨、清川元夢、水樹奈々、皆口裕子、大西沙織、東地宏樹、一城みゆ希、日笠陽子、田澤茉純、嶺内ともみ、桑原由気、貫井柚佳、伊藤彩沙、白城なお,7.6,5164,https://lain.bgm.tv/r/400/pic/cover/l/0a/16/260770_x4N8v.jpg,https://bangumi.tv/subject/260770
693,你看起来很好吃,剧场版,1,2010-10-16,藤森雅也,村上修、じんのひろあき,愛河里花子、山口勝平、加藤清史郎、原田知世、川島得愛、折笠富美子、桐本拓哉、矢田稔、川村万梨阿,7.6,2901,https://lain.bgm.tv/r/400/pic/cover/l/ba/fd/13014_EZYvM.jpg,https://bangumi.tv/subject/13014
694,向阳素描×☆☆☆ 特别篇,OVA,2,2010-10-27,新房昭之,大嶋実句,阿澄佳奈、水橋かおり、後藤邑子、新谷良子、原田ひとみ、小見川千明、松来未祐、チョー、沢城みゆき、桑谷夏子、福圓美里、蒼樹うめ,7.6,835,https://lain.bgm.tv/r/400/pic/cover/l/26/86/9639_fY4eM.jpg,https://bangumi.tv/subject/9639
695,×××HOLiC 春梦记,OVA,2,2009-02-17,水島努,大川七瀬,福山潤、中井和哉、大原さやか、伊藤静、こじまかずこ、矢島晶子、武藤寿美、望月久代、菊地美香、入野自由、牧野由依,7.6,1755,https://lain.bgm.tv/r/400/pic/cover/l/25/ef/2898_xRJQx.jpg,https://bangumi.tv/subject/2898
696,刚巴的冒险,TV,26,1975-04-17,出﨑統,馬嶋満、金子裕、吉川惣司、高屋敷英夫、大和屋竺、竹内啓雄,,7.9,85,https://lain.bgm.tv/r/400/pic/cover/l/76/88/10397_J4Pdf.jpg,https://bangumi.tv/subject/10397
697,监狱兔 第四季,TV,13,2011-03-01,富岡聡,富岡聡,,7.6,2220,https://lain.bgm.tv/r/400/pic/cover/l/c5/fa/10553_BKepz.jpg,https://bangumi.tv/subject/10553
698,了不起的狐狸爸爸,剧场版,1,2009-10-25,Wes、Anderson,Wes Anderson、Noah Baumbach,George Clooney、てらそままさき、佐藤しのぶ、西健亮、Bill Murray、ふくまつ進紗、Willem Dafoe、青山穣、間宮康弘、Wes Anderson、Adrien Brody,7.7,476,https://lain.bgm.tv/r/400/pic/cover/l/66/18/96167_Z5Z44.jpg,https://bangumi.tv/subject/96167
699,心灵奇旅,剧场版,1,2020-12-25,Pete、Docter,Pete Docter,Jamie Foxx、Fortune Feimster,7.6,2525,https://lain.bgm.tv/r/400/pic/cover/l/2b/61/285074_Di95b.jpg,https://bangumi.tv/subject/285074
700,异兽魔都 第二季,WEB,11,2026-04-01,林祐一郎,瀬古浩司,高木渉、近藤玲奈、堀内賢雄、細谷佳正、小林ゆう、富田美憂、高梨謙吾、三木眞一郎、市来光弘、置鮎龍太郎、江川央生、鵜殿麻由、ソンド、稲田徹、郷田ほづみ、勝杏里、寺島拓篤、木村良平、梶裕貴、千葉繁、木村昴、内山昂輝、濱野大輝、弘松芹香、藍原ことみ、越村友一、宮﨑雅也、野村勝人、三木晶、伊丸岡篤、松本沙羅、小清水亜美、岩崎ひろし、増谷康紀、田丸篤志、近藤浩徳、河瀬茉希、河本邦弘、松田修平、岡本幸輔、島田岳洋、宮本誉之、阪口周平、岩澤俊樹、酒井広大、小若和郁那、福西勝也、間宮康弘、江頭宏哉、神田みか、山口眞弓、中野泰佑、稲田徹,7.6,1340,https://lain.bgm.tv/r/400/pic/cover/l/46/1d/474371_147kq.jpg,https://bangumi.tv/subject/474371
701,火影忍者疾风传,TV,500,2007-02-15,伊達勇登、小林治、今千秋、渡部穏寛、むらた雅彦,渡邊大輔、鈴木やすゆき、吉田伸、宮田由佳、都留稔幸、本田雅也、武上純希、赤星政尚、小林治、千葉克彦、田中秀人、彦久保雅博、下山健人、西園悟,竹内順子、杉山紀彰、東山奈央、中村千絵、田村睦心、鈴村健一、井上和彦、小暮英麻、江原正士、髙月希海、大塚芳忠、水樹奈々、川田紳司、鳥海浩輔、勝生真沙子、日野聡、遠近孝一、増川洋一、田村ゆかり、小山力也、森久保祥太郎、柚木涼香、伊藤健太郎、江原正士、牧口真幸、玄田哲章、朴璐美、石田彰、白石涼子、土師孝也、てらそままさき、矢島晶子、櫻井孝宏、小杉十郎太、寺崎裕香、石川英郎、川本克彦、高木渉、飛田展男、檀臣幸、くじら、竹内順子、神奈延年、根本圭子、落合るみ、加瀬康之、内田直哉、菅生隆之、堀内賢雄、河西健吾、柴田秀勝、森川智之、谷育子、城山堅、近藤隆、東條加那子、行成とあ、阪口周平、朝倉栄介、河野智之、潘めぐみ、小森創介、関俊彦、大谷育江、津田健次郎、家中宏、中村大樹、辻親八、岩崎ひろし、久嶋志帆、堀内賢雄、峯香織、田中敦子、篠原恵美、前野智昭、森田順平、宗矢樹頼、西村知道、菊本平、竹内良太、加藤将之、糸博、堀内賢雄、羽多野渉、坪井智浩、宮島依里、かないみか、園崎未恵、青山穣、桜井敏治、大塚明夫、上田燿司、森川智之、重松朋、平田広明、七緒はるひ、本田貴子、飛田展男、土田大、浅野まゆみ、石塚運昇、宗矢樹頼、渡部猛、西川幾雄、中村章吾、千田光男、重松朋、下屋則子、天田益男、沢木郁也、渡辺明乃、浦山迅、斧アツシ、細野雅世、よのひかり、江川央生、木内秀信、河西健吾、浅井清己、津田英三、宮田幸季、日野由利加、武田華、合田絵利、鈴木琢磨、白石涼子、保志総一朗、齋藤綾、小山茉美、織部ゆかり、能登麻美子、根本圭子、福田信昭、根本圭子、佐々木望、坂本真綾、中田譲治、田中正彦、渡辺英雄、高橋英則、坂巻学、翠準子、宮田光、西前忠久、手塚秀彰、小松由佳、玉野井直樹、内田夕夜、斧アツシ、平川大輔、中嶋佳葉、いなせあおい、石川綾乃、利根健太朗、加隈亜衣、千葉一伸、小林由美子、木島隆一、上田燿司、原田正夫、木川絵理子、園田恵子、東條加那子、小野未喜、中井和哉、上田燿司、伊丸岡篤、浅川悠、藤吉浩二、松田健一郎、細谷佳正、木村雅史、浜田賢二、長嶝高士、下山吉光、岐部公好、鈴村健一、豊口めぐみ、久嶋志帆、伊倉一恵、河西健吾、北川勝博、木川絵理子、興津和幸、松田健一郎、藤吉浩二,7.6,8011,https://lain.bgm.tv/r/400/pic/cover/l/60/24/2782_z3jWE.jpg,https://bangumi.tv/subject/2782
702,DARKER THAN BLACK -黑之契约者- 外传,OVA,4,2010-01-27,岡村天斎,菅正太郎,木内秀信、福圓美里,7.6,4552,https://lain.bgm.tv/r/400/pic/cover/l/ac/52/3960_cHx5y.jpg,https://bangumi.tv/subject/3960
703,和巴什尔跳华尔兹,剧场版,1,2008-05-13,阿里·福尔曼,,,7.7,293,https://lain.bgm.tv/r/400/pic/cover/l/3b/d4/2693_1fkTm.jpg,https://bangumi.tv/subject/2693
704,龙珠改,TV,98,2009-04-05,未知,,野沢雅子、野沢雅子、堀川りょう、佐藤正治、大友龍三郎、内海賢二、中尾隆聖、八奈見乗児、江森浩子、渡辺菜生子、島田敏、田中真弓、稲田徹、緑川光、古谷徹、三浦祥朗、長嶝高士、平野綾、石塚運昇、小西克幸、古川登志夫、鶴ひろみ、草尾毅、田中真弓、伊藤美紀、島田敏、牛田裕子、大友龍三郎、藤本たかひろ、龍田直樹、田中真弓、園部啓一、藤本たかひろ、沼田祐介、郷里大輔、郷里大輔、永井一郎、川津泰彦、千葉繁、竹本英史、田中亮一、八奈見乗児、川浪葉子、滝口順平、楠大典、吉水孝宏、佐々木誠二、岸尾だいすけ、小野坂昌也、高戸靖広、郷里大輔、千葉繁、西脇保,7.6,1616,https://lain.bgm.tv/r/400/pic/cover/l/7b/1c/2103_VR9mM.jpg,https://bangumi.tv/subject/2103
705,真盖塔 世界最后之日,OVA,13,1998-08-25,今川泰宏、川越淳,藤田伸三、福嶋幸典,石川英郎、内田直哉、関智一、日高奈留美、松本保典、坂口賢一,7.6,879,https://lain.bgm.tv/r/400/pic/cover/l/54/9c/23213_zZuh0.jpg,https://bangumi.tv/subject/23213
706,棋魂特别篇 迈向北斗杯之路,TV,1,2004-01-03,えんどうてつや,横手美智子、えんどうてつや,川上とも子、小林沙苗、石塚堅,7.6,974,https://lain.bgm.tv/r/400/pic/cover/l/69/6d/36271_aVrvZ.jpg,https://bangumi.tv/subject/36271
707,×××HOLiC 仲夏夜之梦,剧场版,1,2005-08-20,水島努,櫻井大樹、藤咲淳一,大原さやか、福山潤、中井和哉、伊藤静、こじまかずこ、望月久代,7.6,1891,https://lain.bgm.tv/r/400/pic/cover/l/6e/31/2897_3l433.jpg,https://bangumi.tv/subject/2897
708,86 -不存在的战区-,TV,11,2021-04-10,石井俊匡,永井千晶、大野敏哉、砂山蔵澄,長谷川育美、泊明日菜、千葉翔也、山下誠一郎、藤原夏海、白石晴香、石谷春貴、早見沙織、鈴代紗弓、山下大輝、村田太志、植木慎英、福原かつみ、小野将夢、風間万裕子、貫井柚佳、坂泰斗、石上静香、楠大典、杉山里穂、三上哲、古川慎,7.6,16651,https://lain.bgm.tv/r/400/pic/cover/l/a4/b3/302189_1034v.jpg,https://bangumi.tv/subject/302189
709,向山进发 第二季,TV,24,2014-07-09,山本裕介,筆安一幸,井口裕香、阿澄佳奈、日笠陽子、小倉唯、久川綾、牧野由依、山下誠一郎、荻野晴朗、儀武ゆう子、小松史法、伊丸岡篤、東山奈央、早水リサ、鳴海杏子、照井春佳、田丸篤志、湯屋敦子、池田勝、近藤ゆき、工藤雅久、三瓶雄樹、佐久間元輝、佐野康之、甲斐田ゆき、白川愛実、織田亜希、篠宮あすか、臼井晴菜,7.6,4325,https://lain.bgm.tv/r/400/pic/cover/l/bf/3b/86670_Ze8H4.jpg,https://bangumi.tv/subject/86670
710,枕刀歌3：孤城闭雪,WEB,14,2025-09-19,未知,,,7.8,125,https://lain.bgm.tv/r/400/pic/cover/l/df/ac/432776_K1M48.jpg,https://bangumi.tv/subject/432776
711,银河英雄传说 我的征途是星辰大海,剧场版,1,1988-02-06,石黒昇,首藤剛志,堀川りょう、広中雅志、富山敬、野田圭一、土師孝也、森功至、若本規夫、柴田秀勝、潘恵子、二又一成、古川登志夫、徳丸完、井上和彦、政宗一成、大木民夫、鈴置洋孝、秋元羊介,7.7,404,https://lain.bgm.tv/r/400/pic/cover/l/fa/dd/39531_t4Uwk.jpg,https://bangumi.tv/subject/39531
712,火影忍者,TV,220,2002-10-03,伊達勇登,広平虫、横手美智子、大和屋暁、西園悟、吉田伸、水越保、鈴木やすゆき、隅沢克之、宮田由佳、武上純希,竹内順子、常蓉珊、杉山紀彰、東山奈央、中村千絵、井上和彦、小杉十郎太、森久保祥太郎、柚木涼香、伊藤健太郎、水樹奈々、川田紳司、鳥海浩輔、竹内順子、落合るみ、常蓉珊、遠近孝一、根本圭子、増川洋一、田村ゆかり、江原正士、菅生隆之、堀内賢雄、柴田秀勝、大塚芳忠、勝生真沙子、翠準子、宮田光、根本圭子、家中宏、中村大樹、津田英三、鈴木琢磨、浜田賢二、さがらえみ、福田信昭、浜田賢二、平田広明、本田貴子、飛田展男、津田健次郎、土田大、楠大典、佐々木望、藤生聖子、河野智之、関俊彦、山本泰輔、坪井智浩、松井菜桜子、斎藤恵理、三木眞一郎、菅沼久義、福田信昭、田中完、志村知幸、大谷育江、重松朋、下屋則子、浅井清己、小林由美子、長嶝高士、下山吉光、山本泰輔、根本圭子、朝倉栄介、細野雅世、園田恵子、小野未喜、増田ゆき、柳沢栄治、髙月希海、朴璐美、石田彰、加瀬康之、保志総一朗、中田譲治、田中正彦、山口眞弓、くじら、神奈延年、森川智之、渡辺明乃、千葉進歩、三宅健太、江川大輔、奥田啓人、河本邦弘、粟津貴嗣、咲野俊介、咲野俊介、桐本拓哉、勝杏里、渡辺英雄、小池亜希子、大水忠相、上田燿司、原田正夫、石川英郎、檀臣幸、浅野まゆみ、石塚運昇、くわはら利晃、くわはら利晃、上田燿司、重松朋、辻親八、渡部猛、天田益男、能登麻美子、北川勝博、根本圭子、岩崎ひろし、玄田哲章、青野武、坂東尚樹、隈本吉成、渡辺美佐、石川静、酒井敬幸、奥田啓人、高瀬右光、水野龍司、佐藤ゆうこ、浅井清己、鳳芳野、三戸崇史、小暮英麻、秋元羊介、後藤敦、岡野浩介、小上裕通、置鮎龍太郎、渡辺英雄、小林沙苗、相沢まさき、島田敏、塩屋浩三、西前忠久、藤原美央子、岡本章子、緑川光、宇垣秀成、酒井敬幸、永島由子、松本梨香、志村知幸、川島得愛、永井誠、藤原啓治、矢島晶子、桐井大介、斉藤昌、小形満、西村知道、宗矢樹頼、池田秀一、廣田行生、立木文彦、水島裕、桜井敏治、三戸崇史、田原アルノ、宝亀克寿、関智一、水内清光、伊藤栄次、田中一永、長沢美樹、チョー、相田さやか、金子由之、梅津秀行、高宮俊介、雨蘭咲木子、仲野裕、松本保典、遠藤純一、堀本等、細谷佳正、重松朋、浪川大輔、宮本充、青山桐子、恒松あゆみ、深見梨加、安井邦彦、戸部公爾、石波義人、小山力也、細野雅世、坂東尚樹、細谷佳正、檀臣幸、氷上恭子、渡辺美佐、阪口周平、小川一樹、木川絵理子、渡辺英雄、古澤徹、川本克彦、野沢雅子、西前忠久、てらそままさき、深水由美、星野充昭、柚木涼香、梁田清之、成田剣、引田有美、鉄野正豊、江川大輔、井上剛、城山堅、半場友恵、石田圭祐、船木真人、久嶋志帆、津田健次郎、奥田啓人、加藤将之、楠大典、日野聡、設楽麻美、白熊寛嗣、花輪英司、小川一樹、野島健児、細野雅世、中根徹、峯香織、東地宏樹、坂本真綾、森田順平、石住昭彦、沢海陽子、桐井大介、諏訪部順一、関俊彦,7.6,9107,https://lain.bgm.tv/r/400/pic/cover/l/07/21/3425_9PQ1L.jpg,https://bangumi.tv/subject/3425
713,来来猫 第二季,TV,50,2010-07-03,大地丙太郎,くるねこ大和（「くるねこ」／エンターブレイン刊）,中谷美紀,7.7,236,https://lain.bgm.tv/r/400/pic/cover/l/ad/1f/6756_o02oA.jpg,https://bangumi.tv/subject/6756
714,对话的维度,剧场版,1,1982,Jan、Švankmajer,,,7.7,335,https://lain.bgm.tv/r/400/pic/cover/l/9c/6b/80199_j22t5.jpg,https://bangumi.tv/subject/80199
715,江户盗贼团五叶,TV,12,2010-04-15,望月智充,望月智充,浪川大輔、櫻井孝宏、緒乃冬華、高塚正也、内田夕夜、木下浩之、高梁碧、宝亀克寿,7.6,1600,https://lain.bgm.tv/r/400/pic/cover/l/13/43/4328_z8RCr.jpg,https://bangumi.tv/subject/4328
716,雾山五行 犀川幻紫林,WEB,4,2023-07-26,林魂,林魂,锦鲤、郭盛、姜英俊、李兰陵、沈欣如、阎么么、陈张太康、林魂、刘琮、杨昕燃、柳真颜、林帽帽、赵铭洲、瞳音、林魂、张占坤、苗壮、郝祥海、藤新、常蓉珊、叶知秋、杨凝、小连杀、林帽帽,7.6,2557,https://lain.bgm.tv/r/400/pic/cover/l/cf/47/312658_BP30u.jpg,https://bangumi.tv/subject/312658
717,罗小黑战记,剧场版,1,2019-09-07,MTJJ,MTJJ、彭可欣、风息神泪,山新、花澤香菜、刘明月、宮野真守、郝祥海、櫻井孝宏、图特哈蒙、石狩勇気、陈思宇、チョー、杨凝、豊崎愛生、李璐、大塚芳忠、山新、艾索、冯志爽、夏侯落枫、叮当、图特哈蒙、邢凯新、李铫、高枫、沈欣如、瞳音、李兰陵、叶知秋、张恩泽、李兰陵、月夜桥、郝祥海、林帽帽、桃宝、邢凯新、李轻扬、赵双、顾杰、MTJJ,7.6,5563,https://lain.bgm.tv/r/400/pic/cover/l/10/e4/159725_G2bCk.jpg,https://bangumi.tv/subject/159725
718,哆啦A梦：新·大雄与铁人兵团,剧场版,1,2011-03-05,寺本幸代,清水東,水田わさび、陳美貞、大原めぐみ、陶敏嫻、かかずゆみ、黃珽筠、木村昴、官志宏、関智一、李景唐、千秋、沢城みゆき、三石琴乃,7.6,1292,https://lain.bgm.tv/r/400/pic/cover/l/c6/b7/19130_dFnGq.jpg,https://bangumi.tv/subject/19130
719,校园迷糊大王 一学期补习,OVA,2,2005-12-22,高松信司,ときたひろこ,小清水亜美、高橋広樹、堀江由衣、小西大樹、生天目仁美、川田紳司、岸尾だいすけ、泰勇気、南里侑香、髙木俊、田所ちさ、山﨑美智、檜山修之、安元洋貴、福井裕佳梨、保村真、佐藤利奈,7.6,1561,https://lain.bgm.tv/r/400/pic/cover/l/f3/1b/1877_IKkll.jpg,https://bangumi.tv/subject/1877
720,乱马1/2,TV,18,1989-04-15,芝山努,浦沢義雄、橋本裕志、井上敏樹、菅良幸、川崎ヒロユキ、隅沢克之、高屋敷英夫、松井亜弥,山口勝平、林原めぐみ、李宛鳳、馮美麗、劉傑、姜瑰瑾、日髙のり子、陶敏嫻、呂佩玉、緒方賢一、孫中台、陳幼文、高山みなみ、陶敏嫻、李宛鳳、井上喜久子、姜瑰瑾、馮美麗、大林隆介、官志宏、山寺宏一、孫中台、官志宏、佐久間レイ、馬君珮、李宛鳳、鈴置洋孝、陳幼文、官志宏、島津冴子、許淑嬪、馬君珮、三ツ矢雄二、官志宏、山寺宏一、官志宏、小林優子,7.6,1872,https://lain.bgm.tv/r/400/pic/cover/l/b1/9a/2789_4OsUj.jpg,https://bangumi.tv/subject/2789
721,鲁邦三世 -名为峰不二子的女人-,TV,13,2012-04-04,山本沙代,大西信介、佐藤大、西村純二、三次五子、岡田麿里,栗田貫一、沢城みゆき、小林清志、山寺宏一、浪川大輔、梶裕貴、紺野相龍、内藤有海、皆瀬まりか、乃神亜衣子、板倉光隆、花藤蓮、町田政則、中西としはる、佐々木省三、楠見藍子、長尾明希、真田五郎、広田みのる、早志勇紀、斉藤次郎、辻親八、秋元羊介、長克巳、木村雅史、中嶋アキ、菊本平、佐藤祐四、金尾哲夫、樋口智透、菊池こころ、宮内敦士、神田奈美、牛山茂、竹本和正、下山田綾華、青山穣,7.6,2059,https://lain.bgm.tv/r/400/pic/cover/l/e6/33/36355_dt0WH.jpg,https://bangumi.tv/subject/36355
722,哆啦A梦：大雄与铁人兵团,剧场版,1,1986-03-15,芝山努,藤子・F・不二雄,大山のぶ代、于正昇、小原乃梨子、李映淑、野村道子、謝佼娟、たてかべ和也、沈光平、肝付兼太、官志宏、山本百合子,7.6,1039,https://lain.bgm.tv/r/400/pic/cover/l/c2/03/442_1w2K4.jpg,https://bangumi.tv/subject/442
723,别当欧尼酱了！,TV,12,2023-01-05,藤井慎吾,横手美智子、平見瞠,高野麻里佳、れいみ、さいとうよしえ、石原夏織、金元寿子、津田美波、優木かな、日岡なつみ、青島れな、阿部里果、櫻井海亜、月城莉奈、和多田美咲、高槻みゆう、東城咲耶子、小田果林、水希凜、山本悠有希、長江里加、内村史子、さいとうよしえ、田中沙耶、陶山恵実里、三浦祥朗、菅沼久義、れいみ、さいとうよしえ、内田夕夜、えなこ、後藤光祐、久遠エリサ、中村光樹、羊宮妃那、さいとうよしえ、岡田幸子、さいとうよしえ、中根久美子、中根久美子、中村光樹、小林康介,7.6,18798,https://lain.bgm.tv/r/400/pic/cover/l/7e/ca/378862_24TnR.jpg,https://bangumi.tv/subject/378862
724,小孤儿,剧场版,1,1949,William、Hanna、Joseph、Barbera,威廉·汉纳,,7.8,139,https://lain.bgm.tv/r/400/pic/cover/l/f8/cc/132376_2ILoM.jpg,https://bangumi.tv/subject/132376
725,超兽武装之勇者无惧,TV,33,2011-11-11,王巍,王巍,鞠月斌、祖晴、陈轶、陆双、赵然、李团、刘晓天、邓红、李团、邓红、李团、赵然、李团、高全胜、王巍、陈轶、高全胜、刘晓天、邓红、刘晓天、祖晴,7.6,1101,https://lain.bgm.tv/r/400/pic/cover/l/36/9f/33695_411c9.jpg,https://bangumi.tv/subject/33695
726,平家物语,TV,11,2022-01-12,山田尚子,吉田玲子,悠木碧、櫻井孝宏、早見沙織、玄田哲章、入野自由、小林由美子、岡本信彦、花江夏樹、千葉繁、井上喜久子、檜山修之、西山宏太朗、青山穣、坂本真綾、井上喜久子、村瀬歩、木村昴、宮崎遊、水瀬いのり、杉田智和、梶裕貴、佐藤美由希、本泉莉奈、三宅健太,7.6,4702,https://lain.bgm.tv/r/400/pic/cover/l/3f/f3/348335_OPwHW.jpg,https://bangumi.tv/subject/348335
727,成龙历险记 第一季,TV,13,2000-09-09,PhilWeinstein&FrankSquillace,,James Sie、赵岭、石丸博也、张璐、本名陽子、赵震、石井隆夫、Jim Cummings、赵震、楠見尚己、Clancy Brown、浦山迅、Clancy Brown、James Sie、浦山迅,7.6,3029,https://lain.bgm.tv/r/400/pic/cover/l/73/cd/39024_yzwyh.jpg,https://bangumi.tv/subject/39024
728,妄想学生会＊ OAD,OVA,9,2014-05-16,金澤洪充,金澤洪充,浅沼晋太郎、日笠陽子、佐藤聡美、矢作紗友里、下田麻美、小見川千明、新井里美、加藤英美里、田村睦心、斎藤千和、日野未歩、椎名へきる、上坂すみれ、平野文、斎藤千和、岡咲美保、安済知佳、松来未祐,7.6,2767,https://lain.bgm.tv/r/400/pic/cover/l/de/e4/104591_207EE.jpg,https://bangumi.tv/subject/104591
729,CLANNAD ～AFTER STORY～另一个世界 杏篇,OVA,1,2009-05-24,石原立也,志茂文彦,広橋涼、神田朱未、阪口大助、川名真知子,7.6,8537,https://lain.bgm.tv/r/400/pic/cover/l/39/66/37874_qB06C.jpg,https://bangumi.tv/subject/37874
730,银河英雄传说 Die Neue These 星乱 第3章,剧场版,4,2019-11-29,多田俊介,高木登、根元歳三,宮野真守、鈴村健一、梅原裕一郎、梶裕貴、諏訪部順一、小野大輔、中村悠一、坂本真綾、花澤香菜、稲田徹、安元洋貴、野島裕史、大場真人、竹内良太、樋渡宏嗣、西嶋陽一、辻井健吾、西村知道、東地宏樹、古谷徹、菅原雅芳、小谷津央典、斉藤次郎、遠藤綾、三木眞一郎、大塚芳忠、山路和弘、牛山茂、平川大輔、石原凡、星野充昭、二又一成、安斉一博、志村知幸、武虎、手塚秀彰、菊池正美、望月健一、塾一久、堀秀行、下山吉光,7.6,971,https://lain.bgm.tv/r/400/pic/cover/l/5e/61/226224_01XNb.jpg,https://bangumi.tv/subject/226224
731,浪客剑心,TV,95,1996-01-10,古橋一浩,面出明美、横手美智子、島田満、十川誠志、古橋一浩、菅良幸、岸間信明,涼風真世、鈴木真仁、藤谷美紀、冨永みーな、渕崎ゆり子、うえだゆうじ、池田秀一、鈴置洋孝、日比野朱里、池田政典、白鳥由里、かねこはりい、水谷誠伺、沢木郁也、日髙のり子、高橋ひろし、安原義人、櫻井智、土井美加、坂口芳貞、志賀克也、大塚明夫、小村哲生、菊池英博、塩屋翼、湯浅香織、並木のり子、島本須美、宮本充、亀山助清、飛田展男、野島昭生、松野太紀、飯塚昭三、中田和宏、藤原啓治、津田健次郎、笹岡繁蔵、沢りつお、辻親八、竹村拓、檜山修之、高橋ひろし、村松康雄、又村奈緒美、鈴木真仁、田原アルノ、滝口順平、田中康郎、高木渉、田中真弓、大林隆介、片岡富枝、牛山茂、稲葉実、沢木郁也、モリノリ久、又村奈緒美、家中宏、高木渉、伊藤かずえ、松本美和、坂口芳貞、駒田一、松野太紀、辻村真人、中井将貴、モリノリ久、八嶋智人、坂口芳貞、飛田展男、池田勝、中田和宏、入絵加奈子、流山児祥、原康義、福本伸一、竹内順子、竹本英史、八嶋智人、西川幾雄、石塚運昇、小村哲生、高橋ひろし、松村武、モリノリ久、永野善一、志賀克也、志賀克也、又村奈緒美、モリノリ久、モリノリ久、八嶋智人、北村弘一、石川正明、本多知恵子、松本美和、茶風林、木内秀信、尾小平志津香、中尾友紀、加藤忠可、平松晶子、西原久美子、川田妙子、赤土眞弓、石森達幸、松野太紀、羽佐間道夫、優希比呂、カシワクラツトム、今井敦、瀬戸奈保子、島本須美、槐柳二、梅津秀行、竹本英史、大黒和広、松村武、北出浩二、鮭延未可、大黒和広、志賀克也、矢島晶子、井上純一、笠原弘子、幹本雄之、郷田ほづみ、中村秀利、仲木隆司、大倉正章、松村武、家村幸成、モリノリ久、大谷育江、又村奈緒美、こおろぎさとみ、川田妙子、大塚芳忠、高島雅羅、鶴岡聡、金丸淳一、緒方賢一、柴本浩行、松本美和、菊池正美、八木光生、檜山修之、岩男潤子、松本保典、麦人、大黒和広、仁内建之、横山智佐、山路和弘、武岡淳一、中田譲治、伊井篤史、西村朋紘、西川貴教、子安武人、優希比呂、大黒和広、肝付兼太、石橋美佳,7.6,2728,https://lain.bgm.tv/r/400/pic/cover/l/bb/eb/2712_4x9w1.jpg,https://bangumi.tv/subject/2712
732,空中秋千,TV,11,2009-10-15,奥田英朗『イン・ザ・プール』、『空中ブランコ』、『町長選挙』,石川学、村山功,朴璐美、三ツ矢雄二、櫻井孝宏、浪川大輔、入野自由、岩田光央、古谷徹、杉本有美,7.6,907,https://lain.bgm.tv/r/400/pic/cover/l/21/7c/2531_J29Rz.jpg,https://bangumi.tv/subject/2531
733,第一神拳 Rising,TV,25,2013-10-05,宍戸淳、西村聡,稲本達郎、西村聡、石田勝也、筆安一幸、高屋敷英夫、イシノアツオ,喜安浩平、國立幸、吳東原、小山力也、吳東原、関智一、宮野真守、飯塚昭三、高木渉、藤原啓治、林沙織、田中正彦、中嶋聡彦、森川智之、寺内よりえ、真殿光昭、小野健一、小野坂昌也、大塚明夫、小林優子、相沢まさき、津田匠子、永井一郎、山寺宏一、吉野裕行、篠原恵美、浪川大輔、小林ゆう、江川央生、木内秀信、奈良徹、布施川一寛、佐藤健輔、三木眞一郎、阪口周平、稲田徹、小林真麻、布施川一寛、稲田徹,7.7,250,https://lain.bgm.tv/r/400/pic/cover/l/0d/44/78798_oZhjv.jpg,https://bangumi.tv/subject/78798
734,DDDD 恶魔的破坏,WEB,18,2024-05-24,黒川智之,鈴木貴昭、吉田玲子,幾田りら、あの、種﨑敦美、島袋美由利、大木咲絵子、和氣あず未、白石涼子、入野自由、内山昂輝、坂泰斗、諏訪部順一、津田健次郎、沢城千春、大西沙織、河西健吾、松田健一郎、こばたけまさふみ、竹中直人、川井田夏海、鬼頭明里、柚木涼香、佐藤せつじ、若林佑、伊原正明、渡辺ゆかり、大平あひる、伊原正明、盆子原康、櫻庭有紗、山口正秀、山橋正臣、杉山里穂、中野さいま、依田菜津、大平あひる、若林佑、大木咲絵子、亀山雄慈、盆子原康、中野さいま、佐伯美由紀、堀総士郎、小島幸子、吉野裕行、竹内恵美子、中野さいま、中野さいま、山下タイキ、小針彩希、杉山里穂、依田菜津、斉藤貴美子、伊瀬茉莉也、打田マサシ、中野さいま、こばたけまさふみ、山口正秀、依田菜津、山下タイキ、大木咲絵子、水咲まりな、佐藤里緒、杉山里穂、山口智広、大木咲絵子、櫻庭有紗、宮野真守、杉田智和、TARAKO、斉藤こず恵、引坂理絵、中野さいま,7.6,3435,https://lain.bgm.tv/r/400/pic/cover/l/f5/85/495562_onpMR.jpg,https://bangumi.tv/subject/495562
735,好想告诉你,TV,25,2009-10-06,鏑木ひろ,金春智子、池田眞美子、鏑木ひろ,能登麻美子、浪川大輔、沢城みゆき、三瓶由布子、中村悠一、平野綾、小野友樹、宮川美保、羽多野渉、山中真尋、ユリン千晶、牧口真幸、沖佳苗、稀代桜子、松山鷹志、内田直哉、宮川美保、半場友恵、大本眞基子、鈴木琢磨、金光宣明、徳本恭敏、坂熊孝彦、ささきのぞみ、宮川美保、たくみ靖明、野瀬碧里、牧口真幸、椿彩奈、杉本ゆう、ユリン千晶、牧口真幸、宮川美保、長嶋はるか、古川小百合、長嶋はるか、金光宣明、宮川美保、坂熊孝彦,7.6,5958,https://lain.bgm.tv/r/400/pic/cover/l/ec/0b/2790_gng9Z.jpg,https://bangumi.tv/subject/2790
736,魔法少女奈叶 The MOVIE 1st,剧场版,1,2010-01-23,草川啓造,都築真紀,田村ゆかり、水樹奈々、水橋かおり、桑谷夏子、五十嵐麗、水樹奈々、久川綾、高橋美佳子、釘宮理恵、清水愛、松岡由貴、浅野真澄、木下紗華、Donna Burke、Kevin J.England、平井啓二、柿原徹也,7.6,1875,https://lain.bgm.tv/r/400/pic/cover/l/df/eb/3485_YG3XR.jpg,https://bangumi.tv/subject/3485
737,迷糊餐厅 第二季,TV,13,2011-10-01,大槻敦史,霧海正悟、伊藤美智子、吉岡たかを,福山潤、小野大輔、神谷浩史、阿澄佳奈、藤田咲、喜多村英梨、渡辺久美子、広橋涼、中田譲治、川瀬晶子、白石涼子、日笠陽子、伊藤静、斎藤桃子、中村悠一、戸松遥、日野聡、水沢史絵、矢作紗友里、岩男潤子,7.6,5822,https://lain.bgm.tv/r/400/pic/cover/l/59/2b/20547_Fqawr.jpg,https://bangumi.tv/subject/20547
738,莫莫,TV,52,2009-09,周俊、吴宛妮,,山新,8.0,63,https://lain.bgm.tv/r/400/pic/cover/l/bd/e7/14511_P718e.jpg,https://bangumi.tv/subject/14511
739,剑风传奇 黄金时代篇I 霸王之卵,剧场版,1,2012-02-04,窪岡俊之,大河内一楼,行成とあ、井之上潤、岩永洋昭、竹内絢子、櫻井孝宏、寿美菜子、藤原貴弘、勝部演之、豊崎愛生、矢尾一樹、梶裕貴、三宅健太、松本ヨシロウ,7.6,2396,https://lain.bgm.tv/r/400/pic/cover/l/03/35/10840_r1fkI.jpg,https://bangumi.tv/subject/10840
740,犬夜叉 完结篇,TV,26,2009-10-03,青木康直,隅沢克之、高橋哲子,山口勝平、劉傑、ゆきのさつき、渡辺久美子、斎藤千和、辻谷耕史、桑島法子、成田剣、日髙のり子、森川智之、家中宏、チョー、能登麻美子、緒方賢一、矢島晶子、大神いずみ、ゆかな、百々麻子、鈴木勝美、中川亜紀子、岸尾だいすけ、TARAKO、うえだゆうじ、真殿光昭、伊藤実華、京田尚子、折笠富美子、清水香里、増田ゆき、岡本ナミ、八奈見乗児、松野太紀、吉野裕行、西前忠久、小林愛、小林愛、増田ゆき、清水香里、てらそままさき、菊本平、桑谷夏子、茶風林、飯島肇、斎藤桃子、西墻由香、飛田展男、呉林卓美、三宅華也、永井一郎、遠藤大輔、保村真、宮田幸季、榊原良子、矢尾一樹、梁田清之、大本眞基子、佐久田脩、稲葉実、草尾毅、古谷徹、西前忠久、坂巻学、西前忠久、中博史、梅田贵公美、斉藤佑圭、戸塚利絵、西前忠久、乃村健次、高岡瓶々、古川小百合、宮川美保、西前忠久、西前忠久、市来光弘、ユリン千晶、岐部公好、長嶝高士、八十川真由野、西前忠久、岡本ナミ、清水香里、西前忠久,7.6,2871,https://lain.bgm.tv/r/400/pic/cover/l/5b/e2/2785_5IaII.jpg,https://bangumi.tv/subject/2785
741,妄想学生会 OAD,OVA,5,2011-04-15,金澤洪充,小山知子、金澤洪充,浅沼晋太郎、日笠陽子、佐藤聡美、矢作紗友里、下田麻美、小林ゆう、小見川千明、新井里美、加藤英美里、田村睦心、斎藤千和、寺本來可、椎名へきる、安済知佳,7.6,4345,https://lain.bgm.tv/r/400/pic/cover/l/f4/20/17160_o3KW4.jpg,https://bangumi.tv/subject/17160
742,飞跃巅峰！剧场版,剧场版,1,2006-10-01,庵野秀明,岡田斗司夫、庵野秀明,,7.6,768,https://lain.bgm.tv/r/400/pic/cover/l/07/7f/5997_68p6F.jpg,https://bangumi.tv/subject/5997
743,翼·年代记 东京默示录,OVA,3,2007-11-16,多田俊介,大川七瀬,入野自由、入野自由、稲田徹、菊地美香、中田和宏、菊地美香,7.6,1271,https://lain.bgm.tv/r/400/pic/cover/l/5b/41/2894_bPXpr.jpg,https://bangumi.tv/subject/2894
744,Re：从零开始的异世界生活 第二季 后半部分,TV,12,2021-01-06,渡邊政治,中村能子、梅原英司、横谷昌宏,小林裕介、高橋李依、岡本信彦、石田彰、新井里美、能登麻美子、鈴木絵理、坂本真綾、大地葉、飯田友子、天﨑滉平、村川梨衣、松岡禎丞、内山夕実、子安武人、高野麻里佳、名塚佳織、田中あいみ、戸松遥、釘宮理恵、諏訪部順一、子安光樹,7.6,13595,https://lain.bgm.tv/r/400/pic/cover/l/aa/64/316247_Yd3F5.jpg,https://bangumi.tv/subject/316247
745,电影 拥抱！光之美少女♡光之美少女 All Stars Memories,剧场版,1,2018-10-27,宮本浩史,香村純子,引坂理絵、本名陽子、本泉莉奈、小倉唯、田村ゆかり、田村奈央、ゆかな、沖佳苗、喜多村英梨、中川亜紀子、小松由佳、三瓶由布子、竹内順子、伊瀬茉莉也、永野愛、前田愛、水樹奈々、水沢史絵、小清水亜美、折笠富美子、豊口めぐみ、大久保瑠美、福圓美里、田野アサミ、金元寿子、井上麻里奈、西村ちなみ、田中理恵、生天目仁美、寿美菜子、渕上舞、宮本佳那子、仙台エリ、久川綾、桑島法子、樹元オリエ、榎本温子、釘宮理恵、中島愛、潘めぐみ、北川里奈、戸松遥、嶋村侑、浅野真澄、山村響、沢城みゆき、高橋李依、堀江由衣、早見沙織、美山加恋、福原遥、村中知、藤田咲、森なな子、水瀬いのり、宮野真守,7.7,322,https://lain.bgm.tv/r/400/pic/cover/l/bb/74/240583_T5pNJ.jpg,https://bangumi.tv/subject/240583
746,原罪的卡辛,TV,24,2008-10-02,山内重保,小林靖子、吉田玲子、上代務、高橋ナツコ、大和屋暁、山田隆司,古谷徹、宮原永海、皆口裕子、森川智之、皆口裕子、楠見尚己、内海賢二、中博史、中野裕斗、玄田哲章、鈴木真仁、関智一、石田彰、矢島晶子、小山茉美、チョー、中野裕斗、秋谷智子、宮原永海、詩乃優花、川田妙子、小山茉美、詩乃優花,7.6,723,https://lain.bgm.tv/r/400/pic/cover/l/e8/d6/3893_99KzX.jpg,https://bangumi.tv/subject/3893
747,高智能方程式：SAGA,OVA,8,1996-08-01,矢立肇,両澤千晶,金丸淳一、三石琴乃、関俊彦、速水奨、緑川光、松岡洋子、冬馬由美、安達忍、天野由梨、池田秀一、私市淳、竹村拓、島田敏、置鮎龍太郎、龍田直樹、飯塚昭三、優希比呂、小野健一、勝生真沙子、神奈延年、石村知子、天野由梨、水内清光,7.6,545,https://lain.bgm.tv/r/400/pic/cover/l/27/7a/1957_SebSL.jpg,https://bangumi.tv/subject/1957
748,宇宙战舰大和号2199 第四章「银河边境的攻防」,剧场版,4,2013-01-12,未知,森田繁、出渕裕、村井さだゆき,小野大輔、桑島法子、鈴村健一、菅生隆之、千葉繁、大塚芳忠、麦人、山寺宏一、細谷佳正、田中理恵、久川綾,7.7,230,https://lain.bgm.tv/r/400/pic/cover/l/b3/03/51945_nyyHn.jpg,https://bangumi.tv/subject/51945
749,某科学的超电磁炮T,TV,25,2020-01-10,長井龍雪,ヤスカワショウゴ、内田裕基、イシノアツオ、猪爪慎一,佐藤利奈、新井里美、豊崎愛生、伊藤かな恵、浅倉杏美、阿部敦、寿美菜子、戸松遥、南條愛乃、植田佳奈、生天目仁美、高岡瓶々、竹達彩奈、内田真礼、小清水亜美、日野聡、洲崎綾、赤﨑千夏、藤井ゆきよ、ささきのぞみ、小原好美、ささきのぞみ、富田美憂、大和田仁美、林大地、藤田茜、古賀葵、貫井柚佳、西田望見、河西健吾、津田美波、篠原恵美、鈴代紗弓、小松奈生子、林和良、峯田茉優、種﨑敦美、柚木涼香、荻野葉月、八巻アンナ、斉藤佑圭、咲々木瞳、南真由、日岡なつみ、山根綺、広瀬ゆうき、能登麻美子、こやまきみこ、甲斐田裕子、岡本信彦、日高里菜、勝杏里、松風雅也、川原慶久、井澤詩織、広瀬裕也、杉崎亮、高橋大輔、村川梨衣、野川雅史、村上裕哉、高橋信、阿部里果、田中完、岩澤俊樹、堀総士郎、香坂さき、本泉莉奈、七瀬彩夏、真木駿一、藤田奈央、藍原ことみ、三浦勝之、木村隼人、蒔村拓哉、山口令悟、鳥越まあや、柴田芽衣、小野将夢、山根雅史、岡野友佑、豊島修平、三輪夏紀、柴崎まりな、清水健佑、天海由梨奈、白石兼斗、前田弘喜、石橋桃、沖野晃司、水越健、藤井隼、菊池康弘、岩中睦樹、鈴木崚汰、小田切優衣、植木慎英、峰晃弘、大塚剛央、安田陸矢、濱岡敬祐、風間万裕子、小針彩希、根本京里、松岡美里、星谷美緒、本宮佳奈、会沢紗弥、白城なお、河野茉莉、咲々木瞳、榎吉麻弥、久保田ひかり、奥野香耶、石狩勇気、福原かつみ、松岡洋平、渡邉允瑠、三野雄大、小林千晃、石井隆之、岩崎諒太、長谷徳人、柴田芽衣、山下七海、杉山里穂、相馬康一、白城なお,7.6,12750,https://lain.bgm.tv/r/400/pic/cover/l/aa/db/262940_z2mQQ.jpg,https://bangumi.tv/subject/262940
750,玩具总动员3,剧场版,1,2010-06-16,LeeUnkrich,John Lasseter、Andrew Stanton,Tom Hanks、唐沢寿明、Tim Allen、Timothy Dalton,7.6,1740,https://lain.bgm.tv/r/400/pic/cover/l/06/cc/6651_C116r.jpg,https://bangumi.tv/subject/6651
751,向山进发 回忆的礼物,OVA,2,2017-10-28,山本裕介,筆安一幸,井口裕香、阿澄佳奈、日笠陽子、小倉唯、久川綾、牧野由依、荻野晴朗、儀武ゆう子、小松史法、伊丸岡篤、山本亜衣、七瀬彩夏、高尾奏音、早水リサ,7.6,2055,https://lain.bgm.tv/r/400/pic/cover/l/a4/ee/216311_zSJvJ.jpg,https://bangumi.tv/subject/216311
752,鲁邦三世 次元大介的墓标,剧场版,2,2014-06-21,小池健,高橋悠也,栗田貫一、小林清志、沢城みゆき、山寺宏一、尾花かんじ,7.6,832,https://lain.bgm.tv/r/400/pic/cover/l/05/29/100437_BIGR1.jpg,https://bangumi.tv/subject/100437
753,巴克·亚罗,TV,24,2021-01-08,谷口悟朗,中島かずき,梶裕貴、洲崎綾、小澤亜李、小野賢章、杉田智和、上田麗奈、置鮎龍太郎、小島幸子、潘めぐみ、小清水亜美、小松未可子、河本邦弘、関智一、上田麗奈、松本沙羅、永瀬アンナ、長縄まりあ、堀内賢雄、三宅健太、稲田徹、檜山修之、間島淳司、間宮康弘、遠近孝一、北沢力、中村太亮、羽多野渉、三木眞一郎、井上喜久子、橘龍丸、武内駿輔,7.6,5147,https://lain.bgm.tv/r/400/pic/cover/l/94/8c/297396_hNlBL.jpg,https://bangumi.tv/subject/297396
754,《明日方舟》2024特别纪念动画,未知,1,2024-04-27,周浩嵩,,,7.6,480,https://lain.bgm.tv/r/400/pic/cover/l/45/06/492205_IR695.jpg,https://bangumi.tv/subject/492205
755,编舟记,TV,11,2016-10-13,黒柳トシマサ,冨田頼子、根元歳三、黒柳トシマサ、木戸雄一郎、佐藤卓哉,櫻井孝宏、坂本真綾、神谷浩史、金尾哲夫、麦人、榊原良子、斎藤千和、日笠陽子、谷育子、浅沼晋太郎、澁谷梓希、ブリドカットセーラ恵美、大地葉、松田颯水、横尾まり、徳本英一郎,7.6,3169,https://lain.bgm.tv/r/400/pic/cover/l/71/ff/174142_HirNZ.jpg,https://bangumi.tv/subject/174142
756,艾特熊和赛娜鼠,剧场版,1,2012-12-12,StéphaneAubier、VincentPatar、BenjaminRenner,,,7.7,216,https://lain.bgm.tv/r/400/pic/cover/l/9a/0b/75568_kjqJ0.jpg,https://bangumi.tv/subject/75568
757,飞跃巅峰2！剧场版,剧场版,1,2006-10-01,鶴巻和哉,榎戸洋司,福井裕佳梨、坂本真綾,7.6,699,https://lain.bgm.tv/r/400/pic/cover/l/b9/8a/5998_N5Mnt.jpg,https://bangumi.tv/subject/5998
758,小魔女学园,剧场版,1,2013-03-02,吉成曜,大塚雅彦,潘めぐみ、折笠富美子、村瀬迪与、日笠陽子、日髙のり子、中尾衣里、赤﨑千夏、谷育子、山本留里佳、高山みなみ,7.6,5124,https://lain.bgm.tv/r/400/pic/cover/l/4c/ba/54675_df9sF.jpg,https://bangumi.tv/subject/54675
759,玻璃假面,TV,51,2005-04-05,浜津守,美内すずえ（白泉社花とゆめコミックス）、平山智,小林沙苗、藤田淑子、矢島晶子、福山潤、森川智之、日髙のり子,7.6,359,https://lain.bgm.tv/r/400/pic/cover/l/f1/06/1961_QrluZ.jpg,https://bangumi.tv/subject/1961
760,蝙蝠侠 黑暗骑士归来（上）,OVA,1,2012-09-25,Jay、Oliva,TheDarkKnightReturnsbyFrankMiller、KlausJanson,Ariel Winter,7.6,361,https://lain.bgm.tv/r/400/pic/cover/l/85/db/50017_6Ybeu.jpg,https://bangumi.tv/subject/50017
761,女高中生的无所事事,TV,12,2019-07-05,さんぺい聖,横谷昌宏、坂井史世、福田裕子,赤﨑千夏、戸松遥、豊崎愛生、長縄まりあ、富田美憂、高橋李依、佐藤聡美、M・A・O、興津和幸、上田麗奈、千本木彩花、落合福嗣、名塚佳織、新田綾香、島﨑信長、松岡禎丞,7.6,11948,https://lain.bgm.tv/r/400/pic/cover/l/f3/d0/265708_QDkDe.jpg,https://bangumi.tv/subject/265708
762,危险调查员,TV,39,1998-10-05,小島正幸,荒西大介、川尻善昭、高屋敷英夫、金子ツトム、小川智子、浦畑達彦、藤田伸三、水上清資、金春智子、井上敏樹,井上倫宏、宮田幸季、永井一郎、桑島法子、菅原正志,7.7,303,https://lain.bgm.tv/r/400/pic/cover/l/35/4a/4046_5cptx.jpg,https://bangumi.tv/subject/4046
763,变形金刚 第一季（G1）,TV,16,1984-09-17,森下孝三,小原渉平、AndyKim、GeorgeGoode、FloroDery,Peter Cullen、玄田哲章、Frank Welker、加藤精三、Marlene Aragon、山田栄子、小宮和枝、Corey Burton、梁正晖、Bill Ratner、Christopher Collins、鈴置洋孝、Philip L. Clarke、江原正士、速水奨、平田広明、江原正士、堀内賢雄、Michael Bell、Neil Ross、難波圭一、阪脩、喜多川拓郎、島香裕、島香裕、江原正士、島香裕、刘钦、喜多川拓郎、刘钦、難波圭一、喜多川拓郎、Michael Bell、難波圭一、刘钦、鈴木勝美、阪脩、Frank Welker、刘钦、堀内賢雄、喜多川拓郎、刘钦、堀内賢雄、Frank Welker、刘钦、喜多川拓郎、堀内賢雄、島香裕、堀内賢雄、難波圭一、江原正士、難波圭一、堀内賢雄、塩屋翼、喜多川拓郎、Frank Welker、刘钦、稲葉実、難波圭一、堀内賢雄、城山堅、山口健、城山堅、塩屋翼、阪脩、刘钦、島香裕、Frank Welker、江原正士、Corey Burton、島香裕、Frank Welker、政宗一成、Christopher Collins、Frank Welker、城山堅、Frank Welker、王卫、Frank Welker、江原正士、速水奨、江原正士、Neil Ross、塩屋翼、江原正士、Frank Welker、島香裕、喜多川拓郎、Michael Bell、Arthur Burghardt、加藤精三、Paul Eiding、城山堅、喜多川拓郎、塩屋翼、Michael McConnohie、速水奨、Peter Renaday、江原正士、Charlie Adler、Rob Paulsen、堀内賢雄、Rob Paulsen、Frank Welker、Linda Gary、Alan Oppenheimer、Ed Gilbert、Neil Ross、Maurice LaMarche,7.6,457,https://lain.bgm.tv/r/400/pic/cover/l/3c/1e/1639_krZhh.jpg,https://bangumi.tv/subject/1639
764,忍者杀手 特别编辑版,TV,13,2016-04-02,雨宮哲,樋口七海、佐藤裕,森川智之、雨宮天、斎藤千和、速水奨、種田梨沙、藤原啓治、津嘉山正種、関俊彦、井上和彦、麦人、松本梨香、中田譲治,7.6,874,https://lain.bgm.tv/r/400/pic/cover/l/ec/7d/175137_78Wf1.jpg,https://bangumi.tv/subject/175137
765,秀逗魔导士TRY,TV,26,1997-04-04,渡部高志,高山治郎、高橋義昌、長谷川勝己、隅沢克之、山田靖智、堀井明子,林原めぐみ、謝佼娟、松本保典、孫誠、緑川光、符爽、鈴木真仁、謝佼娟、高木渉、符爽、安西正弘、孫誠、石田彰、梁剛華、朱憶華、桑島法子、朱憶華,7.6,800,https://lain.bgm.tv/r/400/pic/cover/l/a0/3f/2097_hphy3.jpg,https://bangumi.tv/subject/2097
766,钻石王牌,TV,75,2013-10-06,増原光幸,谷村大四郎、古怒田健志、藤咲淳一,逢坂良太、櫻井孝宏、島﨑信長、花江夏樹、浅沼晋太郎、細谷佳正、小野友樹、浪川大輔、森田成一、岡本信彦、羽多野渉、下野紘、東地宏樹、内山昂輝、加地綾乃、柿原徹也、石川界人、松岡禎丞、蒼井翔太、須藤翔、田尻浩章、下妻由幸、川口翔、寺島惇太、村田太志、竹内栄治、内山夕実、大川透、遠藤ゆりか、山口立花子、花守ゆみり、高橋花林、寺島惇太、河西健吾、湯本健一、鈴木裕斗、川口翔、河西健吾、寺島惇太、鈴木裕斗、村田太志、竹内栄治、鈴木裕斗、三宅貴大、梶川翔平、竹内栄治、川口翔、須藤翔、加藤亮夫、田尻浩章、鳥海浩輔、仲野裕、梶裕貴、KENN、保志総一朗、川口翔、羽多野渉、山谷祥生、前野智昭、田尻浩章、西凜太朗、小野賢章、寺島惇太、鈴木達央、金本涼輔、神谷浩史、伊藤和晃、江口拓也、小室正幸、近藤隆、三宅貴大、三宅貴大、須藤翔、梶川翔平、三宅貴大、梶川翔平、須藤翔、檜山修之、田尻浩章、松本忍、宇垣秀成、平川大輔、村田太志、羽多野渉、三宅貴大、寺島惇太、下妻由幸、下妻由幸、岡本信彦、寺島拓篤、松本忍、羽多野渉、下妻由幸、寺島惇太、河西健吾、松本忍、優希知冴、富田貴洋、森田修二朗,7.6,1345,https://lain.bgm.tv/r/400/pic/cover/l/1d/27/73083_CEaaO.jpg,https://bangumi.tv/subject/73083
767,希德尼娅的骑士：织爱之星,剧场版,1,2021-06-04,吉平直弘,村井さだゆき、山田哲弥,逢坂良太、洲崎綾、豊崎愛生、金元寿子、櫻井孝宏、佐倉綾音、喜多村英梨、大原さやか、坪井智浩、子安武人、新井里美、田中敦子、本田貴子、鳥海浩輔、阪脩、能登麻美子、内田雄馬、上村祐翔、水瀬いのり、岡咲美保,7.6,1684,https://lain.bgm.tv/r/400/pic/cover/l/b7/75/217285_tE3D1.jpg,https://bangumi.tv/subject/217285
768,黄金神威 最终章,TV,13,2026-01-05,菅原静貴,吉永亜矢、入江信吾、谷村大四郎、高木登,小林親弘、白石晴香、伊藤健太郎、中村悠一、中田譲治、菅生隆之、乃村健次、水島裕、安原義人、前野智昭、羽多野渉、関智一、堀内賢雄、水中雅章、斉藤貴美子、湯屋敦子、東地宏樹、てらそままさき、中野泰佑、大塚芳忠、竹本英史、小西克幸、松岡禎丞、杉田智和、杉田智和、大川透、津田健次郎、梅原裕一郎、檜山修之、東内マリ子、三上哲、鳥海浩輔、畠中祐、伊藤静、愛河里花子、たくみ靖明、盆子原康、仲野裕、廣田行生、中谷一博、花輪英司、林大地、菊池通武、佐久間元輝、山口令悟、野川雅史、佐原誠、細谷佳正、能登麻美子、大塚明夫、松田健一郎、遠藤綾、仲村かおり、石井未紗、立木文彦,7.6,1043,https://lain.bgm.tv/r/400/pic/cover/l/7c/f1/443106_b4QP3.jpg,https://bangumi.tv/subject/443106
769,海洋之歌,剧场版,1,2015-07-10,Tomm、Moore,Will Collins,,7.6,903,https://lain.bgm.tv/r/400/pic/cover/l/a7/f0/119356_nHD0b.jpg,https://bangumi.tv/subject/119356
770,少年正义联盟 第一季,TV,26,2011-01-07,Jay、Oliva、Sam、Liu、Lauren、Montgomery,Greg Weisman,Dave Franco,7.7,209,https://lain.bgm.tv/r/400/pic/cover/l/f1/82/10941_BY3hz.jpg,https://bangumi.tv/subject/10941
771,JOJO的奇妙冒险 幻影血脉,剧场版,1,2007-02-17,羽山淳一,山田光洋,小西克幸、緑川光、小山力也、水樹奈々、園部好徳、奈良徹、井戸田潤、坂口芳貞、磯部勉,7.6,3267,https://lain.bgm.tv/r/400/pic/cover/l/61/c0/61534_55bd5.jpg,https://bangumi.tv/subject/61534
772,搞笑漫画日和＋,TV,26,2010-01-04,大地丙太郎,増田こうすけ（集英社『ジャンプスクエア』连载）,前田剛、佐藤なる美、前田剛、内藤玲、前田剛、名塚佳織、名塚佳織、前田剛、うえだゆうじ、うえだゆうじ、前田剛、名塚佳織、うえだゆうじ、うえだゆうじ、名塚佳織、伊藤実華,7.6,2745,https://lain.bgm.tv/r/400/pic/cover/l/b7/fe/3482_D1SG8.jpg,https://bangumi.tv/subject/3482
773,异兽魔都,TV,12,2020-01-12,林祐一郎,瀬古浩司,高木渉、近藤玲奈、堀内賢雄、榎木淳弥、細谷佳正、小林ゆう、富田美憂、高梨謙吾、三木眞一郎、市来光弘、江川央生、鵜殿麻由、ソンド、稲田徹、郷田ほづみ、勝杏里、奈良徹、寺島拓篤、木村良平、梶裕貴、千葉繁、チョー、前田玲奈、木村昴、子安武人、鵜殿麻由、下野紘、島袋美由利、小田柿悠太、西地修哉、岡本幸輔、櫻井トオル、緒方賢一、小形満、露木徳幸、木村隼人、河本邦弘、蓮岳大、金光宣明、露木徳幸、天神英貴、松田健一郎,7.6,4595,https://lain.bgm.tv/r/400/pic/cover/l/8c/2b/266301_1A1qq.jpg,https://bangumi.tv/subject/266301
774,全金属狂潮,TV,24,2002-01-15,千明孝一,千明孝一、志茂文彦、大久保富彦、植田浩二、十川誠志、きむらひでふみ,関智一、ゆきのさつき、ゆかな、根谷美智子、三木眞一郎、西村知道、大塚明夫、김기현、田中正彦、能登麻美子、木村郁絵、夏樹リオ、吉田小百合、岡田貴之、小川隆市、室園丈裕、岸野一彦、山口由里子、菊池志穂、千葉進歩、室園丈裕、田村ゆかり,7.6,5870,https://lain.bgm.tv/r/400/pic/cover/l/2f/2b/334_MWQMC.jpg,https://bangumi.tv/subject/334
775,美妙天堂,TV,38,2014-07-05,森脇真琴,福田裕子、中村能子、土屋理敬、大場小ゆり、筆安一幸,茜屋日海夏、芹澤優、久保田未夢、山北早紀、澁谷梓希、若井友希、赤﨑千夏、鈴木千尋、寺島拓篤、津田美波、高乃麗、田中美海、諏訪部順一、大谷育江、山本希望、伊藤かな恵,7.6,421,https://lain.bgm.tv/r/400/pic/cover/l/aa/a3/99748_a0XvX.jpg,https://bangumi.tv/subject/99748
776,约定的梦幻岛,TV,12,2019-01-10,神戸守,大野敏哉、高木聖子、永井千晶,内田真礼、諸星すみれ、伊瀬茉莉也、甲斐田裕子、藤田奈央、青山吉能、小澤亜李、植木慎英、Lynn、茅野愛衣、石上静香、日野まり、森優子、河野ひより、日野まり、森優子、河野ひより、久遠エリサ、小林沙苗,7.6,12237,https://lain.bgm.tv/r/400/pic/cover/l/ff/49/243916_XXJsd.jpg,https://bangumi.tv/subject/243916
777,银河英雄传说 Die Neue These 策谋 第1章,剧场版,4,2022-09-30,多田俊介,高木登、吉永亜矢、根元歳三、森山悠二郎,宮野真守、鈴村健一、梶裕貴、諏訪部順一、小野大輔、中村悠一、坂本真綾、花澤香菜、安元洋貴、上村祐翔、羽多野渉、屋良有作、山内健嗣、菅原雅芳、小谷津央典、沖野晃司、城岡祐介、丹沢晃之、福西勝也、志村知幸、麻生智久、美波わかな、富樫美鈴、川島得愛、遠藤綾、三木眞一郎、大塚芳忠、岩崎征実、園江治、山路和弘、三宅健太、手塚秀彰、野島健児、小原雅人、下山吉光,7.6,594,https://lain.bgm.tv/r/400/pic/cover/l/b2/83/381839_Iw3ww.jpg,https://bangumi.tv/subject/381839
778,雾山五行,WEB,3,2020-07-26,林魂,林魂、十七,郭盛、郝祥海、阎么么、刘琮、郝祥海、宝木中阳、陈喆、林魂、图特哈蒙、叶知秋、林帽帽、常蓉珊、藤新、姜英俊、李兰陵,7.6,5658,https://lain.bgm.tv/r/400/pic/cover/l/a6/fe/305515_ITIZe.jpg,https://bangumi.tv/subject/305515
779,紫罗兰永恒花园,TV,13,2018-01-10,石立太一,浦畑達彦、吉田玲子、鈴木貴昭,石川由依、浪川大輔、子安武人、遠藤綾、谢轶辉、内山昂輝、茅原実里、戸松遥、沢田敏子、野坂尚也、引坂理絵、齋藤綾、木内秀信、各務立基、逢沢ゆりか、田所あずさ、十七、木村昴、日笠陽子、野沢由香里、柚木尚子、土井真理、沢海陽子、松本保典、稲垣拓哉、中島愛、津田健次郎、小山茉美、上村祐翔、星野充昭、横田大輔、滝知史、千本木彩花、林真里花、諸星すみれ、川澄綾子、堀越真己、浅沼晋太郎、咲野俊介、小林親弘、赤城進、辻井健吾、稲垣拓哉、佐々木拓真、野瀬育二、三上哲、須藤祐実、廣田行生、各務立基、高島雅羅、日笠陽子、安原義人、平川大輔,7.6,22344,https://lain.bgm.tv/r/400/pic/cover/l/1e/e2/183878_Fef1o.jpg,https://bangumi.tv/subject/183878
780,天使的心跳！,TV,13,2010-04-02,岸誠二,麻枝准,神谷浩史、櫻井浩美、花澤香菜、緑川光、関智一、木村良平、喜多村英梨、LiSA、沢城みゆき、marina、緒方恵美、松浦チエ、阿澄佳奈、加藤英美里、水島大宙、髙木俊、斎藤楓子、牧野由依、増田裕生、Michael Rivas、徳本英一郎、小林由美子、市来光弘、東地宏樹、中原麻衣、石田彰、山本彩乃、藤田咲,7.6,23416,https://lain.bgm.tv/r/400/pic/cover/l/ff/14/1851_ZFEg7.jpg,https://bangumi.tv/subject/1851
781,某科学的超电磁炮S,TV,24,2013-04-12,長井龍雪,吉野弘幸、土屋理敬、水上清資、花田十輝、山田靖智、砂山蔵澄,佐藤利奈、新井里美、豊崎愛生、伊藤かな恵、阿部敦、寿美菜子、遠藤綾、戸松遥、南條愛乃、植田佳奈、甲斐田裕子、岡本信彦、浅倉杏美、葉山いくみ、内田真礼、小清水亜美、洲崎綾、赤﨑千夏、野水伊織、ささきのぞみ、ささきのぞみ、ささきのぞみ、ささきのぞみ、ささきのぞみ、ささきのぞみ、花澤香菜、間島淳司、仲野裕、津田美波、篠原恵美、林和良、柚木涼香、大原さやか、野水伊織、鈴木達央、沼倉愛美、金元寿子、麻倉もも、小林裕介、比上孝浩、持月玲依、古川慎、川原慶久、村川梨衣、石川桃子、青木強、佐藤聡美、足立友、松本健太、御園行洋、西川真美、田丸篤志、内山夕実、中嶋アキ、青山穣、平田真菜、松本忍、斎藤寛仁、山崎はるか、花江夏樹、北村謙次、諏訪彩花、金本涼輔、根本明宏、各務立基、村中知、浜崎奈々、ふじたまみ、大西沙織、諏訪彩花、藤井ゆきよ、田中真奈美、三宅麻理恵、潘めぐみ、平田真菜、飯田友子、村川梨衣、洲崎綾、種田梨沙、柳田淳一、山本格、石川界人、岩澤俊樹、持月玲依、村田太志、石川界人、志賀麻登佳、井口裕香、山下誠一郎、石川界人、山本希望、山岸治雄、山崎はるか、木戸衣吹、川田紳司、青山穣、持月玲依、花江夏樹,7.6,18009,https://lain.bgm.tv/r/400/pic/cover/l/99/8c/51928_wuG5D.jpg,https://bangumi.tv/subject/51928
782,剧场版 花开伊吕波 HOME SWEET HOME,剧场版,1,2013-03-09,安藤真裕,岡田麿里,伊藤かな恵、小見川千明、豊崎愛生、戸松遥、本田貴子、能登麻美子、竹内良太,7.6,4420,https://lain.bgm.tv/r/400/pic/cover/l/c5/55/49892_0wfrB.jpg,https://bangumi.tv/subject/49892
783,悲惨世界 少女珂赛特,TV,52,2007-01-07,桜井弘明,金春智子、平見瞠、丸尾みほ、池田眞美子、島田満、横谷昌宏,松元環季、名塚佳織、菅原正志、萩原えみこ、矢部雅史、鎗田千裕、間宮くるみ、大塚周夫、勝杏里、松山鷹志、かないみか、勝杏里、松元環季、小林由美子、笹本優子、大塚友稀、堀越真己,7.6,351,https://lain.bgm.tv/r/400/pic/cover/l/4f/64/9571_fE7mX.jpg,https://bangumi.tv/subject/9571
784,哆啦A梦：大雄的绘画奇遇记,剧场版,1,2025-03-07,寺本幸代,伊藤公志,水田わさび、陳美貞、大原めぐみ、楊凱凱、かかずゆみ、許淑嬪、木村昴、于正昌、関智一、劉傑、三石琴乃、和多田美咲、種﨑敦美、久野美咲、鈴鹿央士、藤本美貴、伊達みきお、富澤たけし,7.6,1226,https://lain.bgm.tv/r/400/pic/cover/l/9f/a9/515422_4gK7I.jpg,https://bangumi.tv/subject/515422
785,樱桃小丸子,TV,0,未知,須田裕美子、高木淳,北条千夏、池田ゆき、TARAKO、富永淳一、春名功武、加賀未恵、石山優子、葉山陽一郎、折笠雄一、岡部優子、神沢ミホ、髙橋幹子、成田良美、田嶋久子、川辺美奈子、池野みのり、池田眞美子、さくらももこ、平岡秀章,菊池こころ、TARAKO、菊池正美、水谷優子、豊嶋真千子、渡辺菜生子、飛田展男、カシワクラツトム、永澤菜教、摩味、茶風林、中友子、田野めぐみ、ならはしみき、山本圭子、沼田祐介、泰勇気、島田敏、青野武、富山敬、一龍斎貞友、佐々木優子、屋良有作、川田妙子、大本眞基子、馬場澄江、浦和めぐみ、本井えみ、三浦雅子、真山亜子、佐々木優子、陶山章央、浦和めぐみ、一龍斎貞友、岩男潤子、石村知子、浦和めぐみ、カシワクラツトム、掛川裕彦、茶風林、高橋花林,7.6,1409,https://lain.bgm.tv/r/400/pic/cover/l/25/04/9270_jRrZD.jpg,https://bangumi.tv/subject/9270
786,西蒙,TV,26,2006-04-03,西村純二,會川昇、西村純二、大和屋暁、岡田麿里,新野美知、高橋理恵子、小清水亜美、細越みちこ、豊口めぐみ、相澤みちる、高橋美佳子、能登麻美子、ゆかな、水樹奈々、森永理科、名塚佳織、喜多村英梨、桑島法子、木内レイコ、玉川砂記子、水沢史絵,7.6,665,https://lain.bgm.tv/r/400/pic/cover/l/cd/3b/3755_eEt2f.jpg,https://bangumi.tv/subject/3755
787,食灵-零-,TV,12,2008-10-05,あおきえい,高山カツヒコ,水原薫、茅原実里、高橋伸也、白石稔、稲田徹、若本規夫、相沢舞、土谷麻貴、麦人、石森達幸、田中涼子、小村哲生、平松広和、堀川千華、升望、松元恵、前野智昭、喜多村英梨、柿原徹也、小山力也、矢作紗友里、宮本充、白石稔、津川祝子,7.6,4895,https://lain.bgm.tv/r/400/pic/cover/l/0e/fe/885_xLd0r.jpg,https://bangumi.tv/subject/885
788,马男波杰克6 上,TV,8,2019-10-25,未知,,,7.7,161,https://lain.bgm.tv/r/400/pic/cover/l/85/85/293658_kBdAS.jpg,https://bangumi.tv/subject/293658
789,进击的巨人 IN THE DOME -士兵们的星空-,剧场版,1,2017-05-20,未知,,,7.7,134,https://lain.bgm.tv/r/400/pic/cover/l/f9/b1/499144_M2FHF.jpg,https://bangumi.tv/subject/499144
790,枕刀歌之将军卸印,WEB,14,2023-12-05,未知,刘波、吴长风,,7.7,181,https://lain.bgm.tv/r/400/pic/cover/l/10/8d/345812_CqxkQ.jpg,https://bangumi.tv/subject/345812
791,北斗神拳,TV,109,1984-10-04,武論尊、原哲夫,井上敏樹、大橋志吉、土屋斗紀雄、戸田博史、上原正三、花園由宇保,神谷明、一龍斎貞友、鈴木富子、飛田展男、若本規夫、内海賢二、山本百合子、飯塚昭三、青野武、若本規夫、戸谷公次、山本百合子、土井美加、土師孝也、飯塚昭三、安原義人、藤原啓治、古川登志夫、玄田哲章、郷里大輔、戸谷公次、西村知道、田中康郎、矢田耕司、頓宮恭子、江森浩子、沢木郁也、宮内幸平、槐柳二、加藤正之、鈴木れい子、戸谷公次、寺島幹夫、蟹江栄司、塩沢兼人、あずさ欣平、藤田淑子、堀川りょう、兼本新吾、渡部猛、屋良有作、安藤ありさ、蟹江栄司、沢木郁也、山田栄子、川島千代子、千葉順二、槐柳二、八奈見乗児、郷里大輔、田中康郎、土師孝也、田中亮一、永井一郎、岡和男、江森浩子、郷里大輔、沢木郁也、幹本雄之、塩屋浩三、北川米彦、千葉繁、二又一成、亀井三郎、玄田哲章、島田敏、屋良有作、千葉繁、森功至、田中和実、江森浩子、難波圭一、千葉繁、平野正人、銀河万丈、堀川りょう、西村知道、柴田秀勝、大久保正信、西村知道、平野正人、大塚芳忠、田中康郎、沢木郁也、堀秀行、徳丸完、曽我部和恭、郷里大輔、千葉繁、島香裕、難波圭一、上村典子、江森浩子、高木早苗、頓宮恭子、松田重治、平野正人、広瀬正志,7.6,766,https://lain.bgm.tv/r/400/pic/cover/l/51/63/8386_GdQVT.jpg,https://bangumi.tv/subject/8386
792,南方公园 第10季,TV,14,2006-03-26,未知,Trey Parker,Matt Stone、Trey Parker、Matt Stone、Trey Parker、Mona Marshall,7.7,203,https://lain.bgm.tv/r/400/pic/cover/l/37/9c/52392_XuItS.jpg,https://bangumi.tv/subject/52392
793,荒川爆笑团2,TV,13,2010-10-03,新房昭之,三重野瞳,神谷浩史、坂本真綾、子安武人、藤原啓治、杉田智和、大塚芳忠、小見川千明、斎藤千和、沢城みゆき、中村悠一、立木文彦、後藤邑子、三瓶由布子、新谷良子、チョー、田中理恵、関智一、小林ゆう,7.6,5757,https://lain.bgm.tv/r/400/pic/cover/l/4a/fe/8081_o68Z8.jpg,https://bangumi.tv/subject/8081
794,家庭教师HITMAN REBORN!,TV,203,2006-10-07,今泉賢一,阪口和久、三井秀樹、鈴木雅詞、面出明美、勝呂悠香、岸間信明,國分優香里、ニーコ、成田剣、市瀬秀和、井上優、近藤隆、木内秀信、竹内順子、津田健次郎、飯田利信、明坂聡美、稲村優奈、吉田仁美、チャン・リーメイ、田中理恵、深見梨加、鎌苅健太、KENN、上原健太、勝矢、三瓶由布子、髙木俊、永野広一、大谷美貴、松山鷹志、豊永利行、内藤玲、石井翔子、平野貴裕、前田剛、池田政典、高橋広樹、湯澤幸一郎、中野裕斗、藤原祐規、宍戸留美、庄子裕衣、岩崎征実、寺崎裕香、鈴木真仁、水野理紗、屋良有作、大山鎬則、豊永利行、堀田勝、道上拓冬、豊田奏恵、井上和彦、南條愛乃、川原慶久、津田健次郎、小林由美子、本多知恵子、細見大輔、國立幸、上山竜治、加藤和樹、郷本直也、菊地美香、山岸門人、松本忍、松風雅也、中村太亮、近藤隆、湯屋敦子、柳原哲也、河野匡泰、浪川大輔、増田裕生、山本匠馬、木内秀信、近藤隆、津田健次郎、髙坂篤志、湯屋敦子,7.6,4324,https://lain.bgm.tv/r/400/pic/cover/l/44/54/4562_Ypy3y.jpg,https://bangumi.tv/subject/4562
795,青兰圆舞曲,TV,39,1991-07-14,出﨑統,金春智子、朝倉千筆、小出克彦、森雅美、高屋敷英夫,水谷優子、笠原弘子、戸田恵子、小山茉美、島本須美、神田和佳、玉川砂記子、玄田哲章、堀内賢雄、勝生真沙子,7.6,253,https://lain.bgm.tv/r/400/pic/cover/l/54/5e/7408_bB88Q.jpg,https://bangumi.tv/subject/7408
796,无职转生 第二季 ～到了异世界就拿出真本事～ 第2部分,TV,12,2024-04-07,渋谷亮介,漆原虹平、大野敏哉、高山淳史、谷内直人,内山夕実、茅野愛衣、小原好美、森川智之、金元寿子、Lynn、浪川大輔、杉田智和、若山詩音、高田憂希、会沢紗弥、田中理恵、大塚芳忠、上田燿司、鶴岡聡、逢坂良太、上田麗奈、興津和幸、ファイルーズあい、田中美海、楠大典、諸星すみれ、前川涼子、渡部紗弓、村中知、くじら,7.6,14546,https://lain.bgm.tv/r/400/pic/cover/l/ad/25/444557_e4hPO.jpg,https://bangumi.tv/subject/444557
797,进击的巨人 无悔的选择 OAD,OVA,2,2014-12-09,荒木哲郎,小林靖子,神谷浩史、小野大輔、遊佐浩二、伊瀬茉莉也、朴璐美、西凜太朗、最上嗣生、三宅健太、土師孝也、坂巻学、津田健次郎、井上麻里奈,7.6,5226,https://lain.bgm.tv/r/400/pic/cover/l/8e/9b/110049_bV5g9.jpg,https://bangumi.tv/subject/110049
798,明日同学的水手服,TV,12,2022-01-08,黒木美幸,山崎莉乃,村上まなつ、雨宮天、鬼頭明里、若山詩音、関根明良、石上静香、石川由依、麻倉もも、田所あずさ、伊藤美来、伊瀬茉莉也、三上枝織、神戸光歩、本渡楓、白石晴香、小原好美、花澤香菜、久野美咲、三上哲、斉藤朱夏、種﨑敦美、黒木ほの香、杉山里穂、佐伯伊織、宮本誉之、奥谷楓、一城みゆ希、M・A・O、竹内恵美子、阿保まりあ、薮島朱音、山口協佳、綱島瑞恵、月城莉奈、久川綾、長野伸二、渡谷美帆、松岡美里,7.6,7397,https://lain.bgm.tv/r/400/pic/cover/l/07/95/331480_c2aq9.jpg,https://bangumi.tv/subject/331480
799,剧场版 紫罗兰永恒花园,剧场版,1,2020-09-18,石立太一,吉田玲子,石川由依、浪川大輔、水橋かおり、佐藤利奈、子安武人、木内秀信、戸松遥、内山昂輝、遠藤綾、茅原実里、諸星すみれ、京田尚子、川澄綾子,7.6,9204,https://lain.bgm.tv/r/400/pic/cover/l/52/7b/242216_kNqWl.jpg,https://bangumi.tv/subject/242216
800,妄想学生会,TV,13,2010-07-03,金澤洪充,小山知子、中村誠,浅沼晋太郎、小林ゆう、日笠陽子、佐藤聡美、矢作紗友里、下田麻美、小林ゆう、小見川千明、新井里美、加藤英美里、田村睦心、白石稔、椎名へきる、大山早稀、寺本來可、安済知佳、松来未祐、日笠陽子、矢作紗友里、佐藤聡美,7.6,10536,https://lain.bgm.tv/r/400/pic/cover/l/33/7c/5649_r9s6i.jpg,https://bangumi.tv/subject/5649
801,小马宝莉：友谊就是魔法 第六季,TV,26,2016-03-26,未知,,Tara Strong、洪海天,7.6,482,https://lain.bgm.tv/r/400/pic/cover/l/5d/6f/170415_hfJeC.jpg,https://bangumi.tv/subject/170415
802,岁月的童话,剧场版,1,1991-07-20,高畑勲,高畑勲,,7.6,1756,https://lain.bgm.tv/r/400/pic/cover/l/10/a7/512_u055w.jpg,https://bangumi.tv/subject/512
803,ToHeart,TV,13,1999-04-01,高橋ナオヒト,山口宏、藤田伸三,一条和矢、川澄綾子、樋口智恵子、岩男潤子、飯塚雅弓、笠原留美、岩男潤子、久川綾、保志総一朗、今井由香、大谷育江、氷上恭子、園崎未恵、堀江由衣、根谷美智子、藤巻恵理子、星野千寿子、園崎未恵,7.6,1091,https://lain.bgm.tv/r/400/pic/cover/l/d7/7c/8296_is4sZ.jpg,https://bangumi.tv/subject/8296
804,向阳素描×SP,OVA,2,2011-10-29,新房昭之,長谷川菜穂子、大嶋実句,阿澄佳奈、水橋かおり、後藤邑子、新谷良子、原田ひとみ、小見川千明、松来未祐、チョー、沢城みゆき、桑谷夏子、蒼樹うめ,7.6,814,https://lain.bgm.tv/r/400/pic/cover/l/ec/3b/22241_7cywE.jpg,https://bangumi.tv/subject/22241
805,兽爪,TV,13,2006-08-05,湯浅政明,小黒祐一郎、水上清資、小野亮、清水洋、湯浅政明、若林漢二、高橋敦史、中村健治,椎名へきる、木内秀信、儀武ゆう子,7.6,1214,https://lain.bgm.tv/r/400/pic/cover/l/5d/15/4237_vSS36.jpg,https://bangumi.tv/subject/4237
806,探险活宝 第一季,TV,26,2010-04-05,未知,,Jeremy Shada、李涵菲、曹冀魯、林美秀、雷碧文、夏治世、林美秀,7.6,366,https://lain.bgm.tv/r/400/pic/cover/l/31/71/106653_g8UBL.jpg,https://bangumi.tv/subject/106653
807,西游记,TV,52,1999-07-23,陈家奇、潘积耀,王大为、凌纾,沈晓谦、乔榛、程玉珠、刘风,7.6,2063,https://lain.bgm.tv/r/400/pic/cover/l/af/b7/37396_fA8hd.jpg,https://bangumi.tv/subject/37396
808,红白黑黄 第二季,WEB,12,2014-07-24,Monty、Oum,Kerry Shawcross、Monty Oum、Miles Luna,Lindsay Jones、Kara Eberle、Arryn Zech、Barbara Dunkelman、Monty Oum、Shannon McCormick、Kathleen Zuelch、Samantha Ireland、Jen Brown、Miles Luna、Gray G. Haddock、Taylor McNee、Taylor Pelto、Michael Jones、Jessica Nigri、Jason Rose、J.J. Castillo、Katie Newville、Kerry Shawcross、Caiti Ward、Jack Pattillo、Garrett Hunter、Ashley Jenkins、Adam Ellis,7.6,2292,https://lain.bgm.tv/r/400/pic/cover/l/f3/d5/95445_0bILi.jpg,https://bangumi.tv/subject/95445
809,攻壳机动队 THE GHOST IN THE SHELL,TV,10,2026-07-07,モコちゃん,円城塔,坂本真綾、連思宇、安元洋貴、孟慶府、山路和弘、陳彥鈞、中村悠一、楊士賢、後藤光祐、何志威、奈良徹、宮内敦士、大井麻利衣、金田朋子、張乃文、茶風林、楠見尚己、家中宏、くじら、稲田徹、松岡美里、天﨑滉平、小針彩希、中原麻衣、桑島法子、星野充昭、田所陽向、大塚明夫、竹内恵美子,7.6,874,https://lain.bgm.tv/r/400/pic/cover/l/7e/10/496276_Qeu06.jpg,https://bangumi.tv/subject/496276
810,剧场版 高达Reconguista in G Ⅴ 越过死线,剧场版,1,2022-08-05,矢立肇、富野由悠季,富野由悠季,石井マーク、嶋村侑、福井裕佳梨、寿美菜子、佐藤拓也、逢坂良太、高垣彩陽、高垣彩陽、須田祐介、藤真秀、広瀬彰勇、田中敦子、辻親八、佐藤拓也、姫野惠二、鷄冠井美智子、中原麻衣、Michelle Yumiko Payne、佐竹海莉、鈴木千尋、かぬか光明、木下浩之、長谷川芳明、小島敏彦、水野龍司、滝知史、たかはし智秋、平野潤也、浅沼晋太郎、谷昌樹、玉川砂記子、小清水亜美、諏訪部順一、仲野裕,7.6,430,https://lain.bgm.tv/r/400/pic/cover/l/c0/87/286127_g8n8n.jpg,https://bangumi.tv/subject/286127
811,我们仍未知道那天所看见的花的名字。,TV,11,2011-04-14,長井龍雪,岡田麿里,茅野愛衣、入野自由、田村睦心、戸松遥、瀬戸麻沙美、櫻井孝宏、早見沙織、近藤孝行、豊崎愛生、緒乃冬華、大原さやか,7.5,27193,https://lain.bgm.tv/r/400/pic/cover/l/6c/e8/10440_8HP6O.jpg,https://bangumi.tv/subject/10440
812,第四届东方M-1漫才大赛,OVA,1,2009-12-29,上海アリス幻樂団,,りぇる、佐藤ねこ丸、りる、名取亜紀、らんてぃ、橘純麗、音鳴ころね、藤宮ゆき、和龍之介、ゆっきん、杜秋乃、杜秋乃、春李めぐみ、金子未佳、和龍之介、豆太郎、金子未佳、豆太郎、佐藤ねこ丸,7.6,391,https://lain.bgm.tv/r/400/pic/cover/l/fc/de/3830_V8r7Z.jpg,https://bangumi.tv/subject/3830
813,来来猫,TV,50,2009-07-05,大地丙太郎,くるねこ大和「くるねこ」（エンターブレイン刊),小林聡美,7.6,311,https://lain.bgm.tv/r/400/pic/cover/l/11/c4/1752_pkJlR.jpg,https://bangumi.tv/subject/1752
814,妄想学生会 OVA,OVA,3,2012-04-25,金澤洪充,金澤洪充,浅沼晋太郎、日笠陽子、佐藤聡美、矢作紗友里、下田麻美、小林ゆう、新井里美、斎藤千和、日野未歩,7.5,3644,https://lain.bgm.tv/r/400/pic/cover/l/8d/c5/39118_37TMq.jpg,https://bangumi.tv/subject/39118
815,小林家的龙女仆S,TV,13,2021-07-07,石原立也,志茂文彦、西川昌志、山田由香,田村睦心、常蓉珊、桑原由気、钱琛、長縄まりあ、沈欣如、嶺内ともみ、月夜桥、高田憂希、贺文潇、髙橋ミナミ、李诗萌、小野大輔、郭浩然、中村悠一、谷江山、加藤英美里、赵爽、後藤邑子、Felecia Angelle、石原夏織、幽舞越山、下野紘、上坂すみれ、石原夏織、高橋伸也、菅生隆之,7.5,14158,https://lain.bgm.tv/r/400/pic/cover/l/17/ed/274234_iZ22k.jpg,https://bangumi.tv/subject/274234
816,南方公园 第18季,TV,10,2014-09-24,未知,Trey Parker,Mona Marshall,7.6,260,https://lain.bgm.tv/r/400/pic/cover/l/82/63/114161_hpS6D.jpg,https://bangumi.tv/subject/114161
817,不可思议的教室,TV,26,2005-07-03,新房昭之,金巻兼一、高山カツヒコ、植竹須美男,斎藤千和、山崎バニラ、折笠富美子、ゆきのさつき、植田佳奈、堀江由衣、野中藍、阪田佳代、大原さやか、櫻井孝宏、石毛佐和、石毛佐和、中世明日香、花輪英司、広橋涼、日笠山亜美、樋口智恵子、花輪英司、麦人、大竹宏、門脇舞以、沢城みゆき、神谷浩史、生天目仁美、新谷良子、松来未祐、麦人、杉田智和、野中藍、ゆきのさつき、神谷浩史、望月久代、櫻井孝宏,7.6,1231,https://lain.bgm.tv/r/400/pic/cover/l/29/7f/1617_WsCSg.jpg,https://bangumi.tv/subject/1617
818,高智能方程式：Cyber Formula 11,OVA,6,1992-11-01,福田己津央,星山博之、福田己津央、島田満,金丸淳一、三石琴乃、関俊彦、速水奨、緑川光、松岡洋子、冬馬由美、安達忍、天野由梨、竹村拓、島田敏、置鮎龍太郎、龍田直樹、飯塚昭三、小野健一、勝生真沙子,7.6,545,https://lain.bgm.tv/r/400/pic/cover/l/37/8a/1955_kKM12.jpg,https://bangumi.tv/subject/1955
819,银河英雄传说 Die Neue These 激突 第1章,剧场版,4,2022-03-04,多田俊介,高木登、吉永亜矢、根元歳三,宮野真守、鈴村健一、梶裕貴、畠中祐、梅原裕一郎、諏訪部順一、関根有咲、小野大輔、中村悠一、花澤香菜、稲田徹、安元洋貴、大場真人、上村祐翔、羽多野渉、山内健嗣、辻井健吾、沢木郁也、浜田賢二、飯塚昭三、斉藤次郎、東地宏樹、古谷徹、櫻井トオル、こぶしのぶゆき、美波わかな、大隈健太、潘めぐみ、北沢洋、川島得愛、遠藤綾、三木眞一郎、鈴木達央、石川界人、大塚芳忠、岩崎征実、鳥海浩輔、山路和弘、牛山茂、下山吉光,7.6,625,https://lain.bgm.tv/r/400/pic/cover/l/95/86/315026_0v5nT.jpg,https://bangumi.tv/subject/315026
820,向阳素描,TV,12,2007-01-11,上坪亮樹,長谷川菜穂子、木滝りま、久保田雅史、与口奈津江,阿澄佳奈、水橋かおり、後藤邑子、新谷良子、松来未祐、チョー、沢城みゆき、釘宮理恵、福圓美里、鈴木菜穂子、蒼樹うめ,7.5,2099,https://lain.bgm.tv/r/400/pic/cover/l/06/14/896_sipL4.jpg,https://bangumi.tv/subject/896
821,高达创战者,TV,25,2013-10-07,長崎健司,黒田洋介,小松未可子、國立幸、石川由依、早見沙織、佐藤拓也、藤井美波、唐嶷、中村悠一、三石琴乃、川島得愛、広橋涼、三宅健太、悠木碧、広瀬正志、木村昴、立花慎之介、稲葉実、遠藤大智、白石涼子、稲田徹、黒田崇矢、家弓家正、須嵜成幸、佐藤拓也、江口拓也、小室正幸、本郷奏多、相川奈都姫、神奈延年、斎藤千和、坂口哲夫、うえだゆうじ、遠藤大智,7.5,2203,https://lain.bgm.tv/r/400/pic/cover/l/3e/9b/77171_i4TC4.jpg,https://bangumi.tv/subject/77171
822,甜甜私房猫 第二季,TV,104,2009-03-30,増原光幸,武上純希、笹野恵、山田由香、中村能子、金春智子、筆安一幸、青木弘安,こおろぎさとみ、日髙のり子,7.6,512,https://lain.bgm.tv/r/400/pic/cover/l/30/0d/3642_y2cY8.jpg,https://bangumi.tv/subject/3642
823,剧场版 空之境界 Remix,剧场版,1,2009-03-14,あおきえい、野中卓也、小船井充、滝口禎一、平尾隆之、三浦貴博、寺尾優一、吉川冴、近藤光,平松正樹,坂本真綾、鈴村健一、本田貴子、中田譲治、田中理恵、藤村歩、能登麻美子、柿原徹也,7.6,1224,https://lain.bgm.tv/r/400/pic/cover/l/03/61/49666_scG1n.jpg,https://bangumi.tv/subject/49666
824,传说巨神伊迪安,TV,39,1980-05-08,矢立肇、富野喜幸[富野由悠季],山浦弘靖、富田祐弘、松崎健一、渡辺由自、滝沢敏文,塩屋翼、田中秀幸、戸田恵子、白石冬美、井上瑤、鵜飼るみ子、林一夫、石森達幸、麻上洋子、木原正二郎、銀河万丈、池田勝、塩沢兼人、橋本晃一、島田敏、佐々木秀樹、井上和彦、つるたきみこ、よこざわけい子、山田栄子、松田辰也、松原雅子、高木早苗、井上瑤,7.6,745,https://lain.bgm.tv/r/400/pic/cover/l/c7/1d/10375_K5S7E.jpg,https://bangumi.tv/subject/10375
825,石纪元 科学与未来 第2部分,TV,12,2025-07-10,松下周平,砂山蔵澄、金田一士,小林裕介、河西健吾、鈴木崚汰、佐藤元、小野賢章、沼倉愛美、高橋花林、麦人、中村悠一、石田彰、古川慎、市ノ瀬加那、前野智昭、村瀬歩、上田麗奈、間宮康弘、中島ヨシキ、種﨑敦美、豊崎愛生、日笠陽子、坂本真綾、阿座上洋平、興津和幸、本渡楓、関根明良、沢城千春、村田太志、潘めぐみ、榊原優希、福島潤、鈴代紗弓、小松奈生子、内山夕実、野島健児、遊佐浩二、長谷川育美、東内マリ子、安元洋貴、日向未南、山口令悟、三上哲、坂泰斗,7.5,2727,https://lain.bgm.tv/r/400/pic/cover/l/d3/c4/508003_6A6w4.jpg,https://bangumi.tv/subject/508003
826,齐木楠雄的灾难 完结篇,TV,2,2018-12-28,桜井弘明,麻生周一（集英社ジャンプコミックス刊）、音地正行,茅野愛衣、神谷浩史、喜多村英梨、小野大輔、島﨑信長、日野聡、田村ゆかり、内田真礼、花江夏樹、細谷佳正、松風雅也、梶裕貴、岩田光央、愛河里花子、野島健児、櫻井浩美、本渡楓、相沢梨紗、野瀬育二、古川慎,7.5,7618,https://lain.bgm.tv/r/400/pic/cover/l/10/70/251831_9b63Y.jpg,https://bangumi.tv/subject/251831
827,银河特急 银河☆地铁,TV,12,2025-07-03,亀山陽平,亀山陽平,寺澤百花、永瀬アンナ、金元寿子、小市眞琴、内山昂輝、山谷祥生、小松未可子、藤原由林,7.5,4321,https://lain.bgm.tv/r/400/pic/cover/l/46/4d/545328_2RRhx.jpg,https://bangumi.tv/subject/545328
828,药屋少女的呢喃 第二季,TV,24,2025-01-10,筆坂明規,柿原優子、千葉美鈴、小川ひとみ,悠木碧、潘めぐみ、大塚剛央、小西克幸、久野美咲、瀬戸麻沙美、種﨑敦美、石川由依、木野日菜、遠藤大智、後藤恵里菜、種﨑敦美、豊口めぐみ、引坂理絵、田中貴子、石井未紗、上田瞳、佐藤聡美、伊藤美来、かぬか光明、赤羽根健治、橘龍丸、土井美加、甲斐田裕子、家中宏、斉藤貴美子、潘めぐみ、小清水亜美、七海ひろき、桐本拓哉、豊永利行、井上剛、チョー、名塚佳織、Lynn、原由実、勝生真沙子、安原義人、能登麻美子、幸田夏穂、岡村明香、定岡小百合、藤原夏海、深見梨加、前野智昭、甲斐田裕子、松山鷹志、木下紗華、庄司宇芽香、熊谷海麗、赤﨑千夏、生天目仁美、武田華、河村梨恵、伏見はる香、髙橋咲貴、久住琳、内山昂輝、こばたけまさふみ、江越彬紀、長谷川芳明、小若和郁那、松井暁波、川井田夏海、引坂理絵、島本須美,7.5,7029,https://lain.bgm.tv/r/400/pic/cover/l/9e/b3/486347_jKVqi.jpg,https://bangumi.tv/subject/486347
829,头文字D Second Stage,TV,13,1999-10-15,政木伸一,岸間信明、戸田博史,三木眞一郎、石塚運昇、岩田光央、矢尾一樹、高木渉、西村知道、川澄綾子、川原和久、田中正彦、松本保典、柚木涼香、子安武人、岡野浩介、関智一、根谷美智子、かかずゆみ、檜山修之、藤原啓治、宇垣秀成,7.5,1556,https://lain.bgm.tv/r/400/pic/cover/l/62/1d/9568_KSy0M.jpg,https://bangumi.tv/subject/9568
830,我的青春恋爱物语果然有问题,TV,13,2013-04-04,吉村愛,菅正太郎、渡航、高山カツヒコ、待田堂子,江口拓也、早見沙織、東山奈央、小松未可子、檜山修之、悠木碧、柚木涼香、中原麻衣、近藤隆、井上麻里奈、ささきのぞみ、小清水亜美、寿美菜子、浅倉杏美、堀井茶渡、諸星すみれ、村瀬歩、川原慶久、白石稔、櫻川めぐ、悠木碧,7.5,24370,https://lain.bgm.tv/r/400/pic/cover/l/1e/f1/54433_JZ99l.jpg,https://bangumi.tv/subject/54433
831,茄子：安达卢西亚之夏,剧场版,1,2003-07-26,高坂希太郎,高坂希太郎,大泉洋、小池栄子、筧利夫、平野稔、平田広明、岡田吉弘,7.6,782,https://lain.bgm.tv/r/400/pic/cover/l/38/9b/508_E4776.jpg,https://bangumi.tv/subject/508
832,血界战线 & BEYOND,TV,12,2017-10-07,高柳滋仁,冨田頼子、加茂靖子,阪口大助、小山力也、中井和哉、宮本充、釘宮理恵、内田夕夜、間島淳司、子安武人、小林ゆう、折笠愛、銀河万丈、内田雄馬、石塚運昇、宮野真守、藤原啓治、緑川光、水樹奈々、石田彰、こおろぎさとみ、上田麗奈、大谷育江、堀内賢雄、園崎未恵、坂本真綾、鈴村健一、保村真、佐々木敏、仲野裕、各務立基、渕崎ゆり子、安元洋貴、朝倉栄介、小堀幸、内山夕実、木内太郎、福沙奈恵、櫻庭有紗、若林佑,7.5,6795,https://lain.bgm.tv/r/400/pic/cover/l/98/77/199392_j2kAA.jpg,https://bangumi.tv/subject/199392
833,死神 千年血战篇-诀别谭-,TV,13,2023-07-08,田口智久,平松正樹,森田成一、于正昇、折笠富美子、杉山紀彰、松岡由貴、安元洋貴、伊藤健太郎、三木眞一郎、ゆきのさつき、大塚明夫、桑島法子、樫井笙人、小野坂昌也、置鮎龍太郎、稲田徹、于正昇、杉田智和、朴璐美、立木文彦、中尾隆聖、石川英郎、生天目仁美、樫井笙人、ゆかな、佐久間紅美、西凜太朗、小西克幸、松谷彼哉、望月久代、檜山修之、福山潤、釘宮理恵、奥田啓人、松本考平、神田朱未、遠近孝一、西村ちなみ、石塚さより、長嶝高士、楠見尚己、上田燿司、志村知幸、佐藤利奈、恒松あゆみ、高木渉、五十嵐裕美、岸尾だいすけ、石井康嗣、桑島法子、三宅健太、菅生隆之、梅原裕一郎、武内駿輔、竹達彩奈、松岡禎丞、悠木碧、小野友樹、倉富亮、田中秀幸、山口りゅう、小山剛志、土師孝也、上田麗奈、間宮康弘、鈴村健一、内山夕実、花江夏樹、宮澤正、保志総一朗、日野聡、東山奈央、野田順子、小西克幸、福山潤、藤田咲、松岡大介、高木礼子、稲田徹、真殿光昭、前野智昭,7.5,3170,https://lain.bgm.tv/r/400/pic/cover/l/6d/31/412916_20nTM.jpg,https://bangumi.tv/subject/412916
834,某科学的超电磁炮,TV,24,2009-10-02,長井龍雪,伊藤美智子、大野木寛、水上清資、國澤真理子、砂山蔵澄、天河信彦、浅川美也,佐藤利奈、新井里美、豊崎愛生、伊藤かな恵、阿部敦、寿美菜子、遠藤綾、戸松遥、南條愛乃、植田佳奈、生天目仁美、田村ゆかり、田中敦子、野島裕史、矢作紗友里、石川桃子、小橋知子、大原崇、甲斐田裕子、高岡瓶々、佐藤聡美、竹達彩奈、花澤香菜、仲野裕、柚木涼香、小西克幸、大原さやか、西健亮、保村真、皆川純子、小林美奈、間島淳司、斉藤佑圭、井口裕香、能登麻美子、こやまきみこ、浅野真澄、近藤孝行、永田依子、小堀友里絵、関山美沙紀、西墻由香、金子未来、高橋良吉、長谷川瑜ら、ELISA、堂坂晃三、西川真美、間宮康弘、青木強、足立友、大原崇、斎藤桃子、高橋研二、世戸さおり、宮崎寛務、金光宣明、興津和幸、田中晶子、永田依子、橘田いずみ、嶋村侑、小橋知子、坂巻学、山口翔平、中西英樹、宮坂俊蔵、大原崇、吉開清人、興津和幸、荻野晴朗、安田将吾、箭内仁、高橋良吉、坂巻学、山口翔平,7.5,23180,https://lain.bgm.tv/r/400/pic/cover/l/36/e7/2585_pn2eP.jpg,https://bangumi.tv/subject/2585
835,阿凡提的故事,TV,14,1979-09-17,曲建方、蔡渊澜、金芳玲、靳夕、刘蕙仪,凌纾、曲建方、靳夕,毕克,7.5,1637,https://lain.bgm.tv/r/400/pic/cover/l/eb/18/3819_x2zpF.jpg,https://bangumi.tv/subject/3819
836,小魔女学园 魔法游行,剧场版,1,2015-10-09,吉成曜,島田満,潘めぐみ、折笠富美子、村瀬迪与、日笠陽子、日髙のり子、志田有彩、村川梨衣、上田麗奈、中尾衣里、赤﨑千夏、谷育子、山本留里佳,7.5,3953,https://lain.bgm.tv/r/400/pic/cover/l/aa/5c/124646_Cgec8.jpg,https://bangumi.tv/subject/124646
837,逮捕令,TV,51,1996-10-05,わたなべひろし、西村純二,横手美智子、面出明美、時村尚、隅沢克之、阪口和久、渡辺桂子、植田浩二、山口亮太、十川誠志、島田満,玉川砂記子、平松晶子、島田敏、小桜エツコ、松本梨香、政宗一成、関智一、丹下桜、くじら、入野自由、堀秀行、青野武、子安武人、中井和哉、塩沢兼人、石田彰、関俊彦、大塚明夫、置鮎龍太郎、渡部猛、沢木郁也、榊原良子、木村良平,7.5,1216,https://lain.bgm.tv/r/400/pic/cover/l/1f/4f/2074_d4HP9.jpg,https://bangumi.tv/subject/2074
838,大室家 亲爱的姐妹们,剧场版,1,2024-02-02,龍輪直征,横谷昌宏,加藤英美里、斎藤千和、日高里菜、倉知玲鳳、伊藤彩沙、古賀葵、上坂すみれ、東山奈央、悠木碧、三森すずこ、三上枝織、大坪由佳、津田美波、大久保瑠美,7.5,2005,https://lain.bgm.tv/r/400/pic/cover/l/17/1e/448655_z11A1.jpg,https://bangumi.tv/subject/448655
839,虹猫蓝兔七侠传,TV,108,2006-09-05,未知,贺梦凡、陈红波、潘昌礼,付以琳、晏婷、张怀武、袁文君,7.5,2413,https://lain.bgm.tv/r/400/pic/cover/l/7e/72/61339_6HEeS.jpg,https://bangumi.tv/subject/61339
840,借东西的小人阿丽埃蒂,剧场版,1,2010-07-17,米林宏昌,宮崎駿、丹羽圭子,志田未来、林沛笭、神木隆之介、蔣鐵城,7.5,4196,https://lain.bgm.tv/r/400/pic/cover/l/b6/f9/6819_ur886.jpg,https://bangumi.tv/subject/6819
841,火柴人 VS 物理,未知,1,2023-12-09,未知,,,7.6,301,https://lain.bgm.tv/r/400/pic/cover/l/a5/67/469783_00OdR.jpg,https://bangumi.tv/subject/469783
842,歌剧少女!!,TV,13,2021-07-03,米田和弘,森下直、松本美弥子、猪爪慎一,千本木彩花、花守ゆみり、上坂すみれ、大地葉、佐々木李子、松田利冴、松田颯水、花澤香菜、小松未可子、寺崎裕香、七海ひろき、古賀葵、斎賀みつき、諏訪部順一、野島健児、飛田展男、伊藤静、天野由梨、山村響、高梨謙吾、子安武人、畠中祐、三石琴乃、高塚智人、髙橋ミナミ,7.5,2870,https://lain.bgm.tv/r/400/pic/cover/l/5f/55/317680_Qw1WR.jpg,https://bangumi.tv/subject/317680
843,南方公园 第1季,TV,13,1997-08-13,未知,Trey Parker、Matt Stone,Matt Stone、Trey Parker、Matt Stone、Trey Parker,7.6,496,https://lain.bgm.tv/r/400/pic/cover/l/34/78/25442_NdfXS.jpg,https://bangumi.tv/subject/25442
844,风人物语,TV,13,2004-09-11,西村純二,じんのひろあき、西村純二、荒川眞嗣、兵藤まこ,名塚佳織、花村怜美、入野自由、岩村愛子、杉山大,7.6,774,https://lain.bgm.tv/r/400/pic/cover/l/de/59/2710_xkICM.jpg,https://bangumi.tv/subject/2710
845,Fate/stay night [Unlimited Blade Works],TV,13,2014-10-04,三浦貴博,佐藤和治、一ノ瀬樹、桧山彬,川澄綾子、杉山紀彰、野田順子、諏訪部順一、植田佳奈、関智一、下屋則子、田中敦子、門脇舞以、神谷浩史、中田譲治、七緒はるひ、伊藤美紀、宮川美保、神奈延年、浅川悠、三木眞一郎、てらそままさき、真殿光昭、中尾衣里、中川里江、水沢史絵、小山力也、市来光弘,7.5,19846,https://lain.bgm.tv/r/400/pic/cover/l/e1/5a/95225_nuqNt.jpg,https://bangumi.tv/subject/95225
846,机动战士高达00 第二季,TV,25,2008-10-05,水島精二,黒田洋介,宮野真守、三木眞一郎、吉野裕行、城雅子、神谷浩史、田中晶子、恒松あゆみ、高垣彩陽、本名陽子、東地宏樹、真堂圭、高橋研二、古谷徹、大塚周夫、小笠原亜里沙、石塚運昇、浜田賢二、中村悠一、うえだゆうじ、根谷美智子、藤原啓治、高山みなみ、梅津秀行、入野自由、斎藤千和、釘宮理恵、戸松遥、白石涼子、早水リサ、朴璐美、斎賀みつき、川庄美雪、置鮎龍太郎、置鮎龍太郎、川島得愛、大友龍三郎、江川央生、四宮豪、矢尾一樹、白鳥哲、稲田徹、屋良有作、佐藤有世、小笠原亜里沙、入野自由、高山みなみ、田中晶子,7.5,5540,https://lain.bgm.tv/r/400/pic/cover/l/1e/48/1010_872sf.jpg,https://bangumi.tv/subject/1010
847,小城日常,TV,13,2025-07-06,石立太一,佐藤綾乃、西川昌志,小松未可子、豊崎愛生、石川由依、川原慶久、入野自由、七瀬彩夏、田所あずさ、和久井優、子安武人、子安武人、浅野まゆみ、KENN、猪股慧士、林鼓子、福嶋晴菜、天麻ゆうき、山本和臣、宮崎遊、鈴木崚汰、水内清光、後藤邑子、土門仁、福山潤、金子誠、髙坂篤志、金子誠、石川由依、水内清光、林鼓子、KENN、鈴木崚汰、猪股慧士、水内清光、山本和臣、宮崎遊、福山潤、川原慶久、金子誠、土門仁、後藤邑子、福山潤、豊崎愛生、豊崎愛生、豊崎愛生、豊崎愛生、豊崎愛生、豊崎愛生、和久井優、金子誠、福山潤、福嶋晴菜、山本和臣、天麻ゆうき、水内清光、金子誠、福山潤、福山潤、福山潤、福山潤、福山潤、石田彰、水内清光、髙坂篤志、子安武人、林鼓子、和久井優、後藤邑子、福山潤、子安武人、金子誠、猪股慧士、KENN、土門仁、川原慶久、豊崎愛生、山本和臣、髙坂篤志、土門仁、金子誠、金子誠、山本和臣、和久井優、土門仁、福嶋晴菜、山本和臣、宮崎遊、入野自由、鈴木崚汰、金子誠、林鼓子、髙坂篤志、子安武人、田所あずさ、相沢舞、福嶋晴菜、髙坂篤志、和久井優、猪股慧士、土門仁、髙坂篤志、天麻ゆうき、福嶋晴菜、宮崎遊、子安武人、土門仁、KENN、後藤邑子、浅野まゆみ、大塚芳忠,7.5,8336,https://lain.bgm.tv/r/400/pic/cover/l/b2/c2/514358_oRoZH.jpg,https://bangumi.tv/subject/514358
848,机动武斗传G高达,TV,49,1994-04-01,矢立肇、富野由悠季,鈴木良武、桶谷顕、山口亮太、志茂文彦、北嶋博明,関智一、天野由梨、秋元羊介、大塚芳忠、山口勝平、山崎たくみ、宇垣秀成、堀秀行、日高奈留美、飛田展男、橋本晃一、林保全、堀秀行、清川元夢、荒木香衣、山崎和佳奈、亀井三郎、石森達幸、岡和男、横尾まり、松尾銀三、水谷優子、稲葉実、有本欽隆、冬馬由美、津久井教生、菅原正志、中田和宏、麦人、菊池正美、龍田直樹、菅原淳一、玄田哲章、二又一成、菅原正志、高乃麗、大滝進矢、柴本浩行、笹岡繁蔵、小杉十郎太、笹岡繁蔵、堀之紀、稲葉実、島香裕、中村大樹,7.5,1212,https://lain.bgm.tv/r/400/pic/cover/l/44/b4/4212_NAfeJ.jpg,https://bangumi.tv/subject/4212
849,探险活宝 第二季,TV,26,2010-10-11,未知,,Jeremy Shada,7.6,200,https://lain.bgm.tv/r/400/pic/cover/l/17/f9/106654_y99mm.jpg,https://bangumi.tv/subject/106654
850,两个火枪鼠,剧场版,1,1952-03-15,William、Hanna、Joseph、Barbera,威廉·汉纳,,7.7,139,https://lain.bgm.tv/r/400/pic/cover/l/d3/a0/132380_JKkFN.jpg,https://bangumi.tv/subject/132380
851,他和她的故事,TV,26,1998-10-02,庵野秀明、佐藤裕紀,庵野秀明、今石洋之、佐伯昭志、佐藤竜雄、安藤健,榎本温子、鈴木千尋、小山裕香、私市淳、野田順子、草尾毅、渡邉由紀、新谷真弓、野田順子、石田彰、千葉紗子、山本麻里安,7.5,1859,https://lain.bgm.tv/r/400/pic/cover/l/06/b1/2049_3tnSs.jpg,https://bangumi.tv/subject/2049
852,无敌少侠,WEB,8,2021-03-25,未知,,Steven Yeun、J.K. Simmons、Sandra Oh、Gillian Jacobs、Walton Goggins、Zachary Quinto、Clancy Brown、Mark Hamill、Seth Rogen、Mahershala Ali,7.6,734,https://lain.bgm.tv/r/400/pic/cover/l/3c/21/331646_ot1R1.jpg,https://bangumi.tv/subject/331646
853,避难所,未知,1,2016-10-18,赤井俊文,Porter Robinson,三澤紗千香,7.5,2969,https://lain.bgm.tv/r/400/pic/cover/l/a7/39/195249_z2Uuu.jpg,https://bangumi.tv/subject/195249
854,RE:cycle of the PENGUINDRUM [后篇] 我爱你,剧场版,1,2022-07-22,幾原邦彦,伊神貴世、幾原邦彦,木村昴、木村良平、荒川美穂、三宅麻理恵、石田彰、能登麻美子、堀江由衣、小泉豊、荒川美穂、豊崎愛生、上坂すみれ,7.6,702,https://lain.bgm.tv/r/400/pic/cover/l/0c/20/379789_Y0z2F.jpg,https://bangumi.tv/subject/379789
855,成龙历险记 第五季,TV,13,2004-09-11,未知,,James Sie、赵岭、石丸博也、张璐、本名陽子、赵震、石井隆夫、赵震、楠見尚己、Thom Adcox-Hernandez、Clancy Brown、浦山迅、Clancy Brown、James Sie、浦山迅、赵震,7.5,1250,https://lain.bgm.tv/r/400/pic/cover/l/0b/2d/334402_m2r33.jpg,https://bangumi.tv/subject/334402
856,城市猎人 第二季,TV,63,1988-04-02,こだま兼嗣,青木悠三、こだま兼嗣、鎌田秀美、遠藤明範、星山博之、平野靖士、大野木寛、井上敏樹、日暮裕一、小林準治、加瀬充子、外池省二、江上潔,神谷明、伊倉一恵、玄田哲章、麻上洋子、鷹森淑乃、堀秀行、小山茉美、冨永みーな、榊原良子、高坂真琴、田中秀幸、田原アルノ,7.6,197,https://lain.bgm.tv/r/400/pic/cover/l/08/6c/53925_zkKaF.jpg,https://bangumi.tv/subject/53925
857,南方公园 第5季,TV,14,2001-06-20,未知,Trey Parker,Matt Stone、Trey Parker、Matt Stone,7.6,192,https://lain.bgm.tv/r/400/pic/cover/l/f0/b5/60604_Sej0i.jpg,https://bangumi.tv/subject/60604
858,赛马娘 芦毛灰姑娘,TV,13,2025-04-06,伊藤祐毅、みうらたけひろ,金田一士,高柳知葉、瀬戸桃子、小西克幸、大塚芳忠、伊瀬茉莉也、渋谷彩乃、大地葉、井澤詩織、浪川大輔、生天目仁美、竹内良太、大空直美、野口瑠璃子、日原あゆみ、優木かな、花守ゆみり、会沢紗弥、田所あずさ、高橋大輔、宝亀克寿、白石涼子、てらそままさき、遠藤綾、皆口裕子、森なな子、風間万裕子、田中貴子、鷄冠井美智子、久次米渚、大久保瑠美、山村響、Lynn、天海由梨奈、ファイルーズあい、香坂さき、藤井ゆきよ、明坂聡美,7.5,8933,https://lain.bgm.tv/r/400/pic/cover/l/9e/fa/509297_VQ3P9.jpg,https://bangumi.tv/subject/509297
859,幻想万华镜 春雪异变之章,未知,1,2011-08-13,未知,,,7.5,2939,https://lain.bgm.tv/r/400/pic/cover/l/c8/23/21942_YqbFM.jpg,https://bangumi.tv/subject/21942
860,排球少年 TO THE TOP,TV,13,2020-01-10,佐藤雅子,岸本卓,村瀬歩、李明幸、石川界人、鍾少庭、日野聡、林谷珍、入野自由、鄒韋、西川舞、林勇、鈕凱暘、楊慧玉、細谷佳正、鈕凱暘、岡本信彦、鍾少庭、内山昂輝、鄒韋、斉藤壮馬、林谷珍、増田俊樹、翁瑞陽、相楽信頼、鍾少庭、西山宏太朗、翁瑞陽、名塚佳織、林慕青、諸星すみれ、曾莉婷、神谷浩史、鈕凱暘、江川央生、鄒韋、中博史、鍾少庭、石毛翔弥、中島ヨシキ、内田修一、須田祐介、井上宝、市川蒼、井上雄貴、大野智敬、前田一世、中村悠一、林谷珍、立花慎之介、鍾少庭、横田成吾、鄒韋、池田恭祐、星野貴紀、鄒韋、長南翔太、翁瑞陽、渡辺拓海、木村良平、鄒韋、逢坂良太、鍾少庭、村田太志、菊池幸利、橘潤二、鍾少庭、古賀明、浪川大輔、林谷珍、田丸篤志、鍾少庭、古川慎、林谷珍、竹内良太、鄒韋、木村昴、鍾少庭、土屋神葉、翁瑞陽、豊永利行、林谷珍、寺島拓篤、鈕凱暘、丹沢晃之、鈕凱暘、関幸司、峰晃弘、中尾隆聖、林谷珍、杉村憲司、松川裕輝、鄒韋、中澤まさとも、鍾少庭、庄司将之、鄒韋、祐仙勇、寺島惇太、千葉翔也、小野塚貴志、鈕凱暘、佐藤拓也、間島淳司、内山夕実、李明幸、三木眞一郎、林谷珍、山本祥太、鈕凱暘、大塚剛央、内田修一、安田陸矢、西山宏太朗、花輪英司、林谷珍、長南翔太、家中宏、松山鷹志、宮野真守、翁瑞陽、株元英彰、鈕凱暘、野島健児、鍾少庭、笠間淳、鄒韋、島﨑信長、林谷珍、武田太一、花江夏樹、林谷珍、宮崎遊、鳥海浩輔、鈕凱暘、上村祐翔、鈕凱暘、大西沙織、李明幸、大橋彩香、曾莉婷、阪口周平、翁瑞陽、前野智昭、鈕凱暘、宮田幸季、小西克幸、山崎はるか、林慕青、小松由佳、楊慧玉、三日尻望、内田修一、石川藍、興津和幸、林谷珍、宮崎寛務、鄒韋、松川裕輝、赤﨑千夏、高橋伸也、河内孝博、岡部悟,7.5,3481,https://lain.bgm.tv/r/400/pic/cover/l/32/2c/269918_A60Ia.jpg,https://bangumi.tv/subject/269918
861,笨蛋，测验，召唤兽！,TV,13,2011-07-07,大沼心,高山カツヒコ、関根アユミ、大沼心,下野紘、原田ひとみ、水橋かおり、加藤英美里、平田真菜、鈴木達央、宮田幸季、磯村知美、三石琴乃、五十嵐裕美、大塚明夫、竹達彩奈、寺島拓篤、加藤英美里、南條愛乃、平田真菜、真中桂子、かかずゆみ、井上喜久子、後藤啓介、津田健次郎,7.5,11301,https://lain.bgm.tv/r/400/pic/cover/l/7e/8d/11145_6s6G6.jpg,https://bangumi.tv/subject/11145
862,擅长捉弄的高木同学,TV,12,2018-01-08,赤城博昭,横手美智子、待田堂子、坪田文,梶裕貴、高橋李依、内田雄馬、小原好美、M・A・O、小倉唯、小岩井ことり、岡本信彦、落合福嗣、田所陽向、朝日奈丸佳、高橋李依、梶裕貴,7.5,11589,https://lain.bgm.tv/r/400/pic/cover/l/09/16/219200_wFT9i.jpg,https://bangumi.tv/subject/219200
863,少女☆歌剧 Revue Starlight RONDO·RONDO·RONDO,剧场版,1,2020-08-07,古川知宏,樋口達人,小山百代、三森すずこ、富田麻帆、佐藤日向、岩田陽葵、小泉萌香、相羽あいな、生田輝、伊藤彩沙,7.5,1739,https://lain.bgm.tv/r/400/pic/cover/l/14/04/294134_H5752.jpg,https://bangumi.tv/subject/294134
864,飞翔的魔女,TV,12,2016-04-09,桜美かつし,福田裕子、江夏由結、三重野瞳,篠田みなみ、菅原慎介、鈴木絵理、茅野愛衣、日野まり、三上枝織、葵井歌菜、井口裕香、佐倉綾音、小澤亜李、井上喜久子、櫻井孝宏、小形満、金元寿子、早水リサ、前田玲奈、杉崎亮、久保田民絵、廣田悠美、村中知、北川里奈、前田玲奈、八百屋杏、相馬康一、柳田淳一、杉崎亮,7.5,4981,https://lain.bgm.tv/r/400/pic/cover/l/a5/25/141799_81ZfO.jpg,https://bangumi.tv/subject/141799
865,天才麻将少女,TV,25,2009-04-05,小野学,浦畑達彦,植田佳奈、小清水亜美、釘宮理恵、伊藤静、白石涼子、福山潤、甲斐田裕子、大橋歩夕、清水愛、茅原実里、福原香織、小野大輔、永田依子、堀江由衣、神崎ちろ、又吉愛、斎賀みつき、森永理科、七沢心、新谷良子、桑谷夏子、斎藤桃子、小林ゆう、三瓶由布子、浅野真澄、三上枝織、中田譲治、中原麻衣、斎賀みつき、徳永愛、平田真菜、相馬幸人、中西英樹、中田譲治,7.5,6870,https://lain.bgm.tv/r/400/pic/cover/l/af/e4/1444_n67JG.jpg,https://bangumi.tv/subject/1444
866,现视研 OVA,OVA,3,2006-12-22,水島努,横手美智子,大山鎬則、ゆきのさつき、檜山修之、川澄綾子、水橋かおり、斎賀みつき、関智一、乃村健次、石田彰,7.5,1931,https://lain.bgm.tv/r/400/pic/cover/l/b2/4d/1220_DIeUM.jpg,https://bangumi.tv/subject/1220
867,摇曳百合、,OVA,1,2019-11-13,山岸大悟,タカヒロ,三上枝織、大坪由佳、津田美波、大久保瑠美、三森すずこ、加藤英美里、藤田咲、豊崎愛生、堀江由衣,7.5,2336,https://lain.bgm.tv/r/400/pic/cover/l/7c/de/243787_b8Zgz.jpg,https://bangumi.tv/subject/243787
868,昭和元禄落语心中 OAD,OVA,2,2015-03-06,小俣真一,熊谷純,関智一、石田彰、小林ゆう、牛山茂、遊佐浩二、茶風林、山寺宏一、山口勝平、加瀬康之、斎藤恵理,7.5,905,https://lain.bgm.tv/r/400/pic/cover/l/4a/1d/110239_m06qP.jpg,https://bangumi.tv/subject/110239
869,画江湖之天罡,WEB,1,2023-12-29,任伟杰,连洁、李皖青,孟宇,7.6,379,https://lain.bgm.tv/r/400/pic/cover/l/c7/9a/396420_0S82k.jpg,https://bangumi.tv/subject/396420
870,网球甜心 剧场版,剧场版,1,1979-09-08,出﨑統,藤川桂介,,7.6,308,https://lain.bgm.tv/r/400/pic/cover/l/a4/1c/75855_4li7r.jpg,https://bangumi.tv/subject/75855
871,迷糊餐厅 第三季,TV,13,2015-07-04,鎌倉由実,伊藤美智子、吉岡たかを、霧海正悟,福山潤、小野大輔、神谷浩史、阿澄佳奈、藤田咲、喜多村英梨、渡辺久美子、広橋涼、中田譲治、川瀬晶子、白石涼子、日笠陽子、伊藤静、斎藤桃子、中村悠一、戸松遥、日野聡、岩男潤子、藤田茜、遊佐浩二、松岡禎丞、折笠愛、井上喜久子、田坂秀樹,7.5,4216,https://lain.bgm.tv/r/400/pic/cover/l/59/dc/110648_52R1q.jpg,https://bangumi.tv/subject/110648
872,电影 中二病也要谈恋爱！ -Take On Me-,剧场版,1,2018-01-06,石原立也,花田十輝,福山潤、内田真礼、赤﨑千夏、浅倉杏美、上坂すみれ、長妻樹里、仙台エリ、沖佳苗、保志総一朗、井上喜久子、福原香織、設楽麻美、天野由梨、岩男潤子,7.5,9560,https://lain.bgm.tv/r/400/pic/cover/l/d4/3b/215425_i1V31.jpg,https://bangumi.tv/subject/215425
873,故事中的故事,未知,1,1979,Ю́рий、Бори́сович、Норште́йн,,,7.6,176,https://lain.bgm.tv/r/400/pic/cover/l/3e/a6/78479_n6Be6.jpg,https://bangumi.tv/subject/78479
874,银河英雄传说 Die Neue These 星乱 第1章,剧场版,4,2019-09-27,多田俊介,吉永亜矢、谷村大四郎,宮野真守、鈴村健一、梅原裕一郎、梶裕貴、諏訪部順一、小野大輔、中村悠一、坂本真綾、花澤香菜、稲田徹、大隈健太、田中正彦、山内健嗣、千葉一伸、鷲見昂大、沢木郁也、飯塚昭三、西村知道、花輪英司、東地宏樹、古谷徹、小山剛志、斉藤次郎、沼倉愛美、松本沙羅、美波わかな、喜山茂雄、川島得愛、遠藤綾、星野充昭、三木眞一郎、鈴木達央、石川界人、大塚芳忠、岩崎征実、山路和弘、平川大輔、石原凡、二又一成、神谷浩史、高口公介、間宮康弘、安斉一博、手塚秀彰、塾一久、下山吉光,7.5,1027,https://lain.bgm.tv/r/400/pic/cover/l/b1/39/226218_sHz3z.jpg,https://bangumi.tv/subject/226218
875,朝花夕誓——于离别之朝束起约定之花,剧场版,1,2018-02-24,岡田麿里,岡田麿里,石見舞菜香、唐小喜、入野自由、櫻井優輝、斑马、周侗、茅野愛衣、段艺璇、梶裕貴、姜广涛、沢城みゆき、徐斌、細谷佳正、马正阳、佐藤利奈、刘芊含、栗本有規、日笠陽子、吟良犬、久野美咲、朱蓉蓉、杉田智和、宝木中阳、平田広明、赵成晨,7.5,9298,https://lain.bgm.tv/r/400/pic/cover/l/0e/1e/218971_PC00Z.jpg,https://bangumi.tv/subject/218971
876,恶魔阿萨谢尔在召唤你,TV,13,2011-04-08,水島努,満仲勧、谷村大四郎、後藤みどり,小野坂昌也、浪川大輔、佐藤利奈、神谷浩史、釘宮理恵、玄田哲章、中井和哉、小林ゆう、谷口節、草尾毅、藤原啓治、白石涼子、飛田展男、福島亜美、雨蘭咲木子、鈴木晶子、甲斐田裕子、山口太郎、牛田裕子,7.5,4682,https://lain.bgm.tv/r/400/pic/cover/l/4c/26/10742_ggQGw.jpg,https://bangumi.tv/subject/10742
877,逮捕令 OVA,OVA,4,1994-09-24,古橋一浩,島田満、横手美智子,玉川砂記子、平松晶子、島田敏、小桜エツコ、政宗一成,7.5,776,https://lain.bgm.tv/r/400/pic/cover/l/3e/3c/45904_0yk0l.jpg,https://bangumi.tv/subject/45904
878,摇曳百合 夏日时光！,OVA,1,2014-11-29,畑博之,横手美智子,三上枝織、大坪由佳、津田美波、大久保瑠美、藤田咲、豊崎愛生、三森すずこ、加藤英美里、後藤沙緒里、竹達彩奈、堀江由衣、実川桃子、白石涼子、内田彩、石川綾乃、斎藤千和、日高里菜、内田真礼,7.5,3264,https://lain.bgm.tv/r/400/pic/cover/l/cb/c2/99796_NV7tq.jpg,https://bangumi.tv/subject/99796
879,Love Live! 虹咲学园校园偶像同好会,TV,13,2020-10-03,河村智之,田中仁、平林佐和子、伊藤睦美、大内珠帆,矢野妃菜喜、大西亜玖璃、相良茉優、前田佳織里、久保田未夢、村上奈津実、鬼頭明里、楠木ともり、指出毬亜、田中ちえ美、石見舞菜香、本渡楓、千本木彩花、本宮佳奈、日岡なつみ、東山奈央、各務華梨、杉山里穂、市ノ瀬加那、佐々木李子、桑原由気、川井田夏海,7.5,6002,https://lain.bgm.tv/r/400/pic/cover/l/a7/35/296659_o709D.jpg,https://bangumi.tv/subject/296659
880,幻想曲,剧场版,1,1940-11-13,JamesAlgar、SamuelArmstrong、FordBeebe、NormanFerguson、JimHandley、T.Hee、WilfredJackson、HamiltonLuske、BillRoberts、PaulSatterfield,,Walt Disney,7.6,276,https://lain.bgm.tv/r/400/pic/cover/l/dc/58/64086_kYXLp.jpg,https://bangumi.tv/subject/64086
881,相反的你和我 第二季,TV,13,2026-07-05,長友孝和,内海照子、吉田好湖,坂田将吾、鈴代紗弓、谷口夢奈、平林瑚夏、岩田アンジ、島袋美由利、加藤渉、大森こころ、楠木ともり、加藤渉、藤原大智、漆山ゆうき、丹羽哲士、三野雄大、佐久間宣行、佐伯美由紀、中村源太、玉井勇輝、野路ももこ、所河ひとみ、宮島岳史、塚田悠衣、関幸司、髙橋咲貴、山下タイキ、楠木ともり,7.5,940,https://lain.bgm.tv/r/400/pic/cover/l/fa/9b/638497_85455.jpg,https://bangumi.tv/subject/638497
882,境界线上的地平线 第二季,TV,13,2012-07-07,小野学,浦畑達彦、砂山蔵澄、冨田頼子,小野大輔、沢城みゆき、茅原実里、福山潤、東山奈央、新田恵海、真堂圭、子安武人、名塚佳織、田村睦心、大橋歩夕、悠木碧、平川大輔、森永理科、斎藤千和、小清水亜美、井上麻里奈、新谷良子、小林ゆう、寿美菜子、速水奨、杉田智和、白石涼子、田村ゆかり、斎藤桃子、田中理恵、堀江由衣、又吉愛、宮下栄治、白石稔、小野大輔、豊口めぐみ、清水愛、楠大典、中原麻衣、真殿光昭、こぶしのぶゆき、楠見尚己、中田譲治、小山剛志、白鳥哲、三宅健太、安元洋貴、浅野真澄、川原慶久、三瓶由布子、桑谷夏子、山田美穂、小野坂昌也、三瓶由布子、成田剣、竹内良太、千葉進歩、柚木涼香、豊口めぐみ、大川透、桑谷夏子、大川透、豊永利行,7.5,3287,https://lain.bgm.tv/r/400/pic/cover/l/cb/e6/29307_h19Oo.jpg,https://bangumi.tv/subject/29307
883,猫汤,OVA,1,2001-02-21,佐藤竜雄,湯浅政明、佐藤竜雄,,7.5,2508,https://lain.bgm.tv/r/400/pic/cover/l/a0/9e/4028_bybZS.jpg,https://bangumi.tv/subject/4028
884,名侦探柯南,TV,0,未知,こだま兼嗣、山本泰一郎、佐藤真人、於地紘仁、山本泰一郎、於地紘仁、山本泰一郎、山本泰一郎、鎌仲史陽,古内一成、宮下隼一、井上敏樹、日暮裕一、平野靖士、於地紘仁、大野武雄、扇澤延男、まさきひろ、金子裕、島田満、桜井正明、阿部雅司、野上和男、加藤陽一、三上幸四郎、村川康敏、松田千里、岡部優子、浦沢義雄、石川あさみ、森下直、岡崎由紀子、辻真先、利波創造、松浦錠平、大倉崇裕、小澤俊介、山田豊、梶原阿貴、櫻井武晴、山本泰一郎、こだま兼嗣、佐藤真人、横谷昌宏、能塚裕喜、櫻井美知代、前川淳、福嶋幸典、柏原寛司、本多康之、稲本達郎、飯岡順一、大川俊道、大和屋暁、望月武,高山みなみ、曾允凡、姚敏敏、方雪莉、蔣篤慧、李世荣、馮友薇、小山力也、神谷明、魏伯勤、孫中台、官志宏、图特哈蒙、曹冀魯、林原めぐみ、魏晶琦、佟心竹、阎萌萌、山崎和佳奈、岡村明美、楊凱凱、呂佩玉、季冠霖、沈欣如、山口勝平、高山みなみ、阿杰、劉傑、井上和彦、塩沢兼人、魏伯勤、楊凱凱、官志宏、劉傑、天野由梨、長沢美樹、幽舞越山、呂佩玉、楊凱凱、矢尾一樹、堀内賢雄、徐健春、置鮎龍太郎、瞳音、吳文民、野島昭生、魏伯勤、島津冴子、陶敏嫻、大谷育江、魏晶琦、高畑淳子、梅田贵公美、矢作紗友里、松本さち、植田佳奈、遠藤綾、増谷康紀、小西克幸、天田益男、塩屋翼、島﨑信長、高橋広樹、中友子、阪口大助、浅川悠、沖佳苗、三浦祥朗、山口りゅう、雨蘭咲木子、真山亜子、成田剣、石上静香、保村真、小田久史、櫻井トオル、安元洋貴、郝祥海、水樹奈々、青山桐子、小林由美子、寿美菜子、花守ゆみり、龍田直樹、武内健、幸野善之、松風雅也、雨宮天、泰勇気、笠原留美、廣瀬武央、洲崎綾、岩居由希子、馮嘉德、楊凱凱、陶敏嫻、許淑嬪、姚敏敏、林凱羚、大谷育江、折笠愛、李景唐、楊凱凱、呂佩玉、魏晶琦、高木渉、劉傑、官志宏、吳文民、田中一成、緒方賢一、魏晶琦、官志宏、吳文民、李景唐、徐健春、魏伯勤、符爽、茶風林、魏伯勤、符爽、徐健春、吳文民、松井菜桜子、許淑嬪、陶敏嫻、楊凱凱、馮友薇、馮嘉德、姚敏敏、檜山修之、常进、吳文民、徐健春、劉傑、魏晶琦、大塚明夫、劉傑、加藤精三、劉傑、官志宏、魏伯勤、孙星、高島雅羅、蔣篤慧、許淑嬪、方雪莉、陶敏嫻、馮嘉德、楊凱凱、折笠愛、楊凱凱、陶敏嫻、田中秀幸、刘若班、陈思宇、官志宏、于正昇、魏伯勤、吳文民、島本須美、高畑淳子、楊凱凱、陶敏嫻、方雪莉、魏晶琦、张喆、許淑嬪、林凱羚、堀川りょう、符爽、吳文民、魏伯勤、官志宏、曹冀魯、魏晶琦、赵毅、宮村優子、姚敏敏、方雪莉、曾允凡、陶敏嫻、蔣篤慧、沈欣如、山口勝平、魏伯勤、官志宏、曹冀魯、阿杰、石塚運昇、石井康嗣、徐健春、赵铭洲、孫中台、劉傑、松岡文雄、吳文民、一柳みる、魏晶琦、蔣篤慧、楊凱凱、元井須美子、鈴鹿千春、馮友薇、方雪莉、林凱羚、富田耕生、佐藤正治、永井一郎、郑炼、吳文民、徐健春、山路和弘、小山武宏、劉傑、汤水雨、官志宏、吳文民、孫中台、徐健春、勝生真沙子、陶敏嫻、方雪莉、馮嘉德、小川真司、佐古正人、てらそままさき、陈喆、徐健春、劉傑、若本規夫、小野坂昌也、徐健春、吳文民、劉傑、万力、村瀬迪与、古川登志夫、徐健春、官志宏、王晨光、劉傑、于正昇、高田裕司、万力、小清水亜美、杨凝、蔣篤慧、楊凱凱、岡本信彦、速水奨、吳文民、汤水雨、劉傑、冬馬由美、一城みゆ希、四刀辉彰、方雪莉、魏晶琦、蔣篤慧、置鮎龍太郎、池田秀一、梶裕貴、尹立泽、宝木中阳、家弓家正、土師孝也、劉傑、林强、曹冀魯、官志宏、魏伯勤、徐健春、乃村健次、梁田清之、吳文民、陈喆、日髙のり子、常蓉珊、楊凱凱、本田貴子、田中敦子、魏晶琦、张丽敏、甲斐田ゆき、森川智之、吳文民、叶知秋、惠龙、山寺宏一、周健、三木眞一郎、杨天翔、劉傑、神奈延年、官志宏、李世揚、边江、古谷徹、草尾毅、伊瀬茉莉也、藤新、藤原啓治、東地宏樹、吳文民、刘北辰、緑川光、金元寿子、姜广涛、阎么么、姜英俊、曹冀魯、杨昕燃、李轻扬、飛田展男、皇贞季、吳文民、大塚芳忠、立木文彦、徐健春、吳文民、官志宏、郝祥海、劉傑、井上喜久子、乔菲菲、魏晶琦、陶敏嫻、小山茉美、陶敏嫻、张凯、蔣篤慧、堀之紀、图特哈蒙、曹冀魯、劉傑、官志宏、魏伯勤、符爽、木下浩之、徐健春、官志宏、郭盛、劉傑、中村悠一、汤水雨、林原めぐみ、鈴木弘子、魏晶琦、楊凱凱、伍凤春、勝生真沙子、玉川砂記子、許淑嬪、魏晶琦、陶敏嫻、白雪岑、月夜桥、岸野幸正、曹冀魯、刘琮、平野文、常蓉珊、魏晶琦、千葉繁、劉傑、陈思宇、冨永みーな、祝敏、加藤有生子、蔣篤慧、陶敏嫻、四刀辉彰、松岡由貴、白鳥由里、蔣篤慧、阎么么、高木渉、黃天佑、官志宏、叮当、劉傑、千葉一伸、愛河里花子、官志宏、魏伯勤、徐健春、魏晶琦、曹冀魯、张磊、湯屋敦子、魏晶琦、陶敏嫻、杨希、杉本ゆう、方雪莉、楊凱凱、陶敏嫻、傅其慧、月夜桥、大川透、徐健春、田中理恵、蔣篤慧、山新、徐佳琦、大塚明夫、徐健春、劉傑、傅晨阳、沢城みゆき、田中敦子、蔺婵婵、ゆきのさつき、巩大方、楊凱凱、小野大輔、吳文民、彭尧、堀秀行、官志宏、劉傑、百々麻子、陶敏嫻、馮嘉德、魏晶琦、蔣篤慧、赵双、榎本充希子、阎么么、陶敏嫻、魏晶琦、楊凱凱、篠原恵美、方雪莉、松本梨香、魏晶琦、方雪莉、蔣篤慧、丹下桜、楊凱凱、魏晶琦、本多知恵子、増山江威子、陶敏嫻、浅川悠、陶敏嫻、辻谷耕史、官志宏、郝祥海、櫻井孝宏、曹冀魯、徳弘夏生、魏伯勤、郝祥海、劉傑、塩屋浩三、官志宏、魏伯勤、置鮎龍太郎、赵岭、吳文民、野田順子、劉傑、蔣篤慧、三石琴乃、陶敏嫻、楊凱凱、小连杀、馮嘉德、小山力也、吳文民、沢城みゆき、折笠愛、許淑嬪、常蓉珊、早水リサ、陶敏嫻、深見梨加、林凱羚、高橋美紀、陶敏嫻、廣田行生、魏伯勤、徐健春、村松康雄、劉傑、岩田光央、吳文民、子安武人、岡本麻弥、馮友薇、方雪莉、荒木香衣、吉田小南美、姚敏敏、大塚芳忠、本多知恵子、馮友薇、井上倫宏、官志宏、後藤哲夫、唐沢潤、永井一郎、大木民夫、田村ゆかり、久川綾、渡部猛、引田有美、永澤菜教、千葉一伸、まるたまり、辻親八、花田光、方雪莉、中田譲治、劉傑、大塚芳忠、根谷美智子、田野めぐみ、茅野愛衣、大地葉、皆口裕子、間島淳司、戸松遥、小松未可子、蔣篤慧、桑島法子、倉田雅世、楊凱凱、陶敏嫻、楊凱凱、かかずゆみ、杉山紀彰、かぬか光明、寺崎裕香、佳穂成美、蔺婵婵、今野宏美、井上麻里奈、氷上恭子、白川周作、細谷佳正、水島大宙、石森達幸、林原めぐみ、魏晶琦、千賀光莉、戈昕宇、松岡禎丞、李绍刚、武蔵真之介、胡霖、恒松あゆみ、石田彰、吳文民、劉傑、官志宏、池田秀一、徐健春、吳文民、高山みなみ、岩居由希子、姚敏敏、林凱羚、陶敏嫻、楊凱凱、秋元羊介、肝付兼太、曹冀魯、徐健春、劉傑、吳文民、岩居由希子、魏晶琦、曾允凡、方雪莉、蔣篤慧、津田健次郎、惠龙、官志宏、遊佐浩二、陈家恒、吳文民、倉木麻衣、高山みなみ、永野椎菜、上戸彩、松尾貴史、佐藤しのぶ、矢崎文也、麦人、チョー、青森伸、横山智佐、保志総一朗、官志宏、劉傑、あきやまるな、梁田清之、巻島直樹、深田愛衣、望田ひまり、豊島まさみ、堀川りょう、伊倉一恵、玉川砂記子、飛田展男、檀臣幸、釘宮理恵、川島得愛、佐藤聡美、悠木碧、阿部敦、後藤邑子、釘宮理恵、大原さやか、こおろぎさとみ、ゆかな、かないみか、高野直子、久野美咲、田野アサミ、小島幸子、松岡由貴、楊凱凱、田口宏子、三ツ矢雄二、松野太紀、千葉一伸、高木渉、李世揚、魏伯勤、吳文民、曹冀魯、于正昇、劉傑、水内清光、神田和佳、池本小百合、日比愛子、引田有美,7.5,11463,https://lain.bgm.tv/r/400/pic/cover/l/01/88/899_REwVW.jpg,https://bangumi.tv/subject/899
885,横滨购物纪行,OVA,2,1998-05-21,安濃高志,芦奈野ひとし（アフタヌーン連載／講談社刊）、山形厚史,椎名へきる、陶山章央、中川亜紀子、陶山章央、杉田郁子、岡和男,7.5,1524,https://lain.bgm.tv/r/400/pic/cover/l/d5/77/9713_nMSZT.jpg,https://bangumi.tv/subject/9713
886,赛马娘 Pretty Derby 新时代之门,剧场版,1,2024-05-24,山本健,吉村清子,藤本侑里、上坂すみれ、小倉唯、福嶋晴菜、徳井青空、松井恵理子、和多田美咲、中村カンナ、緒方賢一、本泉莉奈、伊駒ゆりえ、仁見紗綾、櫻井みゆき、高柳知葉、木村千咲、山本希望、鈴木絵理、首藤志奈、津田美波、香坂さき、石見舞菜香、咲々木瞳、篠原侑、鈴木みのり、佐伯伊織、岡咲美保、陶山恵実里、朴璐美、土田大、春日さくら,7.5,4024,https://lain.bgm.tv/r/400/pic/cover/l/56/78/472620_DQg3H.jpg,https://bangumi.tv/subject/472620
887,凭物语,TV,4,2014-12-31,板村智幸,木澤行人、中本宗応,神谷浩史、早見沙織、坂本真綾、喜多村英梨、井口裕香、白石涼子、水橋かおり、子安武人、斎藤千和,7.5,7955,https://lain.bgm.tv/r/400/pic/cover/l/6c/68/115932_iPZ50.jpg,https://bangumi.tv/subject/115932
888,来自风平浪静的明天,TV,26,2013-10-03,篠原俊哉,岡田麿里、横手美智子、吉野弘幸、和場明子、根元歳三、西村純二,花江夏樹、潘めぐみ、花澤香菜、茅野愛衣、逢坂良太、石川界人、小松未可子、石原夏織、名塚佳織、松岡禎丞、鳥海浩輔、間島淳司、川田紳司、天田益男、清川元夢、石上静香,7.5,9030,https://lain.bgm.tv/r/400/pic/cover/l/16/29/47889_gZy58.jpg,https://bangumi.tv/subject/47889
889,圣战士登拜因,TV,49,1983-02-05,富野由悠季、矢立肇,富野由悠季、渡辺由自、富田祐弘,中原茂、川村万梨阿、土井美加、安宅誠、高田由美、高橋美紀、佐々木るん、速水奨、大木正司、田中正彦、大塚智子、火野カチ子、西村知道、立木文彦、吉田理保子,7.6,378,https://lain.bgm.tv/r/400/pic/cover/l/f9/d3/10402_a4kK1.jpg,https://bangumi.tv/subject/10402
890,荒川爆笑团,TV,13,2010-04-04,新房昭之,三重野瞳,斎藤千和、神谷浩史、坂本真綾、子安武人、藤原啓治、杉田智和、大塚芳忠、小見川千明、斎藤千和、沢城みゆき、中村悠一、立木文彦、後藤邑子、三瓶由布子、新谷良子、小山力也、チョー、田中理恵、小林ゆう,7.5,8276,https://lain.bgm.tv/r/400/pic/cover/l/70/c4/2464_ZwB1N.jpg,https://bangumi.tv/subject/2464
891,星界的战旗II,TV,10,2001-07-11,長岡康史,竹田裕一郎,川澄綾子、今井由香、塩沢兼人、小杉十郎太、清水香里、大塚明夫、千葉進歩、井上和彦、深見梨加、斎賀みつき、山田美穂、鈴鹿千春、木村雅史,7.6,428,https://lain.bgm.tv/r/400/pic/cover/l/fd/34/9618_WeGkL.jpg,https://bangumi.tv/subject/9618
892,星界的战旗III,OVA,2,2005-08-26,長岡康史,むとうやすゆき,川澄綾子、今井由香、清水香里、大塚明夫、山田美穂,7.6,367,https://lain.bgm.tv/r/400/pic/cover/l/e4/f6/9619_k6xxO.jpg,https://bangumi.tv/subject/9619
893,剧场版宝可梦: 水都的守护神 拉帝亚斯与拉帝欧斯,剧场版,1,2002-07-13,湯山邦彦,園田英樹,大谷育江、松本梨香、傅其慧、犬山イヌコ、林原めぐみ,7.5,1553,https://lain.bgm.tv/r/400/pic/cover/l/0c/df/3026_Hbt91.jpg,https://bangumi.tv/subject/3026
894,飙马野郎 JOJO的奇妙冒险 第一赛段,WEB,1,2026-03-19,木村泰大、髙橋秀弥,小林靖子,坂田将吾、阿座上洋平、石川界人、高橋李依、水中雅章、三宅健太、三宅健太、松田健一郎,7.5,2944,https://lain.bgm.tv/r/400/pic/cover/l/31/06/551918_k5ppS.jpg,https://bangumi.tv/subject/551918
895,恶魔阿萨谢尔在召唤你Z,TV,13,2013-04-06,水島努,後藤みどり、谷村大四郎,小野坂昌也、浪川大輔、佐藤利奈、神谷浩史、釘宮理恵、小林ゆう、小杉十郎太、草尾毅、谷山紀章、白石涼子、福島亜美、雨蘭咲木子、鈴木晶子、甲斐田裕子、逢坂良太、三木眞一郎、豊永利行、山口太郎、金田朋子、木村良平、大塚明夫,7.5,3085,https://lain.bgm.tv/r/400/pic/cover/l/a5/7c/53984_TeT2Y.jpg,https://bangumi.tv/subject/53984
896,灌篮高手 全国制霸吧！樱木花道,剧场版,1,1994-08-20,有迫俊彦,菅良幸,置鮎龍太郎、陳彥鈞、草尾毅、西村知道,7.5,543,https://lain.bgm.tv/r/400/pic/cover/l/ee/23/3732_cV633.jpg,https://bangumi.tv/subject/3732
897,双恋 Alternative,TV,13,2005-04-06,平尾隆之,金月龍之介、寺東克己、近藤光、佐藤和治,水橋かおり、門脇舞以、関智一、堀江由衣、小清水亜美、伊月ゆい、綱掛裕美、長谷川静香、友利花、吉住梢、桑谷夏子、たかはし智秋、三五美奈子、チョー、広瀬正志、檜山修之、保村真、乃村健次、中西裕美子、真山亜子、伊藤栄次、三宅健太、野島裕史、大川透,7.5,1541,https://lain.bgm.tv/r/400/pic/cover/l/38/18/2643_IiIUQ.jpg,https://bangumi.tv/subject/2643
898,特别篇 吹响吧！上低音号～合奏比赛～,剧场版,1,2023-08-04,石原立也,花田十輝,黒沢ともよ、朝井彩加、豊田萌絵、安済知佳、藤村鼓乃美、山岡ゆり、種﨑敦美、東山奈央、石谷春貴、大橋彩香、雨宮天、七瀬彩夏、久野美咲、杉浦しおり、櫻井孝宏,7.5,6683,https://lain.bgm.tv/r/400/pic/cover/l/d0/d0/386195_E67b7.jpg,https://bangumi.tv/subject/386195
899,蜘蛛侠 第一季,TV,13,1994-11-19,未知,Avi Arad,Christopher Daniel Barnes、Hank Azaria、Roscoe Lee Browne,7.6,309,https://lain.bgm.tv/r/400/pic/cover/l/cf/ae/130131_52h3p.jpg,https://bangumi.tv/subject/130131
900,小蝌蚪找妈妈,剧场版,1,1960,特伟、钱家骏、唐澄,根据方慧珍、盛璐德原著改编,,7.5,1183,https://lain.bgm.tv/r/400/pic/cover/l/73/e9/35632_I046Y.jpg,https://bangumi.tv/subject/35632
901,黄金神威,TV,12,2018-04-09,難波日登志,入江信吾、柳井祥緒、谷村大四郎、高木登、吉永亜矢、イシノアツオ,小林親弘、林谷珍、白石晴香、許淑嬪、伊藤健太郎、蔣鐵城、大塚芳忠、李景唐、津田健次郎、劉傑、細谷佳正、李景唐、中田譲治、劉傑、乃村健次、蔣鐵城、菅生隆之、于正昌、てらそままさき、于正昌、大塚明夫、劉傑、杉田智和、于正昌、一城みゆ希、陳筱寧、大原さやか、許淑嬪、関俊彦、于正昌、竹本英史、劉傑、能登麻美子、陳筱寧、杉田智和、于正昌、たくみ靖明、蔣鐵城、青山穣、于正昌、山本兼平、李景唐、朝井彩加、孫欣瑜、斧アツシ、劉傑、稲田徹、蔣鐵城、手塚ヒロミチ、李景唐、田所陽向、劉傑、笠間淳、蔣鐵城、新垣樽助、于正昌、相馬康一、綿貫竜之介、林谷珍、石谷春貴、蔣鐵城、梅津秀行、于正昌、柳田淳一、山本格、于正昌、田中完、立木文彦、劉傑,7.5,4450,https://lain.bgm.tv/r/400/pic/cover/l/0d/59/221127_v6nv6.jpg,https://bangumi.tv/subject/221127
902,新 吊带袜天使,TV,13,2025-07-09,今石洋之,今石洋之、若林広海、うえのきみこ、山崎莉乃、コヤマシゲト、五十嵐海、古川晟、雨宮哲、石橋昂久,小笠原亜里沙、白熊寛嗣、土師孝也、伊瀬茉莉也、吉野裕行、川田紳司、石井康嗣、中村たかし、夏吉ゆうこ、勝生真沙子、小松由佳、渡辺明乃、榎木淳弥、上村祐翔、青山吉能、小松昌平、斉藤貴美子、森嶋秀太、中村源太、阪口周平、中村源太、楠大典、高橋広樹、甲斐田裕子、阪口周平、夏吉ゆうこ、木村太飛、小松昌平、中村源太、野島健児、前島亜美、青山穣、小山力也、広田みのる、四宮豪、桜井敏治、安原義人、幸田直子、四宮豪、関俊彦、藤井隼、飛田展男、戸谷菊之介、稲田徹、置鮎龍太郎、風間勇刀、廣田行生、咲野俊介、日笠陽子、青木強、水野亜美、小西克幸、森川智之、玄田哲章、堀内賢雄、湯屋敦子、千葉繁、田所あずさ、泊明日菜、三木眞一郎、夏吉ゆうこ、雨宮哲,7.5,6851,https://lain.bgm.tv/r/400/pic/cover/l/52/88/390555_11QS3.jpg,https://bangumi.tv/subject/390555
903,妄想学生会＊ OVA,OVA,1,2014-10-22,金澤洪充,金澤洪充,浅沼晋太郎、日笠陽子、佐藤聡美、矢作紗友里、小林ゆう、小見川千明、加藤英美里、田村睦心、斎藤千和、安済知佳,7.5,2581,https://lain.bgm.tv/r/400/pic/cover/l/ad/97/116225_hp7Pv.jpg,https://bangumi.tv/subject/116225
904,拾荒者统治,WEB,12,2023-10-19,Joseph、Bennett,Joseph Bennett,,7.5,1148,https://lain.bgm.tv/r/400/pic/cover/l/a0/63/443179_d6yYB.jpg,https://bangumi.tv/subject/443179
905,Fate/stay night [Unlimited Blade Works] 第二季,TV,13,2015-04-04,三浦貴博,佐藤和治、一ノ瀬樹、桧山彬、ufotable、三浦貴博、ufotable,川澄綾子、杉山紀彰、諏訪部順一、植田佳奈、関智一、門脇舞以、神谷浩史、中田譲治、神奈延年、田中敦子、てらそままさき、福島潤、真殿光昭、七緒はるひ、伊藤静、伊藤美紀、水沢史絵、宮川美保、浪川大輔,7.5,18743,https://lain.bgm.tv/r/400/pic/cover/l/b2/e7/109386_q20wy.jpg,https://bangumi.tv/subject/109386
906,新干线变形机器人,TV,76,2018-01-06,池添隆博、板井寛樹,神山修一、大知慶一郎、山下憲一、下山健人,佐倉綾音、沼倉愛美、村川梨衣、吉村那奈美、逢坂良太、うえだゆうじ、竹達彩奈、杉田智和、雨宮天、緑川光、細谷佳正、J. Maxwell Powers、真堂圭、藤田咲、松井恵理子、市来光弘、合田絵利、合田絵利、日野佑美、古島清孝、遠藤さき、長谷川暖、伊原正明、北沢洋、天﨑滉平、観世智顕、辻井健吾、うえだゆうじ、山寺宏一、清水理沙、美波わかな、高階俊嗣、山内健嗣、増田俊樹、浪川大輔、緒方恵美、林原めぐみ、宮村優子、三石琴乃、岩男潤子、美波わかな,7.7,139,https://lain.bgm.tv/r/400/pic/cover/l/9e/8a/227240_ere7e.jpg,https://bangumi.tv/subject/227240
907,甜甜私房猫,TV,104,2008-03-31,増原光幸,金春智子、武上純希、増原光幸、有原誠治、筆安一幸、浜崎博嗣、西川真剛、小島正幸、浅香守生,こおろぎさとみ、日髙のり子,7.5,1006,https://lain.bgm.tv/r/400/pic/cover/l/eb/b7/1511_HGgkK.jpg,https://bangumi.tv/subject/1511
908,迷糊餐厅,TV,13,2010-04-04,平池芳正,中瀬理香、平池芳正、兵頭一歩、木村暢,福山潤、小野大輔、神谷浩史、阿澄佳奈、藤田咲、喜多村英梨、渡辺久美子、広橋涼、中田譲治、川瀬晶子、白石涼子、日笠陽子,7.5,7112,https://lain.bgm.tv/r/400/pic/cover/l/87/db/4255_jm37v.jpg,https://bangumi.tv/subject/4255
909,雪孩子,剧场版,1,1980,林文肖,嵇鸿,,7.5,1066,https://lain.bgm.tv/r/400/pic/cover/l/7c/da/5864_1DZDF.jpg,https://bangumi.tv/subject/5864
910,萤火虫之墓,剧场版,1,1988-04-16,高畑勲,高畑勲,辰巳努、劉明勳、于正昇、官志宏、何志威、鍾少庭、白石绫乃、林美秀、許淑嬪、李昀晴,7.5,4341,https://lain.bgm.tv/r/400/pic/cover/l/4f/6f/382_MjyM2.jpg,https://bangumi.tv/subject/382
911,南方公园 第7季,TV,15,2003-03-19,未知,Trey Parker,Matt Stone、Trey Parker、Matt Stone、Mona Marshall,7.6,180,https://lain.bgm.tv/r/400/pic/cover/l/3f/13/60606_7KU67.jpg,https://bangumi.tv/subject/60606
912,Re：从零开始的异世界生活 第四季 夺还篇,TV,8,2026-08-12,篠原正寛,KADOKAWA刊）,小林裕介、高橋李依、村川梨衣、新井里美、鈴木絵理、植田佳奈、江口拓也、ファイルーズあい、杉田智和、小原好美、河西健吾、河西健吾,7.7,121,https://lain.bgm.tv/r/400/pic/cover/l/43/ca/633836_ql0f3.jpg,https://bangumi.tv/subject/633836
913,剧场版 妄想学生会,剧场版,2,2017-07-21,金澤洪充,氏家ト全、金澤洪充,浅沼晋太郎、日笠陽子、佐藤聡美、矢作紗友里、斎藤千和、下田麻美、小林ゆう、小見川千明、新井里美、加藤英美里、田村睦心、白石稔、田中あいみ、日野未歩、椎名へきる、上坂すみれ、加藤英美里、平野文、ブリドカットセーラ恵美、利根健太朗、安済知佳,7.5,3350,https://lain.bgm.tv/r/400/pic/cover/l/b2/dc/200887_lRczc.jpg,https://bangumi.tv/subject/200887
914,剧场版 妄想学生会2,剧场版,1,2021-01-01,金澤洪充,金澤洪充,浅沼晋太郎、日笠陽子、佐藤聡美、矢作紗友里、斎藤千和、下田麻美、小見川千明、加藤英美里、田村睦心、白石稔、日野未歩、椎名へきる、上坂すみれ、平野文、利根健太朗、岡咲美保、安済知佳,7.5,2119,https://lain.bgm.tv/r/400/pic/cover/l/71/27/295918_x6V11.jpg,https://bangumi.tv/subject/295918
915,星之梦～星之人～,剧场版,1,2016-09-03,津田尚克,ヤスカワショウゴ、津田尚克,すずきけいこ、小野大輔、大木民夫、福沙奈恵、日笠陽子、津田美波,7.5,3847,https://lain.bgm.tv/r/400/pic/cover/l/5e/b1/178884_5tZ0I.jpg,https://bangumi.tv/subject/178884
916,大室家 亲爱的朋友们,剧场版,1,2024-06-21,龍輪直征,横谷昌宏,加藤英美里、斎藤千和、日高里菜、倉知玲鳳、伊藤彩沙、古賀葵、上坂すみれ、東山奈央、悠木碧、三森すずこ,7.5,1528,https://lain.bgm.tv/r/400/pic/cover/l/51/28/448657_r0ZYm.jpg,https://bangumi.tv/subject/448657
917,向阳之树,TV,25,2000-04-04,杉井ギサブロー,高屋敷英夫、水上清資、川嶋澄乃、大久保智康、浦畑達彦,宮本充、山寺宏一、折笠富美子、松本梨香、三石琴乃,7.9,60,https://lain.bgm.tv/r/400/pic/cover/l/43/5e/37232_57IKl.jpg,https://bangumi.tv/subject/37232
918,宇宙战舰大和号2199 第三章「无尽的航海」,剧场版,4,2012-10-13,未知,大野木寛、村井さだゆき,小野大輔、桑島法子、鈴村健一、菅生隆之、千葉繁、大塚芳忠、麦人、山寺宏一、細谷佳正、田中理恵、久川綾,7.6,225,https://lain.bgm.tv/r/400/pic/cover/l/31/7c/47731_Gnm2h.jpg,https://bangumi.tv/subject/47731
919,摸索吧！部活剧 再来一个,TV,12,2014-01-11,石ダテコー太郎,山口正武、石ダテコー太郎、高橋聡之,西明日香、明坂聡美、荻野可鈴、大橋彩香、上田麗奈、上田麗奈、上田麗奈、上田麗奈、上田麗奈、上田麗奈、上田麗奈、上田麗奈、上田麗奈、上田麗奈、上田麗奈、上田麗奈、上田麗奈、水原薫,7.5,993,https://lain.bgm.tv/r/400/pic/cover/l/dc/cd/91987_gfq7P.jpg,https://bangumi.tv/subject/91987
920,银河铁道999 剧场版,剧场版,1,1979-08-04,りんたろう,石森史郎,池田昌子、野沢雅子、井上真樹夫、肝付兼太、田島令子、信沢三恵子、麻生美代子、麻上洋子,7.5,443,https://lain.bgm.tv/r/400/pic/cover/l/0b/51/23307_l67OO.jpg,https://bangumi.tv/subject/23307
921,宝可梦 太阳&月亮,TV,146,2016-11-17,冨安大貴,松井亜弥、冨岡淳広、面出明美、関根アユミ、米村正二、藤咲淳一、宮田由佳、大久保昌弘、平出尚人、吉川兆二,松本梨香、大谷育江、真堂圭、詹雅菁、伍凯立、菊地瞳、上田麗奈、劉如蘋、钟可、石川界人、武隈史子、浪川大輔、堀内賢雄、石塚運昇、飯塚雅弓、傅其慧、福山潤、木下紗華、岡本信彦、竹内順子、優希知冴、諸星すみれ、中川慶一、藤村知可、堀内賢雄、石塚運昇、犬山イヌコ、林原めぐみ、三木眞一郎、うえだゆうじ、檜山修之、沢城みゆき、内野孝聡、櫻井トオル、朝日奈丸佳、堀総士郎、國立幸、うえだゆうじ、うえだゆうじ、豊島まさみ、ふくまつ進紗、喜田あゆ美、渋谷彩乃、三宅健太、興津和幸、うえだゆうじ、清水理沙、愛河里花子、瀬戸麻沙美、藤村知可、三宅健太、浅井清己、小清水亜美、櫻井しおり、古谷徹、羽佐間道夫、釘宮理恵、佐々木望、西村ちなみ、美波わかな、北原沙弥香、Lynn、羽佐間道夫、千葉雄大、沖野晃司、最上嗣生,7.5,1548,https://lain.bgm.tv/r/400/pic/cover/l/8c/a3/192680_uFsyD.jpg,https://bangumi.tv/subject/192680
922,紫罗兰永恒花园 外传 - 永远与自动手记人偶 -,剧场版,1,2019-09-06,藤田春香,鈴木貴昭、浦畑達彦,石川由依、叶知秋、寿美菜子、月夜桥、悠木碧、巩大方、内山昂輝、苏尚卿、子安武人、宝木中阳、遠藤綾、小连杀、茅原実里、沈欣如、戸松遥、常蓉珊、田所あずさ、杨凝、武田華、阎么么、各務立基、郑炼、齋藤綾、黑特、斉藤次郎、佐久間元輝、图特哈蒙、慶長佑香、熊谷海麗、桜木可奈子,7.5,10801,https://lain.bgm.tv/r/400/pic/cover/l/f0/15/280837_L6VeG.jpg,https://bangumi.tv/subject/280837
923,老鼠的麻烦,剧场版,1,1944-11-23,William、Hanna、Joseph、Barbera,威廉·汉纳,,7.6,160,https://lain.bgm.tv/r/400/pic/cover/l/2d/ec/132370_4a1qD.jpg,https://bangumi.tv/subject/132370
924,猫怪麦克,TV,45,1988-04-15,小林まこと,,,7.7,101,https://lain.bgm.tv/r/400/pic/cover/l/09/85/7667_wgRPy.jpg,https://bangumi.tv/subject/7667
925,平稳世代的韦驮天们,TV,11,2021-07-22,城所聖明,瀬古浩司,朴璐美、緒方恵美、堀江由衣、岡村明美、石田彰、伊藤静、瀬戸麻沙美、石上静香、天田益男、チョー、伊瀬茉莉也、本名陽子、宮本充、木村良平、小林ゆう、牧野由依、置鮎龍太郎、福原綾香、徳井青空、かぬか光明、近藤玲奈、龍田直樹、上坂すみれ、加瀬康之、山本正剛、富田美憂、山野井仁、下野紘、石住昭彦、徳本英一郎、井上和彦,7.5,6107,https://lain.bgm.tv/r/400/pic/cover/l/15/af/312723_5SGC6.jpg,https://bangumi.tv/subject/312723
926,男子高中生的日常 特典,OVA,6,2012-04-03,未知,,入野自由、杉田智和、鈴村健一、浪川大輔、岡本信彦、諏訪部順一、池澤春菜、森久保祥太郎、悠木碧、石田彰、安元洋貴、小清水亜美,7.5,3033,https://lain.bgm.tv/r/400/pic/cover/l/19/fc/72767_25x5g.jpg,https://bangumi.tv/subject/72767
927,花开伊吕波,TV,26,2011-04-03,安藤真裕,岡田麿里、西村純二、浦畑達彦、樋口達人、小柳啓伍,伊藤かな恵、小見川千明、豊崎愛生、戸松遥、能登麻美子、梶裕貴、諏訪部順一、久保田民絵、本田貴子、間島淳司、日笠陽子、浜田賢二、山口太郎、恒松あゆみ、チョー、本田貴子、伊藤かな恵、木村良平、南條愛乃、きみコ,7.5,12710,https://lain.bgm.tv/r/400/pic/cover/l/56/2d/22759_A5N6H.jpg,https://bangumi.tv/subject/22759
928,BanG Dream! 少女乐团派对！☆PICO,TV,26,2018-07-05,宮嶋星矢,林昌宏、宮嶋星矢、森井ケンシロウ,愛美、大塚紗英、西本りみ、大橋彩香、伊藤彩沙、佐倉綾音、三澤紗千香、加藤英美里、日笠陽子、金元寿子、前島亜美、小澤亜李、上坂すみれ、中上育実、秦佐和子、相羽あいな、工藤晴香、中島由貴、櫻川めぐ、明坂聡美、伊藤美来、田所あずさ、吉田有里、豊田萌絵、黒沢ともよ、尾崎由香、洲崎綾,7.5,3149,https://lain.bgm.tv/r/400/pic/cover/l/08/fd/246431_2Ya25.jpg,https://bangumi.tv/subject/246431
929,剑来,WEB,26,2024-08-15,烽火戏诸侯,屈亦张、夏应哲、左晓慧,杏林儿、陈张太康、李敏、陈浩、云惟一、惠龙、万舒心、贺文潇、刘校妤、凌振赫、凌振赫、白雪岑、黄嘉炜、杨默、杨默、杨天翔、赵铭洲、赵毅、张惠霖、锦鲤、黄莺,7.5,916,https://lain.bgm.tv/r/400/pic/cover/l/1c/50/345825_CP6Fc.jpg,https://bangumi.tv/subject/345825
930,中华小当家,TV,52,1997-04-27,案納正美,菅良幸、岸間信明、戸田博史,田中真弓、王旻瑛、許雲雲、李明幸、ゆきのさつき、馮美麗、彭月春、許涵茵、置鮎龍太郎、嶋方淳子、黃紹彬、林鈺婷、姚敏敏、陳進益、坂本千夏、林鈺婷、傅暐霖、姚敏敏、家中宏、陳幼文、楊明剛、黃天佑、周寧、野田順子、神奈延年、黃紹彬、林鈺婷、林谷珍、陳進益、姚敏敏、大塚明夫、黃振尉、陳進益、石森達幸、賴家昌、官志宏、塩屋翼、鍾少庭、陳進益、黃振尉、岡本麻弥、林鈺婷、傅暐霖、馮美麗、阪口大助、岩永哲哉、姚敏敏、劉韶蕙、鍾少庭、速水奨、賴家昌、周寧、引田有美、姚敏敏、林鈺婷、吉田理保子、馮美麗、彭月春、小杉十郎太、楊明剛、官志宏、大場真人、田中正彦、官志宏、周寧、楊明剛、池本小百合、彭月春、森川智之、官志宏、賴家昌、江川央生、楊明剛、周寧、緒方賢一、周寧、楊明剛、佐藤正治、黃振尉、楊明剛、官志宏、中田譲治、官志宏、黃振尉、古田信幸、賴家昌、周寧、深水由美、姚敏敏、林鈺婷、堀之紀、賴家昌、周寧、一城みゆ希、姚敏敏、林鈺婷、天野由梨、彭月春、さとうあい、彭月春、馮美麗、山下啓介、周寧、楊明剛、冬馬由美、姚敏敏、劉韶蕙、秋元羊介、楊明剛、周寧、山野史人、賴家昌、官志宏、中田和宏、官志宏、黃振尉、桑島法子、姚敏敏、林鈺婷、曽我部和恭、賴家昌、陳進益、高木早苗、馮美麗、彭月春、辻谷耕史、黃振尉、周寧、佐藤佑暉、黃紹彬、陳進益、藤井佳代子、許雲雲、林鈺婷、岸野一彦、官志宏、楊明剛、岡本麻弥、姚敏敏、劉韶蕙、石井康嗣、周寧、黃振尉、沢木郁也、黃紹彬、辻親八、賴家昌、平野正人、黃振尉、茶風林、黃紹彬、木村佳乃、徳永悦子、姚敏敏、林鈺婷、田中和実、陳進益、黃振尉、永井寛孝、中嶋聡彦、中田譲治、楊明剛、天田益男、楊明剛、黃天佑、周寧、島田敏、官志宏、黃紹彬、堀之紀、楊明剛、賴家昌、周寧、平野正人、楊明剛、風間信彦、賴家昌、永井寛孝、黃紹彬、緒方賢一、官志宏、翁瑞陽、賴家昌、永島由子、彭月春、宝亀克寿、賴家昌、周寧、宇垣秀成、賴家昌、郷里大輔、官志宏、賴家昌、高塚正也、楊明剛、龍田直樹、賴家昌、官志宏、田中和実、周寧、黃振尉、石川英郎、官志宏、賴家昌、塩屋浩三、周寧、楊明剛、松本保典、黃紹彬、岡和男、山野井仁、星野充昭、黃振尉、江川央生、茶風林、大場真人、日野由利加、名取幸政、鈴木れい子、石井七央子、石井七央子、風間信彦、天田益男、西脇保、中村恵子、今村直樹、相沢まさき、川津泰彦、松本大、志賀克也、巻島直樹、遠藤守哉、島田敏、岸野幸正、野島健児、中嶋聡彦、中嶋聡彦、中嶋聡彦、室園丈裕、大本眞基子、高塚正也、田中涼子、坂東尚樹、岸野幸正、賴家昌、官志宏、大塚明夫,7.5,4171,https://lain.bgm.tv/r/400/pic/cover/l/85/62/1934_ZTCZ6.jpg,https://bangumi.tv/subject/1934
931,请问您今天要来点兔子吗？？,TV,12,2015-10-10,橋本裕之,筆安一幸、井上美緒、橋本裕之,佐倉綾音、水瀬いのり、種田梨沙、佐藤聡美、内田真礼、徳井青空、村川梨衣、早見沙織、清川元夢、速水奨、茅野愛衣、木村珠莉、皆口裕子、大西沙織、東地宏樹、一城みゆ希、井上喜久子,7.5,8355,https://lain.bgm.tv/r/400/pic/cover/l/39/a4/123568_FeekE.jpg,https://bangumi.tv/subject/123568
932,人形电脑天使心,TV,27,2002-04-02,浅香守生,植竹須美男、大久保智康、花田十輝、堀井明子、金子二郎、大川七瀬、玉井☆豪,田中理恵、杉田智和、くまいもとこ、関智一、折笠富美子、桑島法子、井上喜久子、豊口めぐみ、柚木涼香、うえだゆうじ、田中理恵、諏訪部順一、ゆかな、千葉一伸、徳光由禾,7.5,5437,https://lain.bgm.tv/r/400/pic/cover/l/c2/0a/12_q23bZ.jpg,https://bangumi.tv/subject/12
933,间之楔,OVA,2,1992-08-01,秋山勝仁、西森章,長谷川菜穂子、吉原理恵子,関俊彦、塩沢兼人,7.5,805,https://lain.bgm.tv/r/400/pic/cover/l/b5/b0/2909_9CDc5.jpg,https://bangumi.tv/subject/2909
934,异度侵入,TV,13,2020-01-05,あおきえい,舞城王太郎,津田健次郎、津田健次郎、M・A・O、竹内良太、宮本侑芽、細谷佳正、ブリドカットセーラ恵美、岩瀬周平、近藤隆、村治学、榎木淳弥、加藤渉、落合福嗣、西凜太朗、遠藤綾、島袋美由利、佐倉綾音、田村睦心、小林親弘、杉田智和、飛田展男、平川大輔,7.5,15698,https://lain.bgm.tv/r/400/pic/cover/l/73/90/285776_57c5p.jpg,https://bangumi.tv/subject/285776
935,Little Busters! EX,OVA,8,2014-01-29,山川吉樹,島田満、綾奈ゆにこ,堀江由衣、徳井青空、すずきけいこ、櫻井浩美、Rita、民安ともえ、緑川光、神奈延年、織田優成、田中涼子、やなせなつみ、すずきけいこ、若林直美、河原木志穂,7.5,2852,https://lain.bgm.tv/r/400/pic/cover/l/a7/3d/83737_53160.jpg,https://bangumi.tv/subject/83737
936,剧场总集篇孤独摇滚！ Re:Re:,剧场版,1,2024-08-09,斎藤圭一郎,吉田恵里香,青山吉能、阎么么、鈴代紗弓、姜英俊、水野朔、张雨曦、長谷川育美、月夜桥、叶知秋、黑特、幽舞越山、郝祥海、楚越、常蓉珊、刘知否、藤新,7.5,2171,https://lain.bgm.tv/r/400/pic/cover/l/8e/16/459642_83jcG.jpg,https://bangumi.tv/subject/459642
937,战斗之魂 Sword Eyes,TV,50,2012-09-09,渡辺正樹,冨岡淳広、あみやまさはる、神山修一、石橋大助、山田由香,皆川純子、堀江由衣、福山潤、小野友樹、嶋村侑、緑川光、阪口大助、諏訪部順一、釘宮理恵、神田朱未、諏訪部順一、安元洋貴、家中宏、神田朱未、速水奨、根谷美智子、立花慎之介、浪川大輔、諏訪部順一、小山力也、坂東尚樹、佐藤智恵,7.8,64,https://lain.bgm.tv/r/400/pic/cover/l/f3/5c/45337_IqFwZ.jpg,https://bangumi.tv/subject/45337
938,龙珠改 魔人布欧篇,TV,61,2014-04-06,未知,,野沢雅子、野沢雅子、堀川りょう、田中真弓、八奈見乗児、江森浩子、緑川光、平野綾、柿沼紫乃、石塚運昇、古川登志夫、草尾毅、塩屋浩三、野沢雅子、内海賢二、永井一郎,7.5,974,https://lain.bgm.tv/r/400/pic/cover/l/bb/ba/97045_zylL9.jpg,https://bangumi.tv/subject/97045
939,福星小子 第二季,TV,23,2024-01-11,髙橋秀弥、木村泰大,森ハヤシ、鈴木悠太、金杉弘子、柿原優子,神谷浩史、上坂すみれ、内田真礼、大地葉、宮野真守、高木渉、沢城みゆき、花澤香菜、小西克幸、早見沙織、石上静香、水樹奈々、三宅健太、櫻井孝宏、井上麻里奈、高木渉、古川登志夫、戸田恵子、小山力也、平野文、悠木碧、高垣彩陽、千葉繁、種市桃子、梶裕貴、M・A・O、桜井敏治、三石琴乃、島﨑信長、くまいもとこ、石見舞菜香、村瀬歩、坂口候一、入野自由、中村悠一、石上静香、水瀬いのり、チョー、高橋伸也、井之上潤、佐藤せつじ、阪口大助、奥村翔、川井田夏海、松本沙羅、山口勝平、二又一成、平川大輔、興津和幸、奈良徹、下野紘、井上喜久子、井上和彦、小山剛志、大塚芳忠、遠藤純一、釘宮理恵、福山潤、銀河万丈、福西勝也,7.5,1497,https://lain.bgm.tv/r/400/pic/cover/l/74/b8/413635_T5j1Z.jpg,https://bangumi.tv/subject/413635
940,SSSS.电光机王,TV,12,2021-04-02,雨宮哲,長谷川圭一,濱野大輝、榎木淳弥、若山詩音、梅原裕一郎、安済知佳、神谷浩史、内田雄馬、諏訪彩花、内山昂輝、伊瀬茉莉也、佐伯伊織、鈴村健一、高橋花林、安済知佳、田所あずさ、田丸篤志、小笠原仁、梶原岳人、土屋李央、遠野ひかる、折笠富美子、内山昂輝、内田夕夜、伊藤静、興津和幸、田所あずさ、星野貴紀、朝井彩加、新井良平、鈴木崚汰、小尾昌也、鈴村健一、髙宮千尋、丸山京夏、相楽信頼、岩崎諒太、北野更、田所陽向、森嶋秀太、菅原慎介,7.5,12505,https://lain.bgm.tv/r/400/pic/cover/l/a1/11/296367_yPic1.jpg,https://bangumi.tv/subject/296367
941,为美好的世界献上祝福！第三季 ーBONUS STAGEー,OVA,2,2025-03-14,安部祐二郎,金﨑貴臣,福島潤、雨宮天、高橋李依、茅野愛衣、堀江由衣、豊崎愛生、原紗友里、稲田徹、川澄綾子、大久保瑠美、石見舞菜香、生天目仁美、山下七海、長谷美希、若林佑、陣谷遥、堂坂晃三、最上嗣生、酒巻光宏,7.5,4334,https://lain.bgm.tv/r/400/pic/cover/l/17/96/513089_EUq63.jpg,https://bangumi.tv/subject/513089
942,街角魔族,TV,12,2019-07-11,桜井弘明,大知慶一郎、大場小ゆり、八木崇夫,小原好美、鬼頭明里、髙橋ミナミ、高柳知葉、千本木彩花、諏訪彩花、大和田仁美、大原さやか、七瀬彩夏、仲野裕、梅津秀行、佐藤利奈、古賀葵、柏野昌俊、手塚ヒロミチ、春野杏、梅津秀行,7.5,11461,https://lain.bgm.tv/r/400/pic/cover/l/af/22/272510_BZ00p.jpg,https://bangumi.tv/subject/272510
943,奔向地球,TV,24,2007-04-07,山崎理,西園悟、堺三保、根元歳三、出渕裕、大野木寛、佐藤大、森田繁、面出明美、山崎理,斎賀みつき、杉田智和、小杉十郎太、一木美名子、伊丸岡篤、杉山紀彰、久保さゆり、寺島拓篤、寺島拓篤、河本邦弘、波多野和俊、安元洋貴、井上麻里奈、高城元気、増田ゆき、柿原徹也,7.5,436,https://lain.bgm.tv/r/400/pic/cover/l/4d/85/1969_dZ7Dx.jpg,https://bangumi.tv/subject/1969
944,世界第一初恋2,TV,12,2011-10-07,今千秋,今千秋、中村能子、横手美智子、中瀬理香,近藤隆、小西克幸、中村悠一、立花慎之介、岡本信彦、前野智昭、皆川純子、森川智之、神谷浩史、堀内賢雄、緑川光、置鮎龍太郎、小林ゆう,7.5,1900,https://lain.bgm.tv/r/400/pic/cover/l/07/23/20813_Pypxs.jpg,https://bangumi.tv/subject/20813
945,宇宙战舰大和号2199 第七章「战舰继续前进」,剧场版,4,2013-08-24,未知,大野木寛、出渕裕、森田繁、村井さだゆき,小野大輔、桑島法子、鈴村健一、菅生隆之、千葉繁、大塚芳忠、麦人、井上喜久子、山寺宏一、細谷佳正、田中理恵、久川綾,7.6,187,https://lain.bgm.tv/r/400/pic/cover/l/3a/d9/70323_2bffv.jpg,https://bangumi.tv/subject/70323
946,赛马娘 Pretty Derby 巅峰之路,WEB,4,2023-04-16,廖程芝,Cygames、和田崇太郎、吉村清子、湯澤僚子,中村カンナ、徳井青空、咲々木瞳、高柳知葉、首藤志奈、和多田美咲、石見舞菜香、篠原侑、土田大,7.5,7674,https://lain.bgm.tv/r/400/pic/cover/l/f2/a7/380448_BO7O9.jpg,https://bangumi.tv/subject/380448
947,失落的宇宙,TV,26,1998-04-03,渡部高志,山田靖智、高山治郎、植竹須美男、佐藤勝一、玉井☆豪,保志総一朗、石村知子、林原めぐみ、鈴木真仁、緑川光、根谷美智子、茶風林、中田譲治、松本保典,7.5,866,https://lain.bgm.tv/r/400/pic/cover/l/3c/e3/4400_R0JlS.jpg,https://bangumi.tv/subject/4400
948,银河英雄传说 Die Neue These 星乱 第2章,剧场版,4,2019-10-25,多田俊介,高木登、谷村大四郎、根元歳三、吉永亜矢,宮野真守、鈴村健一、梅原裕一郎、梶裕貴、木下紗華、畠中祐、諏訪部順一、小野大輔、中村悠一、江川央生、野島裕史、樋渡宏嗣、西嶋陽一、鷲見昂大、斉藤次郎、花輪英司、東地宏樹、古谷徹、小山剛志、水内清光、岡井カツノリ、菅原雅芳、赤城進、富樫美鈴、遠藤綾、三木眞一郎、鈴木達央、石川界人、大塚芳忠、岩崎征実、園江治、山路和弘、三宅健太、牛山茂、平川大輔、最上嗣生、石原凡、星野充昭、黒田崇矢、二又一成、神谷浩史、高口公介、間宮康弘、遠藤大智、高階俊嗣、菊池正美、望月健一、下山吉光,7.5,927,https://lain.bgm.tv/r/400/pic/cover/l/55/3f/226223_UWGuf.jpg,https://bangumi.tv/subject/226223
949,希尔达 第二季,WEB,13,2020-12-14,未知,,,7.8,75,https://lain.bgm.tv/r/400/pic/cover/l/1f/b7/322518_080D8.jpg,https://bangumi.tv/subject/322518
950,父与女,剧场版,1,2001-05-27,Michaël、Dudok、de、Wit,,,7.5,421,https://lain.bgm.tv/r/400/pic/cover/l/7f/44/40187_mHj6F.jpg,https://bangumi.tv/subject/40187
951,画江湖之不良人 第五季,WEB,12,2022-01-20,未知,,边江、朱雀橙、关心、白雪岑、王凯、杨默、孟宇,7.5,481,https://lain.bgm.tv/r/400/pic/cover/l/0f/32/343183_StM3j.jpg,https://bangumi.tv/subject/343183
952,东之伊甸,TV,11,2009-04-09,神山健治,佐藤大、菅正太郎、神山健治、岡田俊平、伊藤ちひろ、福島直浩,木村良平、早見沙織、江口拓也、川原元幸、齋藤彩夏、斉藤貴美子、田谷隼、松谷彼哉、岩尾万太郎、白熊寛嗣、小川真司、五十嵐麗、宮内敦士、檜山修之、森田成一、遊佐浩二、甲斐田裕子,7.5,5217,https://lain.bgm.tv/r/400/pic/cover/l/80/a8/1451_uU8k9.jpg,https://bangumi.tv/subject/1451
953,忍者杀手,WEB,26,2015-04-16,雨宮哲,佐藤裕、樋口七海,森川智之、雨宮天、斎藤千和、速水奨、種田梨沙、藤原啓治、津嘉山正種、関俊彦、井上和彦、麦人、松本梨香、中田譲治,7.5,3427,https://lain.bgm.tv/r/400/pic/cover/l/e0/c6/101437_mb1Qo.jpg,https://bangumi.tv/subject/101437
954,夏日重现,TV,25,2022-04-14,渡辺歩,瀬古浩司,花江夏樹、永瀬アンナ、白砂沙帆、日笠陽子、浦山迅、小野賢章、河瀬茉希、大塚明夫、玄田哲章、上田燿司、小西克幸、釘宮理恵、久野美咲、山本亜衣、細川祥央、河合紗希子、三瓶由布子、岩城泰司、櫻庭有紗、はやしりか、渡部俊樹,7.5,20382,https://lain.bgm.tv/r/400/pic/cover/l/d9/f5/326895_j1S2n.jpg,https://bangumi.tv/subject/326895
955,孔明的陷阱,WEB,1,2015-11-11,未知,,,7.7,86,https://lain.bgm.tv/r/400/pic/cover/l/8b/b0/169325_72e02.jpg,https://bangumi.tv/subject/169325
956,电影 Heart Catch 光之美少女！超级时尚秀在花之都...真的吗！？,剧场版,1,2010-10-30,松本理恵,山田隆司,水樹奈々、水沢史絵、久川綾、桑島法子、大谷育江、くまいもとこ、菊池こころ、藤原啓治,7.5,530,https://lain.bgm.tv/r/400/pic/cover/l/c2/8c/13498_6FUBw.jpg,https://bangumi.tv/subject/13498
957,机动战士高达 THE ORIGIN 前夜 红色彗星,TV,13,2019-04-28,未知,隅沢克之,中博史,7.5,731,https://lain.bgm.tv/r/400/pic/cover/l/4f/e2/267412_XsOB3.jpg,https://bangumi.tv/subject/267412
958,红白黑黄,WEB,16,2013-07-18,Monty、Oum,Miles Luna、Monty Oum、Kerry Shawcross,Lindsay Jones、Kara Eberle、Arryn Zech、Barbara Dunkelman、Monty Oum、Caiti Ward、Shane Newville、木村昴、Adam Ellis、Shannon McCormick、井上和彦、Kathleen Zuelch、浅野真澄、Ryan Haywood、Samantha Ireland、Jen Brown、豊口めぐみ、Miles Luna、下野紘、Gray G. Haddock、三木眞一郎、潘めぐみ、Taylor Pelto、Taylor McNee、Michael Jones、Jessica Nigri、Jason Rose、Jack Pattillo、Garrett Hunter,7.5,3618,https://lain.bgm.tv/r/400/pic/cover/l/48/d4/75055_5rh5y.jpg,https://bangumi.tv/subject/75055
959,灰与幻想的格林姆迦尔,TV,12,2016-01-10,中村亮介,中村亮介,細谷佳正、吉野裕行、島﨑信長、落合福嗣、小松未可子、照井春佳、安済知佳、関智一、能登麻美子、安元洋貴、浪川大輔、ゴブリン、戸松遥、武内駿輔、増田俊樹、杉田智和、古木のぞみ、野島健児、杉田智和、中田譲治、高橋広樹、木内秀信,7.5,8710,https://lain.bgm.tv/r/400/pic/cover/l/0c/20/148726_J77TB.jpg,https://bangumi.tv/subject/148726
960,怪 ～ayakashi ～,TV,11,2006-01-12,門田英彦,横手美智子、小中千昭、坂元裕二,櫻井孝宏、平田広明、小山茉美、緑川光、桑島法子、ゆかな、藤本たかひろ、阪脩、永島由子、平野正人、広橋涼、楠見尚己、斉藤貴美子、園部啓一、高木渉、稲葉実、松野太紀、鈴木れい子、佐藤正治、真山亜子、坂元奈月、鎌田梢、吉倉万里、樹元オリエ、神田朱未、鹿野優以、坂元奈月、吉倉万里、小野坂昌也、山口勝平、千葉紗子、塩屋浩三、佐々木誠二、沢海陽子、鎌田梢、龍田直樹、大塚周夫、佐々木誠二、島香裕、竹本英史、稲田徹、日野由利加、ゆかな、鈴木清信、鎌田梢、諸角憲一,7.5,1368,https://lain.bgm.tv/r/400/pic/cover/l/9c/01/976_FwSrS.jpg,https://bangumi.tv/subject/976
961,药屋少女的呢喃,TV,24,2023-10-21,長沼範裕,柿原優子、千葉美鈴、小川ひとみ、綾奈ゆにこ,悠木碧、大塚剛央、小西克幸、種﨑敦美、石川由依、木野日菜、甲斐田裕子、遠藤大智、久野美咲、豊口めぐみ、引坂理絵、田中貴子、石井未紗、かぬか光明、赤羽根健治、橘龍丸、能登麻美子、種﨑敦美、土井美加、名塚佳織、桐本拓哉、チョー、家中宏、斉藤貴美子、潘めぐみ、小清水亜美、七海ひろき、桑島法子、内山昂輝、川井田夏海、木下紗華、後藤ヒロキ、庄司宇芽香、日髙のり子、神尾晋一郎、後藤光祐、小林大紀、恒松あゆみ、二又一成、長谷川芳明、小若和郁那、松井暁波、川井田夏海、島本須美,7.5,11443,https://lain.bgm.tv/r/400/pic/cover/l/fe/31/420628_2ZEz0.jpg,https://bangumi.tv/subject/420628
962,南方公园 第8季,TV,14,2004-03-17,未知,Trey Parker,Matt Stone、Trey Parker、Matt Stone、Trey Parker、Mona Marshall,7.6,186,https://lain.bgm.tv/r/400/pic/cover/l/13/72/60607_byYMU.jpg,https://bangumi.tv/subject/60607
963,南方公园 第9季,TV,14,2005-03-09,未知,Trey Parker,Matt Stone、Trey Parker、Matt Stone、Trey Parker、Mona Marshall,7.6,180,https://lain.bgm.tv/r/400/pic/cover/l/43/e5/60608_ZPN3B.jpg,https://bangumi.tv/subject/60608
964,青之文学,TV,12,2009-10-10,浅香守生、荒木哲郎、宮繁之、中村亮介、いしづかあつこ,鈴木智、飯塚健、阿部美佳、川嶋澄乃、小林雄次、いしづかあつこ,高城元気、堺雅人、朴璐美、高木渉、塚田正昭、久川綾、こたにともこ、水樹奈々、堺雅人、川田妙子、堺雅人、小山力也、津田匠子、桑島法子、堺雅人、中尾隆聖、吉野裕行、高橋美佳子、木内秀信、関智一、長沢美樹、宮野真守、堺雅人、浪川大輔、遠藤綾,7.5,2463,https://lain.bgm.tv/r/400/pic/cover/l/2e/f3/2882_4r1zo.jpg,https://bangumi.tv/subject/2882
965,老鼠约翰,剧场版,1,1953-02-17,Joseph、Barbera、William、Hanna,威廉·汉纳,,7.7,96,https://lain.bgm.tv/r/400/pic/cover/l/88/54/132382_ftA5e.jpg,https://bangumi.tv/subject/132382
966,第三届东方M-1漫才大赛,OVA,1,2008-12-29,上海アリス幻樂団,,藤宮もな、佐藤ねこ丸、杜秋乃、祭田絵理、りる、夢咲叶、祭田絵理、らんてぃ、りぇる、春李めぐみ、橘純麗、藤宮ゆき、水野はるか、りぇる、天使ひなの、ゆっきん、春李めぐみ、藤宮ゆき、和龍之介、ゆっきん、杜秋乃、杜秋乃、藤宮もな、ゆっきん、和龍之介、水野はるか、音鳴ころね、橘純麗、藤宮もな、名取亜紀,7.6,242,https://lain.bgm.tv/r/400/pic/cover/l/00/3a/62571_86v8n.jpg,https://bangumi.tv/subject/62571
967,坂道上的阿波罗,TV,12,2012-04-12,渡辺信一郎,加藤綾子、柿原優子,古木のぞみ、木村良平、細谷佳正、南里侑香、遠藤綾、諏訪部順一、村瀬歩、岡本信彦,7.5,3267,https://lain.bgm.tv/r/400/pic/cover/l/44/3a/29426_iA4yJ.jpg,https://bangumi.tv/subject/29426
968,此时此刻的我,TV,13,1999-10-14,大地丙太郎,倉田英之,名塚佳織、岡村明美、石井康嗣、安原麗子、仲尾あづさ、今井由香、小西寛子、松本梨香,7.5,1599,https://lain.bgm.tv/r/400/pic/cover/l/e3/b2/4075_5Ewqd.jpg,https://bangumi.tv/subject/4075
969,葬送的芙莉莲 第二季,TV,10,2026-01-16,北川朋哉,鈴木智尋,種﨑敦美、市ノ瀬加那、小林千晃、清都ありさ、岡本信彦、東地宏樹、上田燿司、新垣樽助、上田麗奈、大河元気、三木眞一郎、近貞月乃、若山実祐希、石井瑞樹、伊瀬茉莉也、谷山紀章、村井雄治、伊藤かな恵、井上和彦、小林康介、白石兼斗、佐々健太、山口立花子、うえだゆうじ、能登麻美子、江越彬紀、こばたけまさふみ、坂東尚樹、内野孝聡、ヤスヒロ、岡井カツノリ、大川透、野島裕史、斉藤次郎、黒沢ともよ、宮内敦士,7.5,11798,https://lain.bgm.tv/r/400/pic/cover/l/0b/24/515759_qA1Zc.jpg,https://bangumi.tv/subject/515759
970,乱马1/2,TV,12,2024-10-05,宇田鋼之介,うえのきみこ、安藤えりか、森江美咲,林原めぐみ、山口勝平、日髙のり子、高山みなみ、井上喜久子、大塚明夫、チョー、山寺宏一、佐久間レイ、杉田智和、佐倉綾音、森川智之、宮野真守、悠木碧、山寺宏一、関智一、冨岡美沙子、神本綾華、大下菜摘、奥村翔、浜田洋平、緒方賢一、青耶木まゆ,7.5,5868,https://lain.bgm.tv/r/400/pic/cover/l/13/a3/489820_Hre3R.jpg,https://bangumi.tv/subject/489820
971,胆大党,TV,12,2024-10-03,山代風我,瀬古浩司,花江夏樹、喬資淯、张沛、张桐铭、若山詩音、刘十四、曾允凡、佐倉綾音、蔡书瑾、穆宣名、石川界人、徐翔、賴緯、田中真弓、陶敏嫻、小N、水樹奈々、穆雪婷、傅其慧、中井和哉、冷泉夜月、宋克軍、大友龍三郎、林谷珍、井上喜久子、錢欣郁、徐慧、関智一、賈文安、大白siro、杉田智和、杨富禄、陳彥鈞、平野文、陶敏嫻、富田美憂、錢欣郁、前田佳織里、傅其慧、王愫稣、山根綺、錢欣郁、依田菜津、傅其慧、大空直美、陶敏嫻、たかはし智秋、錢欣郁、周玢、斎藤志郎、陳彥鈞、真木駿一、菊池通武、佐々木祐介、玉井勇輝、木野日菜、傅其慧、高橋大輔、陳彥鈞,7.5,16312,https://lain.bgm.tv/r/400/pic/cover/l/44/7d/467461_HHw4K.jpg,https://bangumi.tv/subject/467461
972,机动战士高达 雷霆宙域,WEB,4,2015-12-25,松尾衡,松尾衡,中村悠一、木村良平、行成とあ、平川大輔、森田了介、咲野俊介、土田大、大原さやか、浜添伸也、佐々木睦、村田太志、河本啓佑、岩瀬周平、伊東健人,7.5,2110,https://lain.bgm.tv/r/400/pic/cover/l/d7/e5/151345_KK6YQ.jpg,https://bangumi.tv/subject/151345
973,玉响～more aggressive～,TV,12,2013-07-03,佐藤順一,佐藤順一、吉田玲子、山田由香、ハラダサヤカ,竹達彩奈、阿澄佳奈、井口裕香、儀武ゆう子、茅野愛衣、葉月絵理乃、大原さやか、宮本佳那子、寿美菜子、広橋涼、福井裕佳梨、東山奈央、間島淳司、西村ちなみ、緒方恵美、松尾佳子、中田譲治、松来未祐,7.5,1365,https://lain.bgm.tv/r/400/pic/cover/l/26/f9/45213_yA97f.jpg,https://bangumi.tv/subject/45213
974,翼神传说,TV,26,2002-01-21,出渕裕,出渕裕、高山文彦、桐生祐狩、榎戸洋司、大河内一楼、會川昇、小中千昭、大野木寛、磯光雄,坂本真綾、久川綾、下野紘、桑島法子、川澄綾子、野島裕史、橋本一子、大塚芳忠、宮田幸季、宮本充、平松晶子、田中敦子、内海賢二、家弓家正、兵藤まこ、折笠富美子、杉本ゆう、中田譲治、朴璐美、関俊彦、かかずゆみ、浅川悠,7.5,1555,https://lain.bgm.tv/r/400/pic/cover/l/e5/15/1030_J9799.jpg,https://bangumi.tv/subject/1030
975,宝可梦 超世代,TV,192,2002-11-21,日高政光、須藤典彦,武上純希、米村正二、大橋志吉、冨岡淳広、藤田伸三、松井亜弥、十川誠志、園田英樹,大谷育江、松本梨香、KAORI.、林原めぐみ、伊東みやこ、犬山イヌコ、西村ちなみ、伊東みやこ、伊東みやこ、伊東みやこ、伊東みやこ、白鳥由里、氷青、林美秀、杉山佳寿子、千葉進歩、立木文彦、飯塚雅弓、小林優子、林原めぐみ、堀川仁,7.5,1618,https://lain.bgm.tv/r/400/pic/cover/l/e4/a9/3020_hH3U4.jpg,https://bangumi.tv/subject/3020
976,RAINBOW 少年犯之七人,TV,26,2010-04-06,神志那弘志,筆安一幸、高屋敷英夫、広田光毅,小栗旬、小山力也、貫地谷しほり、荒井ひな、豊口めぐみ,7.5,1359,https://lain.bgm.tv/r/400/pic/cover/l/3e/19/4283_Z0LWE.jpg,https://bangumi.tv/subject/4283
977,无敌级Believer,未知,1,2020-07-29,河村智之,矢立肇、横田拓己,相良茉優,7.5,442,https://lain.bgm.tv/r/400/pic/cover/l/b8/b5/311809_2j231.jpg,https://bangumi.tv/subject/311809
978,鲁邦三世  第一期,TV,23,1971-10-24,モンキー・パンチ（週刊漫画アクション連載）,松岡清治、宮田雪、田村多津夫、大和屋竺、山崎忠昭、吉川惣司,山田康雄、二階堂有希子、小林清志、大塚周夫、納谷悟朗,7.5,530,https://lain.bgm.tv/r/400/pic/cover/l/33/d2/24274_obiN2.jpg,https://bangumi.tv/subject/24274
979,魔法使光之美少女！,TV,50,2016-02-07,東堂いづみ,村山功、山下憲一、伊藤睦美、坪田文、井上亜樹子,高橋李依、堀江由衣、齋藤彩夏、早見沙織、内田夕夜、鳳芳野、加藤有生子、太地琴恵、遊佐浩二、島田岳洋、名塚佳織、小林ゆう、新井里美、秋元羊介、中田譲治、金田アキ、吉岡麻耶、橋本ちなみ、菊地美香、多田このみ、髙橋孝治、朝井彩加、桜井敏治、織田圭祐、石井真、木村雅史、鈴木裕斗、千田光男、川澄綾子、青木強、藤沼建人、小原雅人、岩男潤子、小林桂子、澤田美晴、大空直美、ニーコ、高戸靖広、龍田直樹、速水奨、井上喜久子、杉山紀彰、美山加恋,7.5,715,https://lain.bgm.tv/r/400/pic/cover/l/8d/52/159826_k1X1J.jpg,https://bangumi.tv/subject/159826
980,南方公园剧场版,剧场版,1,1999,Trey、Parker、Matt、Stone,Trey Parker、Pam Brady、Matt Stone,,7.6,171,https://lain.bgm.tv/r/400/pic/cover/l/13/07/60493_Oi3sa.jpg,https://bangumi.tv/subject/60493
981,头脑特工队,剧场版,1,2015-06-19,Pete、Docter,Pete Docter、Josh Cooley,,7.5,2522,https://lain.bgm.tv/r/400/pic/cover/l/b7/5b/119035_7Iikg.jpg,https://bangumi.tv/subject/119035
982,第六届东方M-1漫才大赛,OVA,1,2011-12-30,上海アリス幻樂団,,藤宮もな、佐藤ねこ丸、杜秋乃、らんてぃ、山口瑞樹、ヒナコ、音鳴ころね、ヒナコ、雪宮あかね、ゆっきん、春李めぐみ、藤宮ゆき、和龍之介、杜秋乃、和龍之介、音鳴ころね、豆太郎、ヒナコ、金子未佳、佐藤ねこ丸、豆太郎、らんてぃ,7.5,255,https://lain.bgm.tv/r/400/pic/cover/l/2e/62/29889_C2QHh.jpg,https://bangumi.tv/subject/29889
983,闪电十一人,TV,127,2008-10-05,秋山勝仁、宮尾佳和、秋山勝仁,冨岡淳広、樋口達人、稲荷昭彦、山田健一、大野木寛,竹内順子、吉野裕行、野島裕史、西墻由香、梶裕貴、梶裕貴、宮野真守、三瓶由布子、奈良徹,7.5,674,https://lain.bgm.tv/r/400/pic/cover/l/5c/15/3773_PNNv2.jpg,https://bangumi.tv/subject/3773
984,白熊咖啡馆,TV,50,2012-04-05,増原光幸,吉田玲子、細川徹、横手美智子、浅川美也,福山潤、櫻井孝宏、神谷浩史、宮野真守、小野大輔、遠藤綾、中村悠一、羽多野渉、川島得愛、森川智之、小西克幸、谷山紀章、宮田幸季、青木瑠璃子、高森奈津美,7.5,2730,https://lain.bgm.tv/r/400/pic/cover/l/e5/f6/32318_qc25q.jpg,https://bangumi.tv/subject/32318
985,驭星者 闪亮的拓人,TV,25,2010-10-03,五十嵐卓哉,榎戸洋司,宮野真守、福山潤、早見沙織、戸松遥、石田彰、日高里菜、広橋涼、小清水亜美、千葉千恵巳、新名彩乃、赤羽根健治、竹達彩奈、坂本真綾、斎賀みつき、ゆかな、田中冴树、桑島法子、三木眞一郎、加藤英美里、髙木俊、杉山大、東山奈央、牛田裕子、飛田展男、鈴村健一、木村良平、梶裕貴、斎藤千和、折笠富美子,7.5,3072,https://lain.bgm.tv/r/400/pic/cover/l/d8/63/7348_2Ciub.jpg,https://bangumi.tv/subject/7348
986,银魂. 走光篇,TV,13,2017-10-01,宮脇千鶴,立原正輝、岸本卓、松原秀,広橋涼、田村ゆかり、石野竜三,7.5,1610,https://lain.bgm.tv/r/400/pic/cover/l/d3/e2/218740_6OyMl.jpg,https://bangumi.tv/subject/218740
987,魔卡少女樱 香港之旅,剧场版,1,1999-08-21,浅香守生,大川七瀬,丹下桜、許淑嬪、くまいもとこ、賀世芳、小野坂昌也、久川綾、官志宏、賀世芳、岩男潤子、魏晶琦、三石琴乃、ゆかな、謝佼娟、林原めぐみ,7.5,2706,https://lain.bgm.tv/r/400/pic/cover/l/7a/f6/1941_0l5Uy.jpg,https://bangumi.tv/subject/1941
988,银翼杀手：2022大断电,WEB,1,2017-09-27,渡辺信一郎,渡辺信一郎,松田健一郎、青葉市子、古川慎,7.5,1720,https://lain.bgm.tv/r/400/pic/cover/l/e0/63/225801_Khz9n.jpg,https://bangumi.tv/subject/225801
989,排球少年！！垃圾场决战,剧场版,1,2024-02-16,満仲勧,満仲勧,村瀬歩、李明幸、锦鲤、石川界人、鍾少庭、谷江山、梶裕貴、曾莉婷、喬資淯、苏尚卿、小松由佳、中村悠一、杨天翔、林谷珍、楊慧玉、日野聡、郭浩然、林谷珍、入野自由、孙路路、張敦喻、細谷佳正、鈕凱暘、瞳音、林勇、鈕凱暘、胡霖、岡本信彦、鍾少庭、郝祥海、内山昂輝、張敦喻、金弦、斉藤壮馬、李兰陵、林谷珍、増田俊樹、张福正、翁瑞陽、相楽信頼、杨凯祺、鍾少庭、西山宏太朗、翁瑞陽、名塚佳織、钱琛、楊慧玉、諸星すみれ、赵爽、曾莉婷、神谷浩史、鈕凱暘、星潮、江川央生、張敦喻、胡亚捷、中博史、梁興昌、林强、立花慎之介、鍾少庭、大昕、石井マーク、張敦喻、邵彤、星野貴紀、翁瑞陽、横田成吾、文靖渊、張敦喻、澤田龍一、翁瑞陽、兰陶倚、池田恭祐、賴緯、姜秋再、渡辺拓海、邓宥希、汐谷文康、鍾少庭、杨凯祺、福田信昭、刘琮、林谷珍、山本兼平、林谷珍、苗壮、M・A・O、楊慧玉、傅婷云、富田美憂、曾莉婷、前野智昭、刘明月、鈕凱暘、阪口周平、翁瑞陽、付博文、櫻井孝宏、刘思岑、鍾少庭、小松由佳、徐佳琦、楊慧玉、木村良平、張敦喻、赵毅、逢坂良太、鍾少庭、凌飞、木村昴、陈张太康、鍾少庭、土屋神葉、翁瑞陽、興津和幸、凌振赫、梁興昌、美山加恋、聂曦映、楊慧玉、松田修平、音匣老鬼、鈴木千尋、卢力峰、山口正秀、杨凯祺、花江夏樹、江志倫、杨昕燃、中尾隆聖、李昊甲、富樫美鈴、丸山有香、高橋伸也,7.5,2668,https://lain.bgm.tv/r/400/pic/cover/l/e9/65/394621_Tl4ZX.jpg,https://bangumi.tv/subject/394621
990,明天，美食广场见。,TV,6,2025-07-07,古賀一臣,花田十輝,宮崎ヒヨリ、青山吉能、早見沙織、日高里菜、松岡禎丞、福山潤,7.5,6719,https://lain.bgm.tv/r/400/pic/cover/l/0d/5b/528438_cyCPQ.jpg,https://bangumi.tv/subject/528438
991,银河英雄传说外传 千亿的星辰、千亿的光芒,OVA,12,1998-09-26,田中芳樹(徳間書店刊),田原正利,広中雅志、郷田ほづみ、森功至、若本規夫、勝生真沙子、柴田秀勝、郷里大輔、納谷悟朗、潘恵子、阪脩、横尾まり、池田秀一、村松康雄、井上和彦、羽佐間道夫、政宗一成、小杉十郎太、難波圭一、大木民夫、富田耕生、関智一、野田圭一、古川登志夫、キートン山田、石森達幸、梅津秀行,7.6,223,https://lain.bgm.tv/r/400/pic/cover/l/31/e4/79662_fuBBt.jpg,https://bangumi.tv/subject/79662
992,乐园追放 -Expelled From Paradise-,剧场版,1,2014-11-15,水島精二,虚淵玄,釘宮理恵、三木眞一郎、神谷浩史、林原めぐみ、高山みなみ、三石琴乃、古谷徹、安済知佳、森下由樹子,7.5,6018,https://lain.bgm.tv/r/400/pic/cover/l/7b/92/37395_lY65E.jpg,https://bangumi.tv/subject/37395
993,摇曳百合 夏日时光！+,TV,2,2015-08-20,畑博之,深見真、畑博之,三上枝織、大坪由佳、津田美波、大久保瑠美、藤田咲、豊崎愛生、三森すずこ、加藤英美里、後藤沙緒里、斎藤千和、日高里菜、堀江由衣,7.5,2829,https://lain.bgm.tv/r/400/pic/cover/l/6b/d7/136311_N51T6.jpg,https://bangumi.tv/subject/136311
994,向阳素描 特别篇,OVA,2,2007-10-18,上坪亮樹、飯村正之,与口奈津江、長谷川菜穂子,阿澄佳奈、水橋かおり、後藤邑子、新谷良子、松来未祐、チョー、沢城みゆき、福圓美里、木川絵理子、蒼樹うめ,7.5,931,https://lain.bgm.tv/r/400/pic/cover/l/13/7f/9642_5FD55.jpg,https://bangumi.tv/subject/9642
995,名侦探柯南 通往天国的倒数计时,剧场版,1,2001-04-21,こだま兼嗣,古内一成,高山みなみ、丘梅君、山口勝平、劉傑、山崎和佳奈、賀世芳、林原めぐみ、許雲雲、神谷明、袁光麟、井上和彦、康殿宏、岩居由希子、高木渉、劉傑、高木渉、袁光麟、大谷育江、賀世芳、堀之紀、李景唐、立木文彦、袁光麟、茶風林、李景唐、緒方賢一、陳宗岳、松井菜桜子、藤田淑子、許雲雲、渡部猛、陳宗岳、久川綾、丘梅君、橋本晃一、李景唐、小杉十郎太、康殿宏、中嶋聡彦、玉川砂記子、千葉一伸、劉傑、菅原淳一、李景唐、永井一郎、袁光麟,7.5,5612,https://lain.bgm.tv/r/400/pic/cover/l/af/44/2971_8DZCH.jpg,https://bangumi.tv/subject/2971
996,猫头鹰魔法社 第三季,剧场版,3,2022-10-15,AmeliaLorenz、BosookCoburn,,Erica Lindbeck、Kimberly Brooks、Mela Lee、Cissy Jones,7.8,63,https://lain.bgm.tv/r/400/pic/cover/l/99/5c/413594_SzwWs.jpg,https://bangumi.tv/subject/413594
997,嘟嘟猫观察日记,TV,52,2012-01-08,大地丙太郎,,大谷育江、三森すずこ、市瀬秀和、千葉芙美香、室元気、神谷明、三宅麻理恵、千葉芙美香、室元気,7.5,744,https://lain.bgm.tv/r/400/pic/cover/l/32/4e/23537_deaDg.jpg,https://bangumi.tv/subject/23537
998,此花绮谭,TV,12,2017-10-04,岡本英樹,吉岡たかを,大野柚布子、秦佐和子、諏訪彩花、保科李沙、加隈亜衣、沼倉愛美、緒方恵美、大原さやか、渡辺明乃、天乃咲哉、持月玲依、池辺久美子、齋藤小浪、白城なお,7.5,4990,https://lain.bgm.tv/r/400/pic/cover/l/ab/fd/211934_HHeOH.jpg,https://bangumi.tv/subject/211934
999,机动战士Z高达Ⅲ A New Translation -星辰的鼓动是爱-,剧场版,1,2006-03-04,富野由悠季,富野由悠季,鈴置洋孝、飛田展男、池田秀一、島田敏、郷里大輔、榊原良子、小杉十郎太、岡本麻弥、新井里美、勝生真沙子、島村香織、西村知道、大塚芳忠、大川透、浪川大輔、相田さやか、新井里美、小松由佳,7.5,869,https://lain.bgm.tv/r/400/pic/cover/l/2d/b2/18779_leD90.jpg,https://bangumi.tv/subject/18779
1000,最终幻想7：降临之子 完全版,OVA,1,2024-01-19,野村哲也,野島一成,櫻井孝宏、伊藤歩、森久保祥太郎、藤原啓治、かかずゆみ、市村正親、森川智之、大川透、楠大典、岸祐二、乃村健次、鈴木省吾、小林正寛、山路和弘、石川英郎、諸星すみれ、池田恭祐、諏訪部順一、豊口めぐみ、銀河万丈、坂本真綾、鈴村健一,7.5,333,https://lain.bgm.tv/r/400/pic/cover/l/56/a6/356474_GRGHA.jpg,https://bangumi.tv/subject/356474
1001,星界的战旗,TV,13,2000-04-14,長岡康史,真喜屋力、竹田裕一郎,川澄綾子、今井由香、塩沢兼人、小杉十郎太、清水香里、大塚明夫、千葉進歩、井上和彦、深見梨加、斎賀みつき、山田美穂、鈴鹿千春、子安武人,7.5,515,https://lain.bgm.tv/r/400/pic/cover/l/3d/a9/9617_zyLSw.jpg,https://bangumi.tv/subject/9617
1002,恋如雨止,TV,12,2018-01-11,渡辺歩,木戸雄一郎、三重野瞳、梅原英司,渡部紗弓、平田広明、宮島えみ、福原遥、池田純矢、前野智昭、かないみか、矢部雅史、竹内順子、茂呂田かおる、沢城千春、古川由利奈、宮本充、小澤亜李、小堀幸、春野杏、村井雄治、岩瀬周平、村井雄治、宮島えみ、本多真梨子、古川由利奈、藤田茜、富樫美鈴、春野杏、小澤亜李、春野杏、野川雅史、小堀幸、財満健太、山口智広、西村知道、小堀幸、古川由利奈、木野日菜、村井雄治、富樫美鈴、小澤亜李、小堀幸、古川由利奈、若山晃久、財満健太、村井雄治、山口智広、沢城千春、村井雄治、財満健太、小澤亜李、小堀幸、古川由利奈、山口智広,7.5,5088,https://lain.bgm.tv/r/400/pic/cover/l/15/36/210458_Cn1uz.jpg,https://bangumi.tv/subject/210458
1003,圣斗士星矢,TV,114,1986-10-11,車田正美,小山高生、山崎忠昭、菅良幸、立川元教,古谷徹、江森浩子、魏晶琦、魏伯勤、鈴置洋孝、宋克軍、橋本晃一、劉傑、詹雅菁、堀川りょう、魏晶琦、堀秀行、楊凱凱、劉傑、潘恵子、楊凱凱、矢田耕司、小林通孝、塩沢兼人、劉傑、戸谷公次、宋克軍、平野正人、魏伯勤、目黒光祐、宋克軍、劉傑、曽我部和恭、宋克軍、三ツ矢雄二、劉傑、池田秀一、劉傑、納谷六朗、魏伯勤、田中秀幸、頓宮恭子、魏伯勤、屋良有作、宋克軍、難波圭一、魏伯勤、玄田哲章、宋克軍、田中亮一、劉傑、山本百合子、魏晶琦、小山茉美、詹雅菁、宮内幸平、劉傑、江森浩子、楊凱凱、広中雅志,7.5,1946,https://lain.bgm.tv/r/400/pic/cover/l/02/24/4843_ol9aY.jpg,https://bangumi.tv/subject/4843
1004,南方公园 第3季,TV,17,1999-04-07,未知,Trey Parker、Matt Stone,Matt Stone、Trey Parker、Matt Stone,7.6,207,https://lain.bgm.tv/r/400/pic/cover/l/14/12/56403_Bw4cQ.jpg,https://bangumi.tv/subject/56403
1005,凡人修仙传 第五季,WEB,52,2026-06-13,王裕仁、林宇昂,王裕仁,钱文青、李诗萌、青泯邑、乔苏、崔郅昊、轩ZONE、张惠霖、王语、万纯、青琳昊、李世荣、大昕、谢轶辉,7.5,348,https://lain.bgm.tv/r/400/pic/cover/l/ac/c9/607915_RBL8u.jpg,https://bangumi.tv/subject/607915
1006,剧场版 白箱,剧场版,1,2020-02-29,水島努,横手美智子,木村珠莉、佳村はるか、千菅春香、髙野麻美、大和田仁美、佐倉綾音、山岡ゆり、米澤円、葉山いくみ、井澤詩織、田丸篤志、松風雅也、中原麻衣、吉野裕行、小林裕介、檜山修之、こぶしのぶゆき、浜田賢二、斎藤寛仁、松本忍、間島淳司、高梨謙吾、伊藤静、日野まり、茅野愛衣、沼倉愛美、山川琴美、西地修哉、小柳基、興津和幸、高木渉、鈴村健一、櫻井孝宏、横尾まり、橋本ちなみ、岩田光央、野瀬育二、高橋李依、高橋伸也、伊藤静、菅原雅芳、保村真、高木渉、小西克幸、福島潤、高橋李依、森谷里美、木村珠莉、宮田幸季、金元寿子、千菅春香、山岡ゆり、米澤円、沼倉愛美、伊藤静、中原麻衣、伊藤静、茅野愛衣、大和田仁美,7.5,6103,https://lain.bgm.tv/r/400/pic/cover/l/12/f3/244761_tGK1D.jpg,https://bangumi.tv/subject/244761
1007,怪医黑杰克,TV,63,2004-10-11,手塚眞,青山弘、森絵都、森田眞由美、會川昇、竹内啓雄、西田正義、千葉克彦、吉村元希、手塚眞、大和屋暁、桑原智,大塚明夫、水谷優子、江森浩子、神奈延年、緑川光,7.5,673,https://lain.bgm.tv/r/400/pic/cover/l/25/46/46036_50zyF.jpg,https://bangumi.tv/subject/46036
1008,瑞克和莫蒂 第五季,TV,10,2021-06-20,Justin、Roiland,,Justin Roiland、Justin Roiland、Sarah Chalke、Chris Parnell、Spencer Grammer、Steve Buscemi,7.5,1985,https://lain.bgm.tv/r/400/pic/cover/l/a8/54/331936_8iIe9.jpg,https://bangumi.tv/subject/331936
1009,魔神英雄传,TV,45,1988-04-15,矢立肇,小山高生、井上敏樹、中弘子、平野靖士、丸尾みほ、高橋義昌、川崎ヒロユキ、鹿島典夫,田中真弓、刘艺、林原めぐみ、郝琳杰、西村知道、玄田哲章、伊倉一恵、山寺宏一、丸山裕子、緒方賢一、島香裕、江原正士、龍田直樹、笹岡繁蔵、千葉繁、郷里大輔、石塚運昇、島香裕、小杉十郎太、勝生真沙子、亀井三郎、水鳥鉄夫、緒方賢一、石塚運昇、江原正士、郷里大輔、石塚運昇、山田礼子、塩屋浩三、大塚芳忠、片岡富枝、山下啓介、郷里大輔、山寺宏一、塩屋浩三、安西正弘、峰あつ子、山寺宏一、戸谷公次、山寺宏一、飯塚昭三、戸谷公次、稲葉実、笹岡繁蔵、稲葉実、笹岡繁蔵、中村秀利、塩屋浩三,7.5,2060,https://lain.bgm.tv/r/400/pic/cover/l/c4/de/1972_It9qp.jpg,https://bangumi.tv/subject/1972
1010,水果篮子,TV,26,2001-07-05,大地丙太郎,池田眞美子、伊丹あき、中瀬理香,堀江由衣、久川綾、関智一、池田恭祐、置鮎龍太郎、今井由香、安原麗子、今井由香、若葉紫、宮本充、齋藤彩夏、名塚佳織、渕崎ゆり子、清水香里、鈴木薫、松本美和、陶山章央、岡村明美、井上和彦、冨永みーな、三石琴乃、南央美、町井美紀、井上倫宏、高橋美紀、七緒はるひ、安原麗子、浅井晴美、うえだゆうじ、梶田夕貴、岡村明美,7.5,2507,https://lain.bgm.tv/r/400/pic/cover/l/1f/50/880_Ny3w9.jpg,https://bangumi.tv/subject/880
1011,宇宙战舰大和号2199 第五章「望乡的银河间空间」,剧场版,4,2013-04-13,未知,大野木寛、武半慎吾、出渕裕,小野大輔、桑島法子、鈴村健一、菅生隆之、千葉繁、大塚芳忠、麦人、井上喜久子、山寺宏一、細谷佳正、田中理恵、久川綾,7.5,208,https://lain.bgm.tv/r/400/pic/cover/l/1c/96/66941_HAC96.jpg,https://bangumi.tv/subject/66941
1012,古诺希亚,TV,21,2025-10-11,市川量也,花田十輝,安済知佳、長谷川育美、鬼頭明里、瀬戸麻沙美、七海ひろき、早見沙織、関智一、中村悠一、佐倉綾音、津田健次郎、花澤香菜、江口拓也、大塚剛央、悠木碧,7.5,5572,https://lain.bgm.tv/r/400/pic/cover/l/17/82/526448_ssr71.jpg,https://bangumi.tv/subject/526448
1013,鲁邦三世 血烟的石川五右卫门,剧场版,2,2017-02-04,小池健,高橋悠也,栗田貫一、小林清志、沢城みゆき、浪川大輔、山寺宏一,7.5,733,https://lain.bgm.tv/r/400/pic/cover/l/b2/5f/192442_r9Bza.jpg,https://bangumi.tv/subject/192442
1014,精神分裂症,剧场版,1,2008-05-16,JérémyClapin,,,7.5,400,https://lain.bgm.tv/r/400/pic/cover/l/d0/5a/14542_5NK5N.jpg,https://bangumi.tv/subject/14542
1015,棒球大联盟 第五季,TV,25,2009-01-10,福島利規,,森久保祥太郎、森田成一、咲野俊介、落合弘治、内田夕夜、乃村健次、小杉十郎太、中國卓郎、浪川大輔、岩村琴美、金田朋子、本多陽子、堀内賢雄、草尾毅、モリノリ久、保村真、野島裕史、川田紳司、遠藤久美子、森川智之、西川葉月,7.5,226,https://lain.bgm.tv/r/400/pic/cover/l/7f/01/2889_14wA0.jpg,https://bangumi.tv/subject/2889
1016,辛普森一家 第一季,TV,13,1989-12-17,未知,,,7.5,246,https://lain.bgm.tv/r/400/pic/cover/l/be/e9/19889_1iI3k.jpg,https://bangumi.tv/subject/19889
1017,小魔女DoReMi ♯,TV,49,2000-02-06,東堂いづみ,吉田玲子、影山由美、大和屋暁、山田隆司、成田良美、前川淳、吉村元希,千葉千恵巳、秋谷智子、松岡由貴、宍戸留美、大谷育江、石毛佐和、永澤菜教、高村めぐみ,7.5,390,https://lain.bgm.tv/r/400/pic/cover/l/94/bd/14876_95Rgc.jpg,https://bangumi.tv/subject/14876
1018,无敌破坏王,剧场版,1,2012-11-02,未知,John C. Reilly,John C. Reilly、胡军、山寺宏一、Jane Lynch、黄雷、田村聖子、Raymond S. Persi、落合弘治、Reuben Langdon、Roger Craig Smith,7.5,2029,https://lain.bgm.tv/r/400/pic/cover/l/a1/81/50658_ymEpF.jpg,https://bangumi.tv/subject/50658
1019,同级生,剧场版,1,2016-02-20,中村章子,中村明日美子,神谷浩史、野島健児、石川英郎,7.5,1340,https://lain.bgm.tv/r/400/pic/cover/l/92/9c/128239_ziq91.jpg,https://bangumi.tv/subject/128239
1020,Re：从零开始的异世界生活,TV,25,2016-04-03,渡邊政治,横谷昌宏、中村能子、梅原英司,小林裕介、高橋李依、水瀬いのり、村川梨衣、新井里美、内山夕実、赤﨑千夏、中村悠一、能登麻美子、子安武人、田村ゆかり、藤原啓治、井口裕香、堀江由衣、堀内賢雄、石川界人、植田佳奈、江口拓也、松岡禎丞、麦人、山本格、室元気、山下大輝、三宅健太、田中あいみ、山村響、柳田淳一、山本兼平、高野麻里佳、小林由美子、石上静香、篠田みなみ、芳野由奈、鈴木絵理、桑原由気、木島隆一、伊沢磨紀、石谷春貴、木村亜希子、千葉進歩、手塚秀彰、名塚佳織、清川元夢、稲田徹、斉藤次郎、青山穣、天﨑滉平、家中宏、鳴海崇志、木島隆一、藤井ゆきよ、大川透、潘めぐみ、乃村健次、梅津秀行、髙橋ミナミ、下和田ヒロキ、日笠陽子、石狩勇気、金元寿子、飛田展男、佐々健太、林大地、野瀬育二、綿貫竜之介、相馬康一、柚木涼香、鳥海浩輔,7.5,24338,https://lain.bgm.tv/r/400/pic/cover/l/cb/78/140001_Ew1mo.jpg,https://bangumi.tv/subject/140001
1021,苍穹之法芙娜,TV,26,2004-07-04,羽原信義,山野辺一記、冲方丁,石井真、豊口めぐみ、喜安浩平、松本まりか、仲西環、松来未祐、入野自由、新井里美、斎賀みつき、白石稔、小林沙苗、白石涼子、福圓美里、佐々木望、田中正彦、土師孝也、篠原恵美、ゆかな、葛城七穂、堀秀行、石川静、高瀬右光、さとうあい、新垣樽助、玉川砂記子、京田尚子、沢海陽子、森功至、小杉十郎太、内田直哉、藤田淑子、真殿光昭、豊口めぐみ、ゆかな、白石涼子、中田譲治、小宮和枝、小山力也、ゆきのさつき,7.5,2057,https://lain.bgm.tv/r/400/pic/cover/l/ec/7f/2936_L8R68.jpg,https://bangumi.tv/subject/2936
1022,火凤燎原 第二季,WEB,16,2025-01-16,陳某,留安翊,沈磊、杜光祎、林景、张琦、凌振赫、蒋可、杨超然、吴磊、徐翔,7.5,259,https://lain.bgm.tv/r/400/pic/cover/l/8e/da/456163_B5C63.jpg,https://bangumi.tv/subject/456163
1023,超能勇士：变形金刚,TV,52,1996-09-16,未知,,Garry Chalk、子安武人、Scott McNeil、Scott McNeil、Garry Chalk、矢尾一樹,7.5,552,https://lain.bgm.tv/r/400/pic/cover/l/f4/d3/25716_kKmL9.jpg,https://bangumi.tv/subject/25716
1024,机器人之梦,剧场版,1,2023-05-20,PabloBerger,SaraVaron,,7.5,855,https://lain.bgm.tv/r/400/pic/cover/l/f7/fb/447503_batBi.jpg,https://bangumi.tv/subject/447503
1025,棒球大联盟 第六季,TV,25,2010-04-03,福島利規,満田拓也,森久保祥太郎、森田成一、咲野俊介、落合弘治、浪川大輔、朴璐美、石井康嗣、森川智之、金田朋子、本多陽子、内田夕夜、乃村健次、野島裕史、榎本温子、くまいもとこ、金光宣明,7.5,228,https://lain.bgm.tv/r/400/pic/cover/l/7d/62/4293_rqzH3.jpg,https://bangumi.tv/subject/4293
1026,卫宫家今天的饭,WEB,13,2017-12-31,三浦貴博、佐藤哲人,近藤光、三浦貴博,川澄綾子、杉山紀彰、野田順子、下屋則子、諏訪部順一、門脇舞以、七緒はるひ、植田佳奈、金元寿子、伊藤美紀、宮川美保、神奈延年、浅川悠、田中敦子、てらそままさき、三木眞一郎、真殿光昭、志村知幸、野田順子、結下みちる、中尾衣里、中川里江、小山力也、増田俊樹、市来光弘,7.5,8859,https://lain.bgm.tv/r/400/pic/cover/l/bb/27/234349_7G58b.jpg,https://bangumi.tv/subject/234349
1027,牧笛,剧场版,1,1963,特伟、钱家骏,特伟,,7.5,216,https://lain.bgm.tv/r/400/pic/cover/l/ed/3a/109604_2K86K.jpg,https://bangumi.tv/subject/109604
1028,火柴人 VS 我的世界,未知,0,未知,未知,,,7.7,77,https://lain.bgm.tv/r/400/pic/cover/l/57/ea/332973_K9kFp.jpg,https://bangumi.tv/subject/332973
1029,哆啦A梦：大雄的奇幻大冒险,剧场版,1,2007-03-10,寺本幸代,真保裕一,水田わさび、陳美貞、大原めぐみ、黄笑嬿、楊凱凱、かかずゆみ、詹佳、許淑嬪、木村昴、于正昌、吴磊、関智一、翟巍、劉傑、千秋、黄怡晴、松元環季、相武紗季、黄莺、松本保典、桂楠、三石琴乃、萩野志保子、武向彤,7.5,961,https://lain.bgm.tv/r/400/pic/cover/l/5e/f0/475_ZoRdV.jpg,https://bangumi.tv/subject/475
1030,阿拉蕾,TV,74,1997-11-26,未知,前川淳、西園悟、山田健一、玉井☆豪、成田良美、丸尾みほ、吉村元希,川田妙子、矢田耕司,7.5,633,https://lain.bgm.tv/r/400/pic/cover/l/16/25/4025_O8IJR.jpg,https://bangumi.tv/subject/4025
1031,记忆管理局,未知,1,2020-09-30,刘文钰、李书宇,李书宇、刘文钰,,7.5,669,https://lain.bgm.tv/r/400/pic/cover/l/ce/5c/316037_rt0RF.jpg,https://bangumi.tv/subject/316037
1032,恶魔阿萨谢尔在召唤你,OVA,2,2010-02-22,水島努,谷村大四郎,小野坂昌也、浪川大輔、佐藤利奈、神谷浩史、玄田哲章,7.5,1860,https://lain.bgm.tv/r/400/pic/cover/l/90/7e/14514_CQAeE.jpg,https://bangumi.tv/subject/14514
1033,电影 光之美少女 All Stars DX3 传达到未来！连结世界☆彩虹之花！,剧场版,1,2011-03-19,大塚隆史,村山功,小清水亜美、折笠富美子、本名陽子、ゆかな、田中理恵、樹元オリエ、榎本温子、三瓶由布子、竹内順子、伊瀬茉莉也、永野愛、前田愛、仙台エリ、沖佳苗、喜多村英梨、中川亜紀子、小松由佳、水樹奈々、水沢史絵、久川綾、桑島法子、三石琴乃、速水奨、朴璐美、大塚明夫、藤原啓治、勝生真沙子、檜山修之、塩屋浩三、山寺宏一,7.5,332,https://lain.bgm.tv/r/400/pic/cover/l/15/83/13045_MjhWH.jpg,https://bangumi.tv/subject/13045
1034,出包王女Darkness,TV,12,2012-10-05,大槻敦史,大槻敦史、丸川直子、石田健幸、松村ゆかり,渡辺明乃、豊崎愛生、福圓美里、井口裕香、戸松遥、矢作紗友里、伊藤かな恵、日高里菜、花澤香菜、名塚佳織、緒乃冬華、能登麻美子、川澄綾子、橋本まい、水橋かおり、柚木涼香、千葉千恵巳、柚木涼香、吉野裕行、緒方賢一、新井里美、櫻井浩美、吉野裕行、早水リサ、福圓美里、子安武人、緒乃冬華、千葉千恵巳、松岡禎丞、高橋美佳子、野坂尚也,7.5,5943,https://lain.bgm.tv/r/400/pic/cover/l/46/3e/37694_M7zzE.jpg,https://bangumi.tv/subject/37694
1035,道子与哈金,TV,22,2008-10-15,山本沙代,宇治田隆史,日高里菜、真木よう子、大後寿々花、津田寛治、新井海人、坂井真紀、野村涼乃、村上淳、光石研、河内孝博,7.5,1221,https://lain.bgm.tv/r/400/pic/cover/l/3e/89/919_2yj4O.jpg,https://bangumi.tv/subject/919
1036,超超超超超喜欢你的100个女朋友 第二季,TV,12,2025-01-12,佐藤光,山田靖智、鴻野貴光、あおしまたかし,加藤渉、進藤あまね、三森すずこ、高橋李依、Lynn、高尾奏音、本渡楓、富田美憂、長縄まりあ、瀬戸麻沙美、朝井彩加、上坂すみれ、千葉繁、石田彰、くじら、榊原優希、斉藤貴美子、伊駒ゆりえ、小西克幸、田中文哉、神田みか、ニケライ・ファラナーゼ、河瀬茉希、岡田幸子、川村海乃、伊澄ちしろ、佐内瑠奈、神本綾華、佐藤日向、羽紫さや花、阿部菜摘子、青木陽菜、橘龍丸、津田美波、天野宏郷、塩屋翼、矢野茜、櫻井陽菜、長妻樹里、秋山諒、有隅融、木暮晃石、三上大輝、緒方佑奈、天海由梨奈、中根久美子、中根久美子、廣瀬武央、山本彬、丹羽哲士、秋保佐永子、中山祥徳、うえだゆうじ,7.4,6970,https://lain.bgm.tv/r/400/pic/cover/l/1d/bd/471793_nQ5TT.jpg,https://bangumi.tv/subject/471793
1037,我们不可能成为恋人！绝对不行。 (※似乎可行？),TV,12,2025-07-07,内沼菜摘,荒川稔久,中村カンナ、大西沙織、安齋由香里、市ノ瀬加那、田中貴子、相良茉優、斎藤千和、若山詩音、佐藤未奈子、中原麻衣、ゆかな、天希かのん、阿部菜摘子、白石兼斗、長岡龍歩、山本希望、天希かのん、阿部菜摘子、小形満、稲垣好、荻野葉月、結川あさき,7.4,11433,https://lain.bgm.tv/r/400/pic/cover/l/ae/03/524707_1quxk.jpg,https://bangumi.tv/subject/524707
1038,糖果男孩,WEB,7,2008-05-02,ほしかわたかふみ,ほしかわたかふみ、鈴木雅詞,柚木涼香、生天目仁美、加藤英美里、小林ゆう、太田哲治,7.5,2257,https://lain.bgm.tv/r/400/pic/cover/l/46/b2/2829_m02t0.jpg,https://bangumi.tv/subject/2829
1039,齐木楠雄的灾难 再始动篇,WEB,6,2019-12-30,桜井弘明,麻生周一（集英社ジャンプコミックス刊）、音地正行,神谷浩史、茅野愛衣、鳥海浩輔、東山奈央,7.4,5705,https://lain.bgm.tv/r/400/pic/cover/l/c8/e0/278899_zYS01.jpg,https://bangumi.tv/subject/278899
1040,Concrete Revolutio 超人幻想,TV,13,2015-10-04,水島精二,會川昇、辻真先,石川界人、上坂すみれ、豊崎愛生、川島得愛、中村繪里子、金尾哲夫、鈴村健一、三木眞一郎、大川透、浪川大輔、山根舞、逢坂力、西田雅一、水樹奈々、阿澄佳奈、西田雅一、小西克幸、拝真之介、村瀬歩、竹達彩奈、立花慎之介、三宅健太、野島健児、高橋研二、勝杏里、佐藤健輔、相楽信頼、櫻井トオル、関智一、長南翔太、大橋彩香、ささかまリス子、深川芹亜、上花楓裏、思春ももせ、香坂さき、明坂聡美、舞川みやこ、沢井美優、キャンディスン、木内秀信、最上嗣生、田中正彦、嶋村侑、菊地瞳、飛田展男、清水理沙、大友龍三郎、木村拓、大原崇、平井祥恵、亜城めぐ,7.4,3344,https://lain.bgm.tv/r/400/pic/cover/l/e7/8c/139022_DygC6.jpg,https://bangumi.tv/subject/139022
1041,剧场版宝可梦: 超梦的逆袭,剧场版,1,1998-07-18,湯山邦彦,首藤剛志,大谷育江、市村正親、松本梨香、飯塚雅弓、傅其慧、うえだゆうじ、愛河里花子、犬山イヌコ、山寺宏一、林原めぐみ、三木眞一郎、秋元羊介,7.5,1888,https://lain.bgm.tv/r/400/pic/cover/l/c8/86/3022_v7H3d.jpg,https://bangumi.tv/subject/3022
1042,企鹅公路,剧场版,1,2018-08-17,石田祐康,上田誠、渡辺葉,北香那、蒼井優、久野美咲、釘宮理恵、潘めぐみ、福井美樹、西島秀俊、孟令军、竹中直人、能登麻美子、久野美咲、地蔵堂武大、村瀬迪与,7.4,5299,https://lain.bgm.tv/r/400/pic/cover/l/29/d6/239270_7728d.jpg,https://bangumi.tv/subject/239270
1043,宇宙战舰大和号2199 第一章「踏上遥远的征途」,剧场版,2,2012-04-07,西崎義展,出渕裕,小野大輔、桑島法子、鈴村健一、菅生隆之、千葉繁、大塚芳忠、麦人、井上喜久子、細谷佳正、田中理恵、久川綾,7.5,282,https://lain.bgm.tv/r/400/pic/cover/l/87/10/37745_Fbxub.jpg,https://bangumi.tv/subject/37745
1044,机动战士高达UC,OVA,7,2010-03-12,古橋一浩,むとうやすゆき,内山昂輝、藤村歩、池田秀一、甲斐田裕子、成田剣、下野紘、戸松遥、柿原徹也、手塚秀彰、小山力也、チョー、梅津秀行、小松史法、菅生隆之、青山穣、永井一郎、高木渉、塩田朋子、横堀悦夫、有本欽隆、小川真司、Dave B. Mitchell、Yuri Lowenthal、浪川大輔、豊口めぐみ、内田直哉、渡辺美佐、佐藤正治、東地宏樹、三宅健太、伊瀬茉莉也、石塚運昇、石塚運昇、中村悠一、勝杏里、安元洋貴、古谷徹、広橋涼、池田秀一、古川登志夫、潘恵子、川村万梨阿,7.4,4000,https://lain.bgm.tv/r/400/pic/cover/l/53/2b/3113_5LZc5.jpg,https://bangumi.tv/subject/3113
1045,Re：从零开始的异世界生活 第二季,TV,13,2020-07-08,渡邊政治,横谷昌宏、中村能子、梅原英司,小林裕介、高橋李依、岡本信彦、石田彰、河西健吾、坂本真綾、内山夕実、水瀬いのり、村川梨衣、新井里美、子安武人、天﨑滉平、名塚佳織、高野麻里佳、田中あいみ、高橋李依、久野美咲、中原麻衣、石見舞菜香、能登麻美子、井口裕香、堀江由衣、堀内賢雄、鈴木絵理、東山奈央、小松未可子,7.4,15802,https://lain.bgm.tv/r/400/pic/cover/l/16/79/278826_w85gd.jpg,https://bangumi.tv/subject/278826
1046,轻拍翻转小魔女,TV,13,2016-10-06,押山清高,綾奈ゆにこ、関根アユミ、押山清高、久弥直樹,M・A・O、髙橋ミナミ、大橋彩香、津田健次郎、櫻井孝宏、天﨑滉平、井上沙香、歳納愛梨、福島潤、日笠陽子、興津和幸、村瀬迪与、大西沙織、久保田民絵、高野麻里佳、茅野愛衣、樫井笙人,7.4,4344,https://lain.bgm.tv/r/400/pic/cover/l/a4/cb/174584_7tQO4.jpg,https://bangumi.tv/subject/174584
1047,超元气三姐妹 增量中！,TV,8,2011-01-08,太田雅彦,子安秀明、鴻野貴光、杉原研二、太田雅彦、あおしまたかし,高垣彩陽、戸松遥、明坂聡美、下野紘、天田益男、斎藤千和、茅原実里、豊崎愛生、大原桃子、葉山いくみ、三瓶由布子,7.5,1952,https://lain.bgm.tv/r/400/pic/cover/l/49/10/10071_XZbYl.jpg,https://bangumi.tv/subject/10071
1048,现视研 二代目,TV,13,2013-07-06,水島努,後藤みどり、横手美智子,山本希望、上坂すみれ、内山夕実、加隈亜衣、山本和臣、大空直美、興津和幸、ゆかな、福山潤、小橋達也、大原桃子、佐藤利奈、近藤孝行、安元洋貴、小林未沙、葉山いくみ、米澤円、多田このみ、能登麻美子、斎藤寛仁、日野まり、小笠原早紀、早乙女翔、田丸裕臣、阿久津加菜、山岡ゆり、種田梨沙、優木かな、浜田賢二、笹本菜津枝,7.4,2331,https://lain.bgm.tv/r/400/pic/cover/l/de/2a/71802_k0v3u.jpg,https://bangumi.tv/subject/71802
1049,飞哥与小佛 第一季,TV,47,2007-08-17,未知,,宮田幸季、Thomas Brodie-Sangster、増田裕生,7.5,522,https://lain.bgm.tv/r/400/pic/cover/l/e0/6c/39507_E9Q1E.jpg,https://bangumi.tv/subject/39507
1050,蓝色巨星,剧场版,1,2023-02-17,立川譲,NUMBER 8,山田裕貴、岡山天音、間宮祥太朗、近藤雄介、須田美玲、乃村健次、東地宏樹、木下紗華、加藤将之、高橋伸也、青山穣、木内秀信,7.5,1376,https://lain.bgm.tv/r/400/pic/cover/l/32/53/353792_VE3lM.jpg,https://bangumi.tv/subject/353792
1051,魔方大厦,TV,10,1990-09,查侃,顾汉昌、查侃、强小柏、王大为,,7.5,1081,https://lain.bgm.tv/r/400/pic/cover/l/02/e6/2215_9Gfbo.jpg,https://bangumi.tv/subject/2215
1052,猫头鹰魔法社,TV,19,2020-01-10,StephenSandoval、StuLivingston、AminderDhaliwal,,Mela Lee、Cissy Jones、Robin Atkin Downes、Erica Lindbeck、Kimberly Brooks,7.6,127,https://lain.bgm.tv/r/400/pic/cover/l/53/27/313213_A74qR.jpg,https://bangumi.tv/subject/313213
1053,忍者乱太郎 1期,TV,47,1993-04-10,尼子騒兵衛,藤森雅也,高山みなみ、田中真弓、一龍斎貞友,7.5,511,https://lain.bgm.tv/r/400/pic/cover/l/dc/49/4264_XDxQ7.jpg,https://bangumi.tv/subject/4264
1054,飞哥与小佛 第二季,TV,38,2009-02-19,ZacMoncrief,,,7.6,102,https://lain.bgm.tv/r/400/pic/cover/l/5a/9a/322876_FsJpF.jpg,https://bangumi.tv/subject/322876
1055,龙珠超 布罗利,剧场版,1,2018-12-14,長峯達也,鳥山明,野沢雅子、郝祥海、堀川りょう、皇贞季、島田敏、森下由樹子、郭盛、久川綾、山新、堀川りょう、野沢雅子、水樹奈々、杉田智和、古川登志夫、赵毅、中尾隆聖、图特哈蒙、山寺宏一、刘琮、森田成一、藤新、宝亀克寿、野沢雅子、郝祥海、渡辺菜生子、月夜桥、千葉繁、稲田徹、大友龍三郎、草尾毅、野沢雅子,7.4,2150,https://lain.bgm.tv/r/400/pic/cover/l/79/a4/240287_CQpr9.jpg,https://bangumi.tv/subject/240287
1056,歌牌情缘 第三季,TV,24,2019-10-22,浅香守生,柿原優子、千葉美鈴,瀬戸麻沙美、宮野真守、細谷佳正、寺崎裕香、奈良徹、茅野愛衣、代永翼、潘めぐみ、入野自由、中道美穂子、甲斐田裕子、七瀬亜深、東地宏樹、鳳芳野、中井和哉、大原崇、林原めぐみ、斎賀みつき、高垣彩陽、荘司美代子、三宅健太、佐藤健輔、阪口大助、坂本真綾、水瀬いのり、安済知佳,7.4,1550,https://lain.bgm.tv/r/400/pic/cover/l/c2/65/238815_Vaf2J.jpg,https://bangumi.tv/subject/238815
1057,NHK15个动画短片,TV,15,2007-05-07,Michael、Arias、河森正治、清水保行、ソエジマヤスフミ、小林治、林明美、西見祥示郎、木村真二、押井守、新海誠、村田蓮爾、中澤一登、竹内敦志、前田真宏、今敏,,,7.4,2115,https://lain.bgm.tv/r/400/pic/cover/l/37/70/4193_acm67.jpg,https://bangumi.tv/subject/4193
1058,宝可梦XY,TV,92,2013-10-17,矢嶋哲生,冨岡淳広、大橋志吉、藤田伸三、面出明美、米村正二、武上純希、園田英樹,大谷育江、松本梨香、牧口真幸、梶裕貴、かないみか、伊瀬茉莉也、佐藤恵、犬山イヌコ、林原めぐみ、三木眞一郎、寺崎裕香、うえだゆうじ、赤﨑千夏、赤﨑千夏、三木眞一郎、三宅健太、寺崎裕香、寺崎裕香、赤﨑千夏、林原めぐみ、生天目仁美、小堀友里絵、大谷育江、うえだゆうじ、渡辺明乃、真堂圭、林沙織、赤﨑千夏、ゆきのさつき、石松千恵美、折笠富美子、林美秀、赤﨑千夏、古島清孝、藤村知可、佐藤健輔、下屋則子、浅井清己、林美秀、李程远,7.4,1935,https://lain.bgm.tv/r/400/pic/cover/l/ca/e3/78799_f9bqW.jpg,https://bangumi.tv/subject/78799
1059,凸变英雄,WEB,12,2016-10-04,李豪凌,李豪凌,图特哈蒙、津田健次郎、山新、月野もあ、西田望見、藤新、杉田智和、李璐、青山穣,7.4,2554,https://lain.bgm.tv/r/400/pic/cover/l/9a/52/192247_gGxkg.jpg,https://bangumi.tv/subject/192247
1060,机动战士Z高达 A New Translation -星之继承者-,剧场版,1,2005-05-28,富野由悠季,富野由悠季,飛田展男、池田秀一、鈴置洋孝、郷里大輔、森しん、小杉十郎太、岡本麻弥、新井里美、島田敏、勝生真沙子、西村知道、石井康嗣、大塚芳忠、浅野まゆみ、大川透、浪川大輔、柳井久代、沢木郁也、戸谷公次、中村秀利、塩屋浩三、新井里美、檜山修之、小松由佳,7.4,1042,https://lain.bgm.tv/r/400/pic/cover/l/54/3e/5378_AhaCA.jpg,https://bangumi.tv/subject/5378
1061,言叶之庭,剧场版,1,2013-05-31,新海誠,新海誠,入野自由、張乃文、張立昂、鈕凱暘、魏晶琦、花澤香菜、魏晶琦、丘梅君、平野文、李昀晴、陳貞伃、寺崎裕香、陳貞伃、李昀晴、前田剛、吳文民、梁興昌、井上優、馬伯強、賴緯、潘めぐみ、張乃文、王貞令、小松未可子、李昀晴、陳貞伃,7.4,16534,https://lain.bgm.tv/r/400/pic/cover/l/bc/43/58949_rCnOB.jpg,https://bangumi.tv/subject/58949
1062,头文字D Fourth Stage,TV,24,2004-04-17,冨永恒雄,岸間信明,三木眞一郎、関智一、子安武人、石塚運昇、西凜太朗、中村大樹、佐々木誠二、森川智之、高瀬右光、中田和宏、松本保典、豊口めぐみ、堀川仁、吉野裕行、天田益男、真殿光昭、柚木涼香、江原正士、大友龍三郎、岩田光央、矢尾一樹、高木渉、西村知道、細井治、岡野浩介、田中正彦、川原和久,7.4,1165,https://lain.bgm.tv/r/400/pic/cover/l/c9/11/3816_733CB.jpg,https://bangumi.tv/subject/3816
1063,壳中少女 压缩,剧场版,1,2010-11-06,工藤進,冲方丁,林原めぐみ、八嶋智人、東地宏樹、中井和哉、磯部勉,7.4,2346,https://lain.bgm.tv/r/400/pic/cover/l/dd/f8/4274_bnzIo.jpg,https://bangumi.tv/subject/4274
1064,魔角侦探之大三角计划,TV,52,2012-07-23,付博,付博、钟鸣,阿杰、唐小喜、吴凌云、季冠霖、张磊、姜广涛、阿杰、姜广涛,7.5,297,https://lain.bgm.tv/r/400/pic/cover/l/a0/45/43099_wKF2w.jpg,https://bangumi.tv/subject/43099
1065,青春猪头少年不会梦到兔女郎学姐,TV,13,2018-10-03,増井壮一,横谷昌宏,瀬戸麻沙美、石川界人、種﨑敦美、久保ユリカ、東山奈央、内田真礼、内田雄馬、水瀬いのり、茜屋日海夏、佐藤聡美、雨宮天、大津愛理、東城日沙子、久保ユリカ、水中雅章、内村史子、相川奈都姫、亀岡真美、志村知幸、日永麗、武田愛奈、涼花萌、岡咲美保、遠藤綾、影山灯、饭坂纱幸、波乃りん、鷲見昂大、白石兼斗、丸岡和佳奈,7.4,24524,https://lain.bgm.tv/r/400/pic/cover/l/b9/45/240038_b5j7g.jpg,https://bangumi.tv/subject/240038
1066,黑塔利亚 第2期,WEB,26,2009-07-27,ボブ白旗,河南正昭,浪川大輔、安元洋貴、高橋広樹、小西克幸、杉山紀彰、小野坂昌也、高戸靖広、甲斐田ゆき、高乃麗、浪川大輔、武内健、髙坂篤志、朴璐美、釘宮理恵、井上剛、小西克幸、折笠愛、たなかこころ、水島大宙、増田ゆき、金田アキ、笹沼晃、金野潤、根谷美智子、郷田ほづみ、甲斐田ゆき,7.4,2100,https://lain.bgm.tv/r/400/pic/cover/l/b3/b4/1741_db1mu.jpg,https://bangumi.tv/subject/1741
1067,烟草,TV,12,2019-01-09,たつき,たつき,小松未可子、清都ありさ、鷲見友美ジェナ、野島健児、天沢カンナ、三村ゆうな、関根明良、小松未可子、小松未可子,7.4,3413,https://lain.bgm.tv/r/400/pic/cover/l/b2/01/237423_S1Sxz.jpg,https://bangumi.tv/subject/237423
1068,真实之泪,TV,13,2008-01-05,西村純二,岡田麿里、西村純二、森田眞由美,石井真、高垣彩陽、名塚佳織、井口裕香、吉野裕行、増田裕生、渡辺智美、藤原啓治、高橋理恵子,7.4,7284,https://lain.bgm.tv/r/400/pic/cover/l/ed/de/309_958Es.jpg,https://bangumi.tv/subject/309
1069,小林家的龙女仆,TV,14,2017-01-11,武本康弘,志茂文彦、武本康弘、西川昌志、山田由香,田村睦心、常蓉珊、桑原由気、钱琛、長縄まりあ、沈欣如、高田憂希、贺文潇、髙橋ミナミ、李诗萌、小野大輔、郭浩然、中村悠一、谷江山、加藤英美里、赵爽、後藤邑子、Felecia Angelle、石原夏織、幽舞越山、石原夏織、高橋伸也、高橋伸也、高橋伸也、千菅春香、菅生隆之、高橋伸也、玉川砂記子、嶋村侑、高橋伸也、中根久美子,7.4,22648,https://lain.bgm.tv/r/400/pic/cover/l/e9/15/179949_c2j50.jpg,https://bangumi.tv/subject/179949
1070,宇宙战舰大和号2199 第二章「死战太阳系」,剧场版,4,2012-06-30,未知,大野木寛、出渕裕、森田繁,小野大輔、桑島法子、鈴村健一、菅生隆之、千葉繁、大塚芳忠、麦人、山寺宏一、細谷佳正、田中理恵、久川綾,7.5,236,https://lain.bgm.tv/r/400/pic/cover/l/59/3f/47730_cJnuw.jpg,https://bangumi.tv/subject/47730
1071,机动战士高达 闪光的哈萨维 喀耳刻的魔女,剧场版,1,2026-01-30,村瀬修功,むとうやすゆき,佐々木望、小野賢章、上田麗奈、諏訪部順一、早見沙織、斉藤壮馬、永瀬アンナ、喜屋武和輝、佐藤日向、内田修一、木村太飛、白熊寛嗣、高橋伸也、観世智顕、山下泰希、種﨑敦美、新井里美、成田剣、古谷徹、川村万梨阿,7.5,439,https://lain.bgm.tv/r/400/pic/cover/l/a0/6f/243430_ntVVy.jpg,https://bangumi.tv/subject/243430
1072,甜梦猫,TV,48,2020-04-05,桜井弘明,水上清資、金杉弘子、横谷昌宏、今千秋、中村能子、稲葉央明、大場小ゆり,村上奈津実、伊藤彩沙、幸村恵理、小林裕介、高野麻里佳、ファイルーズあい、豊崎愛生、久保ユリカ、金元寿子、田村睦心、釘宮理恵、久野美咲、藤原夏海、小越勇輝、井上喜久子、市ノ瀬加那、広瀬ゆうき、真野あゆみ、貫井柚佳、藤井ゆきよ、興津和幸、大地葉、M・A・O、峯田茉優、寺崎裕香、竹本英史、大原さやか、浜田賢二、泊明日菜,7.5,401,https://lain.bgm.tv/r/400/pic/cover/l/16/47/289829_8IDIm.jpg,https://bangumi.tv/subject/289829
1073,黄金宝贝,OVA,6,1995-10-27,北久保弘之,江川達也、川元利浩,岩田光央、鶴ひろみ、皆口裕子、白鳥由里、井上喜久子、玉川砂記子、かないみか、小山裕香、納谷悟朗,7.4,2123,https://lain.bgm.tv/r/400/pic/cover/l/bd/48/7206_3qMq9.jpg,https://bangumi.tv/subject/7206
1074,翼·年代记 春雷记,OVA,2,2009-03-17,多田俊介,大川七瀬,入野自由、入野自由、牧野由依、福山潤、菊地美香、稲田徹、浪川大輔、笠原弘子、岸祐二,7.4,997,https://lain.bgm.tv/r/400/pic/cover/l/6b/8b/2895_94i9P.jpg,https://bangumi.tv/subject/2895
1075,出包王女Darkness OAD,OVA,9,2012-08-17,大槻敦史,大槻敦史,渡辺明乃、豊崎愛生、福圓美里、井口裕香、伊藤かな恵、戸松遥、福圓美里、矢作紗友里、花澤香菜、名塚佳織、能登麻美子、緒乃冬華、柚木涼香、柚木涼香、新井里美、櫻井浩美、城雅子、吉野裕行、高橋美佳子、麻生智久、阿部敦、千葉千恵巳、千葉千恵巳、吉野裕行、緒方賢一、福圓美里、矢作紗友里、日高里菜、井上喜久子、野島健児、中原麻衣、早水リサ、緒乃冬華、松岡禎丞、柳田淳一、河西健吾、村田太志、杉崎亮、飯田友子,7.4,2795,https://lain.bgm.tv/r/400/pic/cover/l/07/a4/45884_z38NU.jpg,https://bangumi.tv/subject/45884
1076,罗德斯岛战记,OVA,13,1990-06-30,永丘昭典、牧野滋人、山田勝久、竜大司、水野和則、さかいあきお、川崎博嗣,金巻兼一、渡辺麻実,草尾毅、冬馬由美、坂口芳貞、玉川砂記子、神谷明、山口勝平、田中秀幸、若本規夫、榊原良子、榊原良子、高山みなみ、池田秀一、阪脩、速水奨、石田太郎、青野武、大木民夫、玄田哲章、佐久間レイ、中田譲治、森功至,7.4,1178,https://lain.bgm.tv/r/400/pic/cover/l/ae/87/4406_5mmp9.jpg,https://bangumi.tv/subject/4406
1077,强袭魔女 通往柏林之路,TV,12,2020-10-07,高村和宏,浦畑達彦、あおしまたかし、築地俊彦、鈴木貴昭、村上深夜、髙橋秀弥,福圓美里、世戸さおり、名塚佳織、沢城みゆき、内田彩、田中理恵、園崎未恵、野川さくら、斎藤千和、小清水亜美、門脇舞以、大橋歩夕、野川さくら、小林星蘭、佐藤利奈、加隈亜衣、郷田ほづみ,7.4,1041,https://lain.bgm.tv/r/400/pic/cover/l/39/ad/253046_IjUfm.jpg,https://bangumi.tv/subject/253046
1078,Code Geass 反叛的鲁路修R2 零之镇魂曲,OVA,1,2009-07-24,未知,,千葉紗子、幸野善之、私市淳、内田聡明、三戸耕三,7.4,974,https://lain.bgm.tv/r/400/pic/cover/l/91/c3/99952_DoOvX.jpg,https://bangumi.tv/subject/99952
1079,企鹅家族,TV,104,1986-05-28,未知,,,7.6,109,https://lain.bgm.tv/r/400/pic/cover/l/c3/a5/36134_t5H3l.jpg,https://bangumi.tv/subject/36134
1080,水色时代,TV,47,1996-04-04,ときたひろこ,武上純希、荒川稔久、吉田玲子,鈴木真仁、樋口智恵子、坂本真綾,7.7,64,https://lain.bgm.tv/r/400/pic/cover/l/fb/6f/82384_z0rH2.jpg,https://bangumi.tv/subject/82384
1081,咱们裸熊,TV,26,2015-07-27,MannyHernandez,Daniel Chong,謝一帆、川原慶久、Bobby Moynihan、Duncan Joiner、鈕凱暘、诺亚、谷山紀章、孫誠、保村真、馬伯強,7.4,1054,https://lain.bgm.tv/r/400/pic/cover/l/5a/38/141852_L2RHp.jpg,https://bangumi.tv/subject/141852
1082,血界战线,TV,12,2015-04-04,松本理恵,古家和尚,阪口大助、小山力也、中井和哉、宮本充、小林ゆう、釘宮理恵、釘宮理恵、釘宮理恵、半田裕典、折笠愛、銀河万丈、内田雄馬、大塚明夫、石塚運昇、宮野真守、藤原啓治、緑川光、石田彰、水樹奈々、こおろぎさとみ、上田麗奈、沢城みゆき、各務立基、柴田秀勝、木内秀信、ゆかな、西村知道、後藤哲夫、山路和弘、飯塚昭三、三上哲、能登麻美子、置鮎龍太郎、大谷育江、塩屋浩三、梶裕貴、斧アツシ、飛田展男、三宅健太、川﨑芽衣子、立木文彦、高橋広樹、高木渉、木村雅史、内田夕夜、沢木郁也、北川里奈,7.4,9664,https://lain.bgm.tv/r/400/pic/cover/l/f9/2c/105075_iNy58.jpg,https://bangumi.tv/subject/105075
1083,贤治之春,TV,1,1996-12-14,河森正治,河森正治,佐野史郎,7.5,339,https://lain.bgm.tv/r/400/pic/cover/l/0b/10/3697_4ZzCx.jpg,https://bangumi.tv/subject/3697
1084,鬼妈妈,剧场版,1,2009-02-06,Henry、Selick,Henry Selick,,7.4,779,https://lain.bgm.tv/r/400/pic/cover/l/4e/01/103470_FpNle.jpg,https://bangumi.tv/subject/103470
1085,樱花庄的宠物女孩,TV,24,2012-10-08,いしづかあつこ,岡田麿里、鴨志田一、志茂文彦、花田十輝、伊藤美智子、小柳啓伍,松岡禎丞、茅野愛衣、中津真莉、高森奈津美、櫻井孝宏、豊口めぐみ、堀江由衣、川澄綾子、堀江由衣、大西沙織、早見沙織、藤村歩、島﨑信長、高橋美佳子、日野聡、小倉唯、大坪由佳,7.4,18896,https://lain.bgm.tv/r/400/pic/cover/l/01/a2/41488_qw09G.jpg,https://bangumi.tv/subject/41488
1086,机动战士高达 剧场版Ⅱ 哀·战士,剧场版,1,1981-07-11,関田修,星山博之、荒木芳久、山本優、松崎健一,古谷徹、井上瑤、池田秀一、仲木隆司、松本大、塩沢兼人、田中正彦、徳丸完、井上瑤、幹本雄之、佐藤正治、石森達幸、田中一成、高塚正也、緒方文興、三輪禎大、岸尾だいすけ,7.4,1293,https://lain.bgm.tv/r/400/pic/cover/l/4d/fa/38436_9g4G1.jpg,https://bangumi.tv/subject/38436
1087,Love Live! 虹咲学园校园偶像同好会 第二季,TV,13,2022-04-02,河村智之,田中仁、大内珠帆、伊藤睦美、平林佐和子,矢野妃菜喜、大西亜玖璃、相良茉優、前田佳織里、久保田未夢、村上奈津実、鬼頭明里、楠木ともり、指出毬亜、田中ちえ美、小泉萌香、内田秀、法元明菜、山北早紀、愛美、石川由依、日笠陽子、本渡楓、大森日雅、近藤玲奈、千本木彩花、杉山里穂、市ノ瀬加那、佐々木李子,7.4,4371,https://lain.bgm.tv/r/400/pic/cover/l/78/6f/335579_3ldtt.jpg,https://bangumi.tv/subject/335579
1088,宇宙巡警露露子,TV,13,2016-04-01,今石洋之,今石洋之、若林広海、うえのきみこ、佐藤裕、雨宮哲,M・A・O、榎木淳弥、新谷真弓、稲田徹、岩田光央、本名陽子、檜山修之、村瀬迪与、小西克幸、広田みのる、利根健太朗、大畑伸太郎、中恵光城,7.4,5266,https://lain.bgm.tv/r/400/pic/cover/l/eb/e9/168204_Mymk9.jpg,https://bangumi.tv/subject/168204
1089,南方公园 第4季,TV,17,2000-04-05,未知,Trey Parker、Matt Stone,Trey Parker、Matt Stone,7.5,204,https://lain.bgm.tv/r/400/pic/cover/l/66/de/60601_KSzYA.jpg,https://bangumi.tv/subject/60601
1090,宇宙战舰大和号2199 第六章「到达！大麦哲伦」,剧场版,4,2013-06-15,未知,大野木寛、村井さだゆき、森田繁,小野大輔、桑島法子、鈴村健一、菅生隆之、千葉繁、大塚芳忠、麦人、井上喜久子、山寺宏一、細谷佳正、田中理恵、久川綾,7.5,202,https://lain.bgm.tv/r/400/pic/cover/l/0d/46/70322_Phe74.jpg,https://bangumi.tv/subject/70322
1091,乱马1/2 热斗篇,TV,143,1989-10-20,澤井幸次、芝山努、西村純二,戸田博史、久島一仁、中弘子、柳川茂、時村尚、川崎ヒロユキ、山口亮太、横手美智子、古橋一浩、松井亜弥、澤井幸次、菅良幸、木村直人、井上敏樹,山口勝平、林原めぐみ、李宛鳳、馮美麗、劉傑、姜瑰瑾、日髙のり子、呂佩玉、陶敏嫻、緒方賢一、陳幼文、孫中台、高山みなみ、李宛鳳、陶敏嫻、井上喜久子、姜瑰瑾、馮美麗、大林隆介、官志宏、山寺宏一、官志宏、孫中台、永井一郎、子安武人、孫中台、呂佩玉、劉傑、陳幼文、佐久間レイ、李宛鳳、馬君珮、麻生美代子、小林優子、馮美麗、陶敏嫻、李宛鳳、姜瑰瑾、辻谷耕史、鈴置洋孝、陳幼文、官志宏、関俊彦、陳幼文、官志宏、鶴ひろみ、馬君珮、李宛鳳、島津冴子、姜瑰瑾、馬君珮、三ツ矢雄二、官志宏、仁内建之、官志宏、孫中台、池田昌子、馬君珮、呂佩玉、山寺宏一、官志宏、千葉繁、孫中台、官志宏、二又一成、姜瑰瑾、何志威、古本新乃輔、官志宏、何志威、井上和彦、官志宏、劉傑、三田ゆう子、陶敏嫻、許淑嬪、馮友薇、鶴ひろみ、松井菜桜子、呂佩玉、陶敏嫻、辻谷耕史、子安武人、亀井芳子、豊島まさみ、羽田小百合、難波圭一、島田敏、何志威、青野武、陳幼文、山田栄子、陶敏嫻、馮友薇、呂佩玉、京田尚子、石桃子、神山卓三、中村正,7.4,592,https://lain.bgm.tv/r/400/pic/cover/l/d7/f0/65883_T0ilB.jpg,https://bangumi.tv/subject/65883
1092,大坏狐狸的故事,剧场版,1,2017-06-21,Patrick、Imbert,Jean Regnaud,,7.5,217,https://lain.bgm.tv/r/400/pic/cover/l/45/fa/229018_GNQCN.jpg,https://bangumi.tv/subject/229018
1093,头文字D Final Stage,TV,4,2014-05-16,橋本みつお,岸間信明,三木眞一郎、阿部敦、岡野浩介、石塚運昇、西凜太朗、関智一、子安武人、加瀬康之、早見沙織、根谷美智子、かかずゆみ、田中正彦、川原和久、木内秀信、中村悠一、檜山修之、藤原啓治、岩田光央、矢尾一樹、高木渉、西村知道、細井治、遠藤大智、遠藤綾,7.4,1032,https://lain.bgm.tv/r/400/pic/cover/l/d3/de/104569_8C116.jpg,https://bangumi.tv/subject/104569
1094,听着这电波,TV,12,2020-04-03,南川達馬,米村正二,杉山里穂、藤真秀、石見舞菜香、大原さやか、山路和弘、石川界人、矢野正明、能登麻美子、島田敏、浪川大輔、内山昂輝、新井里美、さかき孝輔、美名、木下紗華、鬼頭明里、伊藤健太郎,7.4,3495,https://lain.bgm.tv/r/400/pic/cover/l/43/e0/292359_6WO66.jpg,https://bangumi.tv/subject/292359
1095,Keroro军曹,TV,358,2004-04-03,山本裕介、近藤信宏,山口宏、アベユーイチ、下山健人、誌村宏明、池田眞美子、西園悟、笠原邦暁、カトキハジメ、満仲勧、横谷昌宏、米田和弘、柿村イサナ、小林靖子、菱田正和,渡辺久美子、雷碧文、小桜エツコ、林美秀、中田譲治、吳文民、子安武人、黃天佑、草尾毅、劉傑、能登麻美子、蔣篤慧、桑島法子、川上とも子、蔣篤慧、斎藤千和、林美秀、平松晶子、龍顯蕙、池澤春菜、龍顯蕙、石田彰、劉傑、広橋涼、雷碧文、松浦チエ、龍顯蕙、藤原啓治、劉傑、松浦チエ、龍顯蕙、谷井あすか、雷碧文、緒方賢一、曹冀魯、下野紘、吳文民、伊藤美紀、おみむらまゆこ、雷碧文、緑川光、島田敏、井端珠里、龍顯蕙、小暮英麻、谷井あすか、龍顯蕙、豊口めぐみ、飛田展男、川津泰彦、能登麻美子、蔣篤慧、京田尚子、平松晶子、龍顯蕙、檜山修之、劉傑、金田朋子、龍顯蕙、池田秀一、黃天佑、飛田展男、沢城みゆき、龍顯蕙、谷井あすか、矢島晶子、馮嘉德、榊原良子、蔣篤慧、藤原啓治、ダンス☆マン、下野紘、岡田吉弘、藤原啓治、黃天佑、徳山靖彦、勝沼紀義、彩乃木崇之、谷井あすか、鈴木勝美、松浦チエ、実川学,7.4,1534,https://lain.bgm.tv/r/400/pic/cover/l/cd/63/1849_aI2w2.jpg,https://bangumi.tv/subject/1849
1096,王者天下 第四季,TV,26,2022-04-09,今泉賢一,高木登、宮下隼一、入江信吾、吉永亜矢、谷村大四郎,森田成一、金田アキ、福山潤、釘宮理恵、日笠陽子、楠大典、加藤亮夫、堀内賢雄、伊藤健太郎、伊藤和晃、細谷佳正、野島裕史、玄田哲章、諏訪部順一、仲野裕、宮田幸季、折笠富美子、坪井木の実、坂詰貴之、森川智之、村井美里、浪川大輔、田丸篤志、田村真、大塚明夫、田中敦子、小山力也、高塚正也,7.5,384,https://lain.bgm.tv/r/400/pic/cover/l/59/71/353266_GHXBL.jpg,https://bangumi.tv/subject/353266
1097,圣诞夜惊魂,剧场版,1,1993,Henry、Selick,,,7.5,495,https://lain.bgm.tv/r/400/pic/cover/l/38/b4/11603_P4zRs.jpg,https://bangumi.tv/subject/11603
1098,京剧猫之乘风破浪,TV,52,2018-07-09,刘乐、孙天鸽、赵迦得、杨亚平,郝静伟、马欢乐、王执杰、谢筱禹,杨鸥、李正翔、孟祥龙、王晓彤,7.5,242,https://lain.bgm.tv/r/400/pic/cover/l/05/2a/258191_gh2H6.jpg,https://bangumi.tv/subject/258191
1099,银河英雄传说 Die Neue These 邂逅,TV,12,2018-04-03,多田俊介,根元歳三、吉永亜矢、高木登、瀬古浩司、谷村大四郎,川上千尋、宮野真守、小野大輔、中村悠一、諏訪部順一、梶裕貴、遠藤綾、鈴村健一、遠藤綾、藍原ことみ、梅原裕一郎、江川央生、野島裕史、安元洋貴、稲田徹、大場真人、小山剛志、石塚運昇、手塚秀彰、坂本真綾、水内清光、竹内良太、鈴木達央、石川界人、安斉一博、相沢まさき、川島得愛、北沢洋、齋藤綾、三木眞一郎、星野充昭、園江治、大塚芳忠、浜田賢二、最上嗣生、東地宏樹、木下紗華、石原凡、鳥海浩輔、園崎未恵、岩崎征実、ふくまつ進紗、櫻井トオル、小野友樹、岡和男、樋渡宏嗣、吉野貴宏、沢木郁也、田中正彦、稲葉実、小原雅人、楠見尚己、菊池正美、喜山茂雄、西嶋陽一、津田英三、江川大輔、滝沢久美子、神谷浩史、真殿光昭、藤井隼、宝亀克寿、酒井敬幸、桜井敏治、木村雅史、勝杏里、柴田秀勝、大友龍三郎、遠藤大智、田中秀幸、坂口候一、北田理道、土師孝也、目黒光祐、中庸助、高橋研二、畠中祐、下山吉光,7.4,1843,https://lain.bgm.tv/r/400/pic/cover/l/ba/ed/143694_Mb76T.jpg,https://bangumi.tv/subject/143694
1100,请问您今天要来点兔子吗？？～Dear My Sister～,剧场版,1,2017-11-11,橋本裕之,Koi、橋本裕之,佐倉綾音、水瀬いのり、種田梨沙、佐藤聡美、内田真礼、徳井青空、村川梨衣、早見沙織、茅野愛衣、清川元夢、速水奨、木村珠莉、皆口裕子、東地宏樹,7.4,3399,https://lain.bgm.tv/r/400/pic/cover/l/b3/62/181995_cvvj4.jpg,https://bangumi.tv/subject/181995
1101,新机动战记高达W 无尽的华尔兹 剧场版,剧场版,1,1998-08-01,青木康直,隅沢克之,緑川光、関俊彦、中原茂、折笠愛、石野竜三、矢島晶子、子安武人、中田和宏、鈴木砂織、田口昻、横山智佐、佐久間レイ、藤本譲、依田英助,7.4,1235,https://lain.bgm.tv/r/400/pic/cover/l/92/bf/2772_U24S5.jpg,https://bangumi.tv/subject/2772
1102,On Your Mark,剧场版,1,1995-07-15,宮崎駿,宮崎駿,,7.4,1144,https://lain.bgm.tv/r/400/pic/cover/l/ca/35/11784_uc12u.jpg,https://bangumi.tv/subject/11784
1103,全金属狂潮 The Second Raid OVA 战队长悠闲的一天,OVA,1,2006-05-26,武本康弘,賀東招二,関智一、ゆかな、根谷美智子、三木眞一郎、西村知道、大塚明夫、小山力也、室園丈裕,7.4,2165,https://lain.bgm.tv/r/400/pic/cover/l/57/7f/2689_nr14G.jpg,https://bangumi.tv/subject/2689
1104,福音战士新剧场版：Q,剧场版,1,2012-11-17,摩砂雪、前田真宏、鶴巻和哉,庵野秀明,緒方恵美、蔣鐵城、石田彰、賈文安、宮村優子、李昀晴、三石琴乃、錢欣郁、山口由里子、長沢美樹、清川元夢、優希比呂、子安武人、康秋樂、立木文彦、夏治世、坂本真綾、穆宣名、林原めぐみ、連思宇、沢城みゆき、Felecia Angelle、伊瀬茉莉也、大塚明夫、勝杏里、大原さやか、麦人,7.4,12496,https://lain.bgm.tv/r/400/pic/cover/l/a6/bb/22505_O197k.jpg,https://bangumi.tv/subject/22505
1105,幻想万华镜 华鸟风月,未知,1,2012-05-27,未知,,,7.4,1230,https://lain.bgm.tv/r/400/pic/cover/l/c3/21/41013_z2WsM.jpg,https://bangumi.tv/subject/41013
1106,监狱兔 第二季,TV,13,2007-10-08,富岡聡,富岡聡,,7.4,1723,https://lain.bgm.tv/r/400/pic/cover/l/39/ec/58864_RjuJb.jpg,https://bangumi.tv/subject/58864
1107,春之觉醒,剧场版,1,2006-08-27,Александр、Константинович、Петров,,,7.5,172,https://lain.bgm.tv/r/400/pic/cover/l/87/db/36338_Yw909.jpg,https://bangumi.tv/subject/36338
1108,国王与小鸟,剧场版,1,1980-03-19,Paul、Grimault,"""TheShepherdessandtheChimneySweep""byHansChristianAndersen",,7.6,116,https://lain.bgm.tv/r/400/pic/cover/l/db/da/22704_tzreg.jpg,https://bangumi.tv/subject/22704
1109,怪诞小镇短篇集,TV,17,2013-10-14,未知,,,7.6,77,https://lain.bgm.tv/r/400/pic/cover/l/79/27/119892_Plv85.jpg,https://bangumi.tv/subject/119892
1110,穿靴子的猫：最后的愿望,剧场版,1,2022-12-21,JoelCrawford、JanuelMercado,,Antonio Banderas、Salma Hayek、Harvey Guillén、Florence Pugh,7.4,490,https://lain.bgm.tv/r/400/pic/cover/l/23/d4/387892_74Kou.jpg,https://bangumi.tv/subject/387892
1111,奇诺之旅,TV,12,2017-10-06,田口智久,菅原雪絵,悠木碧、斉藤壮馬、興津和幸、柴田秀勝、梅原裕一郎、松田健一郎、佐倉綾音、沢田敏子、Lynn、小野大輔、水瀬いのり、緒方恵美、天野心愛、石田彰、名塚佳織、岩田光央、折笠富美子、山本兼平、竹内栄治、遠藤大智、天野真実、井川秀栄、野川雅史、丸塚香奈、中原麻衣、桜井敏治、下妻由幸、杉崎亮、櫻井浩美、小形満、小松奈生子、伊藤美紀、稲田徹、金子誠、渡谷美帆、長谷川育美、泊明日菜、菊池幸利、長谷川芳明、飛田展男、沢木郁也、中村和正、前川涼子、田中ちえ美、徳本英一郎、古木のぞみ、櫻井浩美、斧アツシ、松田利冴、山本格、遠藤広之、小林操、浦山迅、渕上舞、平良綾野、乃村健次、宮下栄治、大津愛理、飯田拓見、永島そら、朝日奈丸佳、小山剛志、岩澤俊樹、西谷修一、竹内想、堀川かえで、野瀬育二、檜山修之、徳本英一郎、三瓶雄樹、片山公輔、八百屋杏、金子誠、広瀬裕也、前川涼子、湯浅かえで、麦人、浅沼晋太郎、堀内賢雄、湯浅かえで、渡邉佳美、手塚ヒロミチ、岩澤俊樹、徳本英一郎、柳田淳一、浜添伸也、相馬康一、やまむらいさと、石狩勇気、加藤美佐、佐藤はな、泊明日菜、岩澤俊樹、てらそままさき、拝真之介、綿貫竜之介、高橋伸也、嶺内ともみ、武田羅梨沙多胡、岡咲美保、浅野真澄、松田利冴、小林ゆう、金田朋子、木内太郎,7.4,3587,https://lain.bgm.tv/r/400/pic/cover/l/47/df/211068_49qlq.jpg,https://bangumi.tv/subject/211068
1112,剧场版 进击的巨人 Season2～觉醒的咆哮～,剧场版,1,2018-01-13,肥塚正史,小林靖子,梶裕貴、石川由依、井上麻里奈、神谷浩史、谷山紀章、三上枝織、下野紘、細谷佳正、朴璐美、子安武人、小林ゆう、藤田咲、橋詰知久、嶋村侑、津田健次郎、小野大輔,7.4,1168,https://lain.bgm.tv/r/400/pic/cover/l/82/a8/228407_Xfpla.jpg,https://bangumi.tv/subject/228407
1113,记录的地平线,TV,25,2013-10-05,石平信司,大西信介、入江信吾、根元歳三、伊藤美智子,寺島拓篤、前野智昭、加藤英美里、藤原啓治、中田譲治、山下大輝、田村奈央、松井恵理子、柿原徹也、原由実、高垣彩陽、久野美咲、伊瀬茉莉也、櫻井孝宏、下野紘、中村悠一、日野聡、名塚佳織、村川梨衣、名塚佳織、葉山いくみ、チョー、てらそままさき、笹本菜津枝、井澤詩織、山本祥太、佐藤奏美、村田太志、後藤ヒロキ、後藤ヒロキ、西田雅一、白熊寛嗣、岡本信彦、髙橋ミナミ、伊丸岡篤、斎藤千和、逢坂良太、梶川翔平、辻親八、村田太志、青山穣、佐藤奏美、井上麻里奈,7.4,6925,https://lain.bgm.tv/r/400/pic/cover/l/82/3d/64140_t3Qq3.jpg,https://bangumi.tv/subject/64140
1114,瑞克和莫蒂 第六季,TV,10,2022-09-04,Justin、Roiland,,Justin Roiland、Justin Roiland、Sarah Chalke、Chris Parnell、Spencer Grammer,7.4,1475,https://lain.bgm.tv/r/400/pic/cover/l/f9/8a/358934_6qz6Q.jpg,https://bangumi.tv/subject/358934
1115,凡人修仙传 年番,WEB,51,2021-11-14,王裕仁、伍镇焯、赵侠,王裕仁,钱文青、李诗萌、刘思岑、高启帆、赵铭洲、凌振赫、李璐、李世荣、图特哈蒙、周健、刘三木、万纯、顺子、大昕、赵爽,7.4,1705,https://lain.bgm.tv/r/400/pic/cover/l/81/b6/348240_ODGGg.jpg,https://bangumi.tv/subject/348240
1116,南方公园 第6季,TV,17,2002-03-06,未知,Trey Parker,Matt Stone、Trey Parker、Matt Stone、Trey Parker、Mona Marshall,7.5,183,https://lain.bgm.tv/r/400/pic/cover/l/0b/f4/60605_qqQ07.jpg,https://bangumi.tv/subject/60605
1117,超时空要塞Frontier,TV,25,2008-04-03,菊地康仁,吉野弘幸,中島愛、中村悠一、May'n、遠藤綾、坂本真綾、神谷浩史、福山潤、桑島法子、小西克幸、豊口めぐみ、大川透、小林沙苗、桑島法子、三宅健太、田中理恵、平野綾、福原香織、井上喜久子、西村知道、杉田智和、平野綾、大村歌奈、佐々木日菜子、保志総一朗,7.4,4032,https://lain.bgm.tv/r/400/pic/cover/l/01/16/236_CBL7B.jpg,https://bangumi.tv/subject/236
1118,石纪元 新世界 第2部分,TV,11,2023-10-12,松下周平,木戸雄一郎,小林裕介、小松未可子、鈴木崚汰、沼倉愛美、佐藤元、市ノ瀬加那、古川慎、中村悠一、高橋花林、河西健吾、小野賢章、麦人、前野智昭、村瀬歩、石田彰、杉山里穂、種﨑敦美、中島ヨシキ、坂泰斗、大西沙織、間宮康弘、松重慎、金尾哲夫、上田麗奈、坂本真綾、日笠陽子、石見舞菜香、青山穣、興津和幸、本渡楓、楠大典、阿座上洋平、三上哲、野川雅史、櫻井浩美,7.4,3969,https://lain.bgm.tv/r/400/pic/cover/l/17/03/424372_h6JZ1.jpg,https://bangumi.tv/subject/424372
1119,我的青春恋爱物语果然有问题 续,TV,13,2015-04-02,及川啓,大知慶一郎、菅正太郎,江口拓也、早見沙織、東山奈央、佐倉綾音、悠木碧、小松未可子、近藤隆、井上麻里奈、ささきのぞみ、小清水亜美、堀井茶渡、檜山修之、浅倉杏美、戸松遥、日野聡、柚木涼香、諸星すみれ、中原麻衣、川原慶久、白石稔、藤田咲、櫻川めぐ、井上喜久子、大原さやか、浅倉杏美,7.4,19233,https://lain.bgm.tv/r/400/pic/cover/l/1e/ef/102134_luzUc.jpg,https://bangumi.tv/subject/102134
1120,NEW GAME!!,TV,12,2017-07-11,藤原佳幸,藤原佳幸、山田由香、志茂文彦、得能正太郎、永井真吾,高田憂希、戸田めぐみ、竹尾歩美、朝日奈丸佳、日笠陽子、森永千才、山口愛、茅野愛衣、喜多村英梨、鈴木亜理沙、大和田仁美、石見舞菜香、名塚佳織、藤田咲、喜多村英梨、山口愛,7.4,7647,https://lain.bgm.tv/r/400/pic/cover/l/32/44/208908_AATp0.jpg,https://bangumi.tv/subject/208908
1121,小凉宫春日的忧郁,WEB,25,2009-02-14,武本康弘,谷川流・いとうのいぢ・ぷよ、西屋太志,平野綾、杉田智和、後藤邑子、小野大輔、茅原実里、あおきさやか、松岡由貴、桑谷夏子、白石稔、松元恵、大塚明夫、大前茜、白石稔、こぶしのぶゆき,7.4,4935,https://lain.bgm.tv/r/400/pic/cover/l/f3/bd/1372_I3xm1.jpg,https://bangumi.tv/subject/1372
1122,玉响～hitotose～,TV,13,2011-10-03,佐藤順一,佐藤順一、吉田玲子、浦畑達彦、山田由香、池田眞美子,竹達彩奈、阿澄佳奈、井口裕香、儀武ゆう子、葉月絵理乃、大原さやか、宮本佳那子、寿美菜子、広橋涼、福井裕佳梨、間島淳司、緒方恵美、松尾佳子、中田譲治、松来未祐,7.4,2201,https://lain.bgm.tv/r/400/pic/cover/l/c6/8d/18605_VTtTJ.jpg,https://bangumi.tv/subject/18605
1123,素描本,TV,13,2007-10-01,平池芳正,岡田麿里,花澤香菜、中世明日香、牧野由依、広橋涼、田坂秀樹、斎藤桃子、下野紘、近江知永、田村ゆかり、小清水亜美、後藤邑子、浅野真澄、桑谷夏子、能登麻美子、大原さやか、日笠陽子、金田朋子、伊藤静、斉木美帆、中田譲治、大原さやか,7.4,649,https://lain.bgm.tv/r/400/pic/cover/l/ad/f8/3994_306J4.jpg,https://bangumi.tv/subject/3994
1124,再见菈菈,TV,12,2026-07-05,小出卓史,川原杏奈、青瀬宥介,菱川花菜、川石奈奈、深見梨加、村瀬歩、大野智敬、真殿光昭、住友七絵、てらそままさき、津田美波、山本和臣、井上ほの花、庄司宇芽香、鈴木みのり、高木美佑、村瀬歩、斉藤貴美子、相川奈都姫、相羽あいな、武蔵真之介、倉丸莉子、永守栄治、白浜灯奈乃,7.4,1144,https://lain.bgm.tv/r/400/pic/cover/l/18/af/495291_9WuBW.jpg,https://bangumi.tv/subject/495291
1125,银河英雄传说 新战争的序曲,剧场版,1,1993-12-18,清水恵蔵,田原正利,広中雅志、富山敬、岡部政明、堀勝之祐、野田圭一、土師孝也、森功至、若本規夫、塩沢兼人、柴田秀勝、納谷悟朗、小林清志、潘恵子、横尾まり、仁内建之、目黒光祐、村越伊知郎、屋良有作、速水奨、堀内賢雄、二又一成、小林修、戸谷公次、田中秀幸、徳丸完、井上和彦、佐々木望、石塚運昇、内海賢二、キートン山田、政宗一成、鈴木泰明、井上真樹夫、小山茉美、大木民夫、勝田久、佐藤佑暉、石井康嗣、佐藤正治、亀山助清,7.5,250,https://lain.bgm.tv/r/400/pic/cover/l/6f/74/79656_R8bt8.jpg,https://bangumi.tv/subject/79656
1126,笨蛋，测验，召唤兽,TV,13,2010-01-06,大沼心,高山カツヒコ,下野紘、原田ひとみ、水橋かおり、加藤英美里、鈴木達央、宮田幸季、磯村知美、竹達彩奈、寺島拓篤、加藤英美里、南條愛乃、平田真菜、大塚明夫、津田健次郎、真中桂子、かかずゆみ、後藤啓介、三石琴乃、五十嵐裕美,7.4,13865,https://lain.bgm.tv/r/400/pic/cover/l/db/a1/3326_lwy94.jpg,https://bangumi.tv/subject/3326
1127,航海王：黄金梅利号之章 另一位伙伴的故事,TV,1,2013-08-24,所勝美,上坂浩彦,山口勝平、平田広明、大谷育江、山口由里子、矢尾一樹、チョー、真山亜子、斎藤千和,7.5,343,https://lain.bgm.tv/r/400/pic/cover/l/7c/79/90792_Vfs42.jpg,https://bangumi.tv/subject/90792
1128,飞跃巅峰！飞跃巅峰2！合体剧场版,剧场版,1,2006-10-01,鶴巻和哉,,,7.4,413,https://lain.bgm.tv/r/400/pic/cover/l/b9/b5/57105_b467o.jpg,https://bangumi.tv/subject/57105
1129,天才嘉年华,剧场版,7,2007-07-07,福山庸治、河森正治、二村秀樹、福島敦子、渡辺信一郎、木村真二、湯浅政明,河森正治、福山庸治、湯浅政明、二村秀樹、渡辺信一郎,,7.4,1040,https://lain.bgm.tv/r/400/pic/cover/l/29/9d/8181_8FWNw.jpg,https://bangumi.tv/subject/8181
1130,排球少年 才能与感觉,剧场版,1,2017-09-15,満仲勧,岸本卓,,7.4,568,https://lain.bgm.tv/r/400/pic/cover/l/96/61/211522_XL7ky.jpg,https://bangumi.tv/subject/211522
1131,三颗星彩色冒险,TV,12,2018-01-07,河村智之,ヤスカワショウゴ,高田憂希、高野麻里佳、日岡なつみ、田丸篤志、玄田哲章、名塚佳織、朝井彩加、東城日沙子、日岡なつみ、田丸篤志、名塚佳織、東城日沙子、高野麻里佳、高田憂希、朝井彩加、玄田哲章,7.4,3198,https://lain.bgm.tv/r/400/pic/cover/l/83/52/211066_6cuj1.jpg,https://bangumi.tv/subject/211066
1132,福星小子,TV,218,1981-10-14,高橋留美子,早川啓二、まるおけいこ、小島多美子、安濃高志、井上敏樹、福井忠、土屋斗紀雄、押井守、雨宮雄児、山本優、菅良幸、辻真先、小西川博、曽田博久、浅野佑美、大橋志吉、中原朗、泉一郎、金子修介、柳川茂、荘久一、鈴木行、金春智子、小山高生、しんばやしみのる、伊藤和典、やまざきかずお、島田満、星山博之,古川登志夫、于正昇、平野文、島津冴子、小原乃梨子、千葉繁、龍田直樹、神谷明、田中真弓、杉山佳寿子、小宮和枝、井上瑤、三田ゆう子、玄田哲章、永井一郎、鷲尾真知子、吉田理保子、池水通洋、井上和彦、西村朋紘、緒方賢一、佐久間なつみ、沢りつお、山田礼子、安西正弘、井上和彦、島田敏、島本須美、二又一成、梨羽侑里、古谷徹、大城松美、弥生みつき、肝付兼太、野村信次、小山茉美、村山明、二又一成、西村朋紘,7.4,432,https://lain.bgm.tv/r/400/pic/cover/l/f9/d8/10388_dedJ1.jpg,https://bangumi.tv/subject/10388
1133,暗杀教室,TV,22,2015-01-09,岸誠二,上江洲誠,福山潤、渕上舞、岡本信彦、杉田智和、伊藤静、浅沼晋太郎、逢坂良太、洲崎綾、山谷祥生、佐藤聡美、矢作紗友里、木村昴、速水奨、松浦チエ、田中美海、金元寿子、川辺俊介、高橋伸也、諏訪彩花、水島大宙、植田佳奈、河原木志穂、内藤玲、下妻由幸、日野未歩、宮下栄治、間島淳司、斎藤楓子、はらさわ晃綺、沼倉愛美、藤田咲、緒方恵美、竹内良太、佐藤拓也、宮野真守、三宅健太、勝杏里、石川界人、明平鉄平、髙木俊、巻島直樹、山本兼平、楠大典、松山鷹志、樋口智透、伊丸岡篤、村瀬克輝、子安武人、村瀬歩、川澄綾子、間宮くるみ,7.4,11279,https://lain.bgm.tv/r/400/pic/cover/l/f4/91/106818_YJ4JT.jpg,https://bangumi.tv/subject/106818
1134,埃塞尔与欧内斯特,剧场版,1,2016-10-28,RogerMainwood,,,7.6,82,https://lain.bgm.tv/r/400/pic/cover/l/39/2f/210470_h3ZkK.jpg,https://bangumi.tv/subject/210470
1135,金色的卡修,TV,150,2003-04-06,雷句誠（小学館週刊少年サンデー連載）,大和屋暁、山田隆司、広平虫,櫻井孝宏、劉傑、吉田小南美、大谷育江、雷碧文、釘宮理恵、許雲雲、傅曼君、前田愛、楊凱凱、菊池正美、高橋広樹、こおろぎさとみ、郷田ほづみ、小嶋一成、折笠富美子、藤田淑子、西村ちなみ、山本圭子、滝知史、堀川りょう、菊池正美、高乃麗、緑川光、桑島法子、今井由香、石田彰、池澤春菜、岡村明美、納谷六朗、置鮎龍太郎、石塚運昇、宍戸留美、谷山紀章、若本規夫、永野善一、松井菜桜子、鳥海浩輔、高戸靖広、塚田正昭,7.4,429,https://lain.bgm.tv/r/400/pic/cover/l/2e/3d/3754_tlwJO.jpg,https://bangumi.tv/subject/3754
1136,中二病也要谈恋爱！,TV,13,2012-10-03,石原立也,花田十輝,福山潤、内田真礼、赤﨑千夏、浅倉杏美、上坂すみれ、沖佳苗、天野由梨、福原香織、設楽麻美、保志総一朗、井上喜久子、仙台エリ、岩男潤子、大塚芳忠,7.4,26206,https://lain.bgm.tv/r/400/pic/cover/l/3d/fd/29648_LOcOx.jpg,https://bangumi.tv/subject/29648
1137,ストリンジェンド～エンジェルたちのプライベートレッスン～MY BLOW JOBER,未知,12,2006-01-27,未知,,,7.4,917,https:/img/no_icon_subject.png,https://bangumi.tv/subject/74467
1138,超译百人一首 歌之恋,TV,13,2012-07-02,カサヰケンイチ,山田由香、森田眞由美、金春智子,梶裕貴、諏訪部順一、早見沙織、遠藤綾、内田夕夜、千葉進歩、下野紘、宝木久美、遠藤大智、大原さやか、小林沙苗、森久保祥太郎、代永翼、石田彰、小林ゆう、佐藤祐四、折笠富美子,7.4,1005,https://lain.bgm.tv/r/400/pic/cover/l/98/a5/37138_03i00.jpg,https://bangumi.tv/subject/37138
1139,剧场版 空之境界 终章 空之境界,OVA,1,2010-12-18,近藤光,平松正樹,坂本真綾、鈴村健一,7.4,6579,https://lain.bgm.tv/r/400/pic/cover/l/1e/0b/11629_tGrDM.jpg,https://bangumi.tv/subject/11629
1140,男孩和世界,剧场版,1,2014,AlêAbreu,,,7.6,88,https://lain.bgm.tv/r/400/pic/cover/l/95/dd/111894_l53i5.jpg,https://bangumi.tv/subject/111894
1141,女子落语,TV,13,2012-07-05,水島努,横手美智子、水島努、吉田玲子,佐倉綾音、小岩井ことり、山本希望、南條愛乃、後藤沙緒里、悠木碧,7.4,3637,https://lain.bgm.tv/r/400/pic/cover/l/93/b0/37897_gjhU7.jpg,https://bangumi.tv/subject/37897
1142,战斗机甲萨芬格尔,TV,50,1982-02-06,富野由悠季、鈴木良武,鈴木良武、伊東恒久、荒木芳久、吉川惣司,大滝進矢、横尾まり、島津冴子、古川登志夫、TARAKO、山下啓介、小宮和枝、岡和男、森しん、龍田直樹、銀河万丈、佐藤正治、島本須美、二又一成、西村知道、銀河万丈、池田勝、吉田理保子、塩沢兼人、向殿あさみ,7.5,135,https://lain.bgm.tv/r/400/pic/cover/l/85/ed/34281_kFyNN.jpg,https://bangumi.tv/subject/34281
1143,剧场版总集篇 少女乐队的呐喊 呐、未来。,剧场版,1,2025-11-14,酒井和男,花田十輝,理名、美怜、夕莉、朱李、凪都、山岸治雄、あんどうさくら、近藤玲奈、松岡美里、漆山ゆうき、宮白桃子、平田広明、小島幸子、降幡愛、かぬか光明、塙英子、かぬか光明、かぬか光明、かぬか光明、水嶋光、土生駿、井上歌奏子、小石川菜奈、越後屋コースケ、新福桜、丹羽哲士、高梁りつ、森永彩斗、真白健太朗、中尾智、奈波果林、井上雄貴、武田太一、佐藤里緒、石井瑞樹、小見山未来、冨尾光里、汐見和由、神田優、鳥本佳吾、須能千裕、村田綾香、好川敬太、佐藤愁貴、小島幸子,7.5,173,https://lain.bgm.tv/r/400/pic/cover/l/0b/cf/512793_PrzXC.jpg,https://bangumi.tv/subject/512793
1144,机动战士高达SEED HD重制版,TV,48,2012-01-01,福田己津央,,保志総一朗、Max Mittelman、石田彰、田中理恵、進藤尚美、三石琴乃、檜山修之、有本欽隆、桑島法子、関俊彦、徐若瑄、摩味、子安武人、豊口めぐみ、桑島法子、白鳥哲、井上隆之、高戸靖広、大本眞基子、鳥海勝美、千葉一伸、高戸靖広、大川透、宝亀克寿、川津泰彦、西川貴教、竹村拓、松本さち、柳沢三千代、倉田雅世、松本さち、佐藤ゆうこ、大川透、千葉一伸、中嶋聡彦、笹沼晃、優希比呂、宮本駿一、中井和哉、桑島法子、三石琴乃、三石琴乃、進藤尚美,7.4,2899,https://lain.bgm.tv/r/400/pic/cover/l/e4/8f/27832_aAAJP.jpg,https://bangumi.tv/subject/27832
1145,南方公园 第2季,TV,18,1998-04-01,未知,Matt Stone、Trey Parker、Pam Brady,Matt Stone、Trey Parker、Matt Stone、Trey Parker,7.5,231,https://lain.bgm.tv/r/400/pic/cover/l/11/78/56239_2O55s.jpg,https://bangumi.tv/subject/56239
1146,科拉传奇 第三季：易,TV,13,2014-06-27,未知,Michael Dante DiMartino,Janet Varney、Pat Fraley,7.5,183,https://lain.bgm.tv/r/400/pic/cover/l/56/89/88411_ZNs2x.jpg,https://bangumi.tv/subject/88411
1147,魁！！库洛马迪高校,TV,26,2003-10-02,桜井弘明,野中英次、音地正行,櫻井孝宏、鈴木琢磨、稲田徹、若本規夫、モリノリ久、風間勇刀、うえだゆうじ、志村知幸、家中宏、中村大樹、かないみか、真田アサミ、沢城みゆき、林原めぐみ,7.4,457,https://lain.bgm.tv/r/400/pic/cover/l/8f/b1/4043_f42Fj.jpg,https://bangumi.tv/subject/4043
1148,BanG Dream! 少女乐团派对！☆PICO～大份～,WEB,26,2020-05-07,宮嶋星矢,衣谷ソーシ、暇木けい、森井ケンシロウ、鴉羽839、宮嶋星矢、石原充菜、林昌宏、鈴木将、内海洋,秦佐和子、愛美、大塚紗英、西本りみ、大橋彩香、伊藤彩沙、佐倉綾音、三澤紗千香、加藤英美里、日笠陽子、金元寿子、前島亜美、小澤亜李、上坂すみれ、中上育実、相羽あいな、工藤晴香、中島由貴、櫻川めぐ、志崎樺音、伊藤美来、田所あずさ、吉田有里、豊田萌絵、黒沢ともよ、進藤あまね、直田姫奈、西尾夕香、mika、Ayasa、Raychell、小原莉子、夏芽、倉知玲鳳、紡木吏佐、尾崎由香、洲崎綾,7.4,2118,https://lain.bgm.tv/r/400/pic/cover/l/62/73/296295_8siOj.jpg,https://bangumi.tv/subject/296295
1149,凯尔经的秘密,剧场版,1,2009-02-11,Tomm、Moore,Tomm Moore,,7.4,361,https://lain.bgm.tv/r/400/pic/cover/l/1e/2d/47891_Qyft7.jpg,https://bangumi.tv/subject/47891
1150,游戏王 次元之暗面,剧场版,1,2016-04-23,桑原智,彦久保雅博、桑原智、高橋和希,風間俊介、津田健次郎、武田聖真、林遣都、高橋広樹、齊藤真紀、近藤孝行、松本梨香、竹内順子、佐々木望、花澤香菜、遠藤璃菜、日野聡、中尾友紀、小嶋一成、松本梨香、内藤玲、宮澤正、岩崎征実、たくみ靖明、比上孝浩、田澤利依子、金田アキ、遠藤大智、村田太志、清都ありさ、時澤香保里、光部樹、田中文哉、武藤真子、前川涼子、峰岸佳、三浦勝之、ケンドーコバヤシ、山路和弘,7.4,1504,https://lain.bgm.tv/r/400/pic/cover/l/ed/4b/106329_k0196.jpg,https://bangumi.tv/subject/106329
1151,妖精的尾巴,TV,175,2009-10-12,石平信司,十川誠志、冨岡淳広、米村正二、志茂文彦,柿原徹也、MAKO、平野綾、中村悠一、喜多村英梨、大原さやか、釘宮理恵、小野涼子、喜多村英梨、伊瀬茉莉也、浪川大輔、沢城みゆき、下山吉光、佐藤聡美、堀江由衣、羽多野渉、緒乃冬華、早見沙織、近藤隆、能登麻美子、石田彰、東地宏樹、中原麻衣、安元洋貴、櫻井浩美、岸尾だいすけ、小西克幸、速水秀之、阪口周平、井上和彦、浪川大輔、諏訪部順一、世戸さおり、川原慶久、川鍋雅樹、関口英司、新井里美、景浦大輔、井口祐一、葉山いくみ、笹本菜津枝、辻親八、櫻井孝宏、鈴村健一、矢島晶子、井上喜久子、沢城みゆき、緒乃冬華、津田匠子、鳥海浩輔、井口裕香、井口裕香、名塚佳織、伊藤静、速水奨、沢城みゆき、ゆかな、平野綾、白鳥哲、平野綾、銀河万丈、関口英司、川鍋雅樹、木村雅史、代永翼、緒乃冬華、松風雅也、沢口千恵、後藤ヒロキ、大原さやか、柿原徹也、柴田秀勝、中村悠一、佐藤聡美、木村雅史、下山吉光、中原麻衣、喜多村英梨、村川梨衣、小野涼子、宮下栄治、下山吉光、松山鷹志、伊瀬茉莉也、辻親八、堀江由衣、櫻井浩美、村川梨衣、ならはしみき、真山亜子、青山穣、川鍋雅樹、岸尾だいすけ、宮下栄治、岸尾だいすけ、たてかべ和也、新井里美、伊瀬茉莉也、梶裕貴、後藤沙緒里、伊丸岡篤、こおろぎさとみ、関口英司、遠藤大輔、関口英司、津田健次郎、藤井ゆきよ、後藤沙緒里、藤井ゆきよ、関口英司、成田紗矢香、岸尾だいすけ、川鍋雅樹、喜多村英梨、黒田崇矢、一条和矢、矢部雅史、稲田徹、下山吉光、後藤沙緒里、佐藤奏美、梶川翔平、井澤詩織、柴田秀勝,7.4,4738,https://lain.bgm.tv/r/400/pic/cover/l/33/9a/2609_3ak4F.jpg,https://bangumi.tv/subject/2609
1152,剑来 第二季,WEB,27,2025-12-25,马华,屈亦张、夏应哲、左晓慧,杏林儿、陈张太康、张惠霖、刘浏、吴磊、张如麟、黄莺、锦鲤、李立宏、张家辉、孙路路、宝木中阳、李宇峰、云惟一、贺文潇、胡霖、徐雨豪、小米、田丰恺、王婧、贺文潇、张磊、彭尧、汤水雨、杨默、万舒心、李敏、张胡子、赵铭洲、陈浩、刘校妤、白雪岑、杨天翔、郑炼,7.4,352,https://lain.bgm.tv/r/400/pic/cover/l/de/0c/520300_56Pfx.jpg,https://bangumi.tv/subject/520300
1153,橙路,TV,48,1987-04-06,小林治,富田祐弘、静谷伊佐夫、寺田憲史、大橋志吉,古谷徹、鶴ひろみ、原えりこ、本多知恵子、坂本千夏、緒方賢一、龍田直樹、富沢美智恵、富山敬、難波圭一、菊池正美、屋良有作、緒方賢一、鈴木れい子、鈴木勝美、中島千里、小林通孝,7.4,645,https://lain.bgm.tv/r/400/pic/cover/l/71/e0/2042_Ujauz.jpg,https://bangumi.tv/subject/2042
1154,第一届东方M-1漫才大赛 重制版,OVA,1,2013-08-12,上海アリス幻樂団,,,7.5,159,https://lain.bgm.tv/r/400/pic/cover/l/02/a6/96645_rnJ22.jpg,https://bangumi.tv/subject/96645
1155,偶像活动Stars 第二年,TV,50,2017-04-06,佐藤照雄,柿原優子、成田良美、待田堂子、森江美咲、山口宏、野村祐一、千葉美鈴、守護このみ,富田美憂、朝井彩加、山口愛、村上奈津実、星咲花那、宮本侑芽、上田麗奈、仲谷明香、前田佳織里、相沢梨紗、日笠陽子、藤原夏海、江口菜子、田所あずさ、津田美波、諸星すみれ、大橋彩香、八代拓、堀江瞬、上村祐翔、ランズベリー・アーサー,7.5,177,https://lain.bgm.tv/r/400/pic/cover/l/27/ef/207491_54DsD.jpg,https://bangumi.tv/subject/207491
1156,NEW GAME!,TV,13,2016-07-04,藤原佳幸,山田由香、志茂文彦、永井真吾、得能正太郎、藤原佳幸,高田憂希、山口愛、竹尾歩美、戸田めぐみ、日笠陽子、茅野愛衣、朝日奈丸佳、森永千才、喜多村英梨、下地紫野、喜多村英梨、山口愛、川上千尋、松田利冴、三宅健太、藤田咲、角元明日香、貫井柚佳、山村響,7.4,9419,https://lain.bgm.tv/r/400/pic/cover/l/0f/79/150775_rRSAT.jpg,https://bangumi.tv/subject/150775
1157,濑户的花嫁,TV,26,2007-04-01,岸誠二,日暮茶坊、上江洲誠、中村浩二郎、柿原優子,水島大宙、桃井はるこ、野川さくら、伊丸岡篤、松島栄利子、三宅健太、子安武人、玄田哲章、力丸乃りこ、小野大輔、並木のり子、鍋井まき子、村瀬克輝、桑谷夏子、矢部雅史、矢部雅史、森永理科、喜多村英梨、長克巳,7.4,5348,https://lain.bgm.tv/r/400/pic/cover/l/84/6c/805_p6Jf6.jpg,https://bangumi.tv/subject/805
1158,风雨廊桥,WEB,1,2020-06-15,柳迪,柳迪,,7.4,315,https://lain.bgm.tv/r/400/pic/cover/l/67/36/307995_BwWwg.jpg,https://bangumi.tv/subject/307995
1159,少女与战车 这次是真正的安齐奥战！,OVA,1,2014-07-05,水島努,鈴木貴昭,渕上舞、茅野愛衣、尾崎真実、中上育実、井口裕香、吉岡麻耶、福圓美里、高橋美佳子、植田佳奈、菊地美香、吉岡麻耶、桐村まり、中村桜、仙台エリ、森谷里美、井上優佳、大橋歩夕、竹内仁美、中里望、多田このみ、山岡ゆり、秋奈、早見沙織、大地葉、井澤詩織、山本希望、金元寿子、葉山いくみ、生天目仁美、椎名へきる,7.4,2930,https://lain.bgm.tv/r/400/pic/cover/l/09/28/96130_Ds7UN.jpg,https://bangumi.tv/subject/96130
1160,明日的娜嘉,TV,50,2003-02-02,東堂いづみ,金春智子、成田良美、山田隆司、影山由美、大和屋暁,小清水亜美、一条和矢、京田尚子、折笠富美子、岸尾だいすけ、山崎たくみ、大谷育江、木内レイコ、甲斐田ゆき、木内レイコ、宍戸留美、斎賀みつき、斎賀みつき、津田健次郎、甲斐田ゆき、小栗雄介、高橋直純、望月祐多、堀川りょう、鈴村健一、山本耕史、矢薙直樹、小嶋一成、乃村健次、橘U子,7.4,323,https://lain.bgm.tv/r/400/pic/cover/l/a3/b3/9564_f60qA.jpg,https://bangumi.tv/subject/9564
1161,噬魂师,TV,51,2008-04-07,五十嵐卓哉,大和屋暁、清水恵、津村米紀,小見川千明、内山昂輝、小林由美子、名塚佳織、宮野真守、渡辺明乃、高平成美、内田夕夜、小山力也、木村雅史、加藤英美里、大川透、齋藤彩夏、坂本真綾、子安武人、福圓美里、吉野裕行、古川登志夫、本多知恵子、神奈延年、桑島法子、織田圭祐、斎藤千和、沖佳苗,7.4,3725,https://lain.bgm.tv/r/400/pic/cover/l/ca/81/866_5X5OW.jpg,https://bangumi.tv/subject/866
1162,麦兜故事,剧场版,1,2001-12-15,謝立文,謝立文,李晉緯、林海峰、吳君如、黃秋生、黃秋生、黃秋生、The Pancakes、龍天生、余紹琪,7.4,875,https://lain.bgm.tv/r/400/pic/cover/l/4c/cf/47144_402XA.jpg,https://bangumi.tv/subject/47144
1163,查理布朗的圣诞节,TV,1,1965-12-09,未知,,,7.5,148,https://lain.bgm.tv/r/400/pic/cover/l/0d/05/234250_09sy0.jpg,https://bangumi.tv/subject/234250
1164,超超超超超喜欢你的100个女朋友 第三季,TV,0,未知,佐藤光,鴻野貴光、あおしまたかし,天海由梨奈、加藤渉、石原夏織、竹達彩奈、集貝はな、古賀葵、本渡楓、富田美憂、長縄まりあ、瀬戸麻沙美、朝井彩加、上坂すみれ、進藤あまね、三森すずこ、高橋李依、Lynn、高尾奏音、千葉繁、三木眞一郎、岬なこ、庄司宇芽香、岡本信彦、榊原優希、斉藤貴美子、ニケライ・ファラナーゼ、河瀬茉希、岡田幸子、羽紫さや花、矢野茜、朝里悠姫、桃橋由、大久保瑠美、樫野凪、中村大志、宮瀬みな、島田真緒、柚稀みなか、大原さやか、中山祥徳、利根健太朗、綿矢ねね、清水彩香、帰山藍、黒木響、唯野あかり、中山祥徳、月本美桜、菊地燎、白石冬弥、うえだゆうじ,7.4,790,https://lain.bgm.tv/r/400/pic/cover/l/96/f8/598058_1RcCL.jpg,https://bangumi.tv/subject/598058
1165,机动警察 OVA,OVA,7,1988-04-25,押井守、吉永尚之,伊藤和典,冨永みーな、大林隆介、古川登志夫、池水通洋、井上瑤、二又一成、阪脩、千葉繁、榊原良子、郷里大輔、TARAKO、辻村真人、西村知道、兵藤まこ,7.4,1264,https://lain.bgm.tv/r/400/pic/cover/l/4e/0c/8696_Rna4b.jpg,https://bangumi.tv/subject/8696
1166,青春猪头少年不会梦到怀梦美少女,剧场版,1,2019-06-15,増井壮一,横谷昌宏,瀬戸麻沙美、石川界人、水瀬いのり、種﨑敦美、東山奈央、内田雄馬、内田真礼、佐藤聡美、福西勝也、奈波果林、久保ユリカ、相川奈都姫、大津愛理、志村知幸,7.4,12977,https://lain.bgm.tv/r/400/pic/cover/l/10/19/260680_Sx2HP.jpg,https://bangumi.tv/subject/260680
1167,JOJO的奇妙冒险,OVA,13,1993-11-19,北久保弘之、二村秀樹、古瀬登、菊地康仁、浦田保則、小林孝志、山中英治,北久保弘之、今敏、高島健一、川口高朗,小杉十郎太、鈴置洋孝、田中信夫、森功至、大塚周夫、小林清志、内海賢二、若本規夫、来宮良子、豊口めぐみ、麦人、滝口順平、佐久間レイ、安藤ありさ、深見梨加、青野武、中田浩二、久保さゆり、小杉十郎太,7.4,2146,https://lain.bgm.tv/r/400/pic/cover/l/51/48/38326_Y27E2.jpg,https://bangumi.tv/subject/38326
1168,学生会的一己之见,TV,12,2009-10-02,佐藤卓哉,花田十輝,近藤隆、本多真梨子、斉藤佑圭、富樫美鈴、堀中優希、能登麻美子、小菅真美、山本和臣、清水愛、山本和臣、櫻井孝宏、戸松遥、真堂圭、新谷良子、日笠陽子、寿美菜子、高垣彩陽、鈴木千尋、宮田幸季、代永翼、寺島拓篤、立木文彦、肝付兼太,7.4,8559,https://lain.bgm.tv/r/400/pic/cover/l/dd/a0/2567_090zo.jpg,https://bangumi.tv/subject/2567
1169,剧场版 鬼灭之刃 无限城篇 第一章 猗窝座再袭,剧场版,1,2025-07-18,外崎春雄,近藤光、ufotable,花江夏樹、錢欣郁、星潮、이경태、下野紘、李兰陵、江志倫、석승훈、櫻井孝宏、陳彥鈞、赵毅、정재헌、石田彰、路扬、何志威、남도형、鬼頭明里、連婉鈞、沈欣如、이이로、松岡禎丞、皇贞季、陳彥鈞、민승우、上田麗奈、唐嶷、連婉鈞、김순미、岡本信彦、蔣鐵城、刘明月、박민기、小西克幸、于正昇、杨天翔、김장、河西健吾、馮嘉德、马正阳、임채빈、早見沙織、馮嘉德、龟娘、김하루、花澤香菜、沈欣如、錢欣郁、최하리、鈴村健一、陈张太康、江志倫、서반석、関智一、郝祥海、陳彥鈞、박성태、杉田智和、图特哈蒙、黃天佑、구자형、山崎たくみ、江志倫、大塚芳忠、孫中台、李璐、송준석、森川智之、姜广涛、蔣鐵城、신용우、悠木碧、錢欣郁、赵双、이주은、井澤詩織、連婉鈞、茗以、장예나、高野麻里佳、馮嘉德、姜英俊、방연지、三木眞一郎、黃天佑、周健、임채헌、本渡楓、連婉鈞、叶知秋、유혜지、大地葉、馮嘉德、박이서、小原好美、錢欣郁、채림、千葉繁、林谷珍、李铫、유해무、小山力也、于正昇、图特哈蒙、이상범、茅野愛衣、林美秀、叶知秋、이지현、飛田展男、孫中台、이규석、中村悠一、夏治世、任景行、장민혁、Lynn、林美秀、武桢鑫、엄지은、浜田賢二、蔣鐵城、名塚佳織、連婉鈞、坂本真綾、山新、馮嘉德、여민정、山下大輝、胡霖、江志倫、심규혁、宮田幸季、蔣鐵城、李轻扬、김민주、千葉翔也、손수호、石毛翔弥、이주승、阿座上洋平、김주호、関俊彦、夏磊、于正昇、김승준、置鮎龍太郎、巴赫、夏治世、양석정、宮野真守、李世揚、刘飞、김명준、細谷佳正、王敏纳、黃天佑、권창욱、神奈延年、塩屋翼、蔣鐵城、林谷珍、山路和弘、黃天佑、島田敏,7.4,6829,https://lain.bgm.tv/r/400/pic/cover/l/f6/0b/501958_VZs4W.jpg,https://bangumi.tv/subject/501958
1170,王者天下 第六季,TV,13,2025-10-04,今泉賢一,高木登、入江信吾、宮下隼一、吉永亜矢、谷村大四郎,森田成一、福山潤、釘宮理恵、日笠陽子、堀内賢雄、伊藤健太郎、園崎未恵、諏訪部順一、仲野裕、細谷佳正、野島裕史、遊佐浩二、森川智之、手塚秀彰、坂泰斗、石井康嗣、真野恭輔、東地宏樹、三宅健太、拝真之介、村井美里、花江夏樹、甲斐田裕子、木下浩之、武田幸史、乃村健次、永峰遙、佐久間元輝、八代拓、赤城進、鳥海浩輔、小村将、林大地、林勇、小山力也、高塚正也,7.4,256,https://lain.bgm.tv/r/400/pic/cover/l/50/9a/553106_Uktr5.jpg,https://bangumi.tv/subject/553106
1171,凡人修仙传 星海飞驰篇 序章,WEB,4,2023-07-30,王裕仁、林宇昂,王裕仁,钱文青、刘思岑、故里、赵铭洲、高启帆,7.4,1176,https://lain.bgm.tv/r/400/pic/cover/l/e9/83/445681_ktuk6.jpg,https://bangumi.tv/subject/445681
1172,哆啦A梦 日视版,TV,26,1973-04-01,岡迫和之、腰繁男,山崎晴哉、鈴木良武、井上知士、吉原幸栄、馬嶋満,富田耕生、野沢雅子、太田淑子、恵比寿まさ子、肝付兼太、八代駿、村越伊知郎、小原乃梨子,7.5,148,https://lain.bgm.tv/r/400/pic/cover/l/2a/26/36126_6XYHl.jpg,https://bangumi.tv/subject/36126
1173,城市猎人 第三季,TV,13,1989-10-15,こだま兼嗣,外池省二、平柳益実、日暮裕一、青木悠三、平野靖士、今西隆志、久保田圭司,神谷明、伊倉一恵、玄田哲章、麻上洋子、鷹森淑乃、小山茉美、冨永みーな、佐々木るん、堀秀行,7.5,148,https://lain.bgm.tv/r/400/pic/cover/l/3c/09/53926_z4OY9.jpg,https://bangumi.tv/subject/53926
1174,BanG Dream! FILM LIVE 2nd Stage,剧场版,1,2021-08-20,梅津朋美,柿本広大,秦佐和子、愛美、大塚紗英、西本りみ、大橋彩香、伊藤彩沙、佐倉綾音、三澤紗千香、加藤英美里、日笠陽子、金元寿子、前島亜美、小澤亜李、上坂すみれ、中上育実、相羽あいな、工藤晴香、中島由貴、櫻川めぐ、志崎樺音、伊藤美来、田所あずさ、吉田有里、豊田萌絵、黒沢ともよ、進藤あまね、直田姫奈、西尾夕香、mika、Ayasa、Raychell、小原莉子、夏芽、倉知玲鳳、紡木吏佐,7.4,802,https://lain.bgm.tv/r/400/pic/cover/l/58/c6/302228_llI4g.jpg,https://bangumi.tv/subject/302228
1175,青之芦苇,TV,24,2022-04-09,さとう陽,竹下健一、早川スミカ、横谷昌宏、大東大介、入江信吾,大鈴功起、橘龍丸、山下誠一郎、八代拓、小松未可子、堀江瞬、加藤渉、榎木淳弥、藍原ことみ、熊谷健太郎、村中知、武内駿輔、梅原裕一郎、小野賢章、内山昂輝、古川慎、興津和幸、河瀬茉希、上田麗奈、小林親弘、安元洋貴、園崎未恵、中島ヨシキ、小松未可子、江口拓也、西山宏太朗、小野友樹、前野智昭、真堂圭,7.4,2863,https://lain.bgm.tv/r/400/pic/cover/l/66/d2/337459_OPT8c.jpg,https://bangumi.tv/subject/337459
1176,猫屎一号,WEB,1,2010-07-17,笹原和也,笹原和也,,7.4,1138,https://lain.bgm.tv/r/400/pic/cover/l/fc/20/7312_3M49m.jpg,https://bangumi.tv/subject/7312
1177,巴加的工作室,OVA,1,2017-10-28,木上益治,,吉田舞妃、田村睦心、田所あずさ、田村睦心、金元寿子,7.4,992,https://lain.bgm.tv/r/400/pic/cover/l/58/11/220188_KIdI9.jpg,https://bangumi.tv/subject/220188
1178,南方公园 第23季,未知,10,2019-09-25,未知,,,7.5,102,https:/img/no_icon_subject.png,https://bangumi.tv/subject/209063
1179,刀剑神域,TV,25,2012-07-07,伊藤智彦,セブンデイズウォー、中本宗応、菅原雪絵、木澤行人,松岡禎丞、戸松遥、竹達彩奈、伊藤かな恵、平田広明、早見沙織、安元洋貴、高垣彩陽、山寺宏一、日高里菜、子安武人、大川透、三宅健太、保志総一朗、井澤詩織、小山剛志、関智一、井澤詩織、矢作紗友里、斎藤千和、村瀬歩、檜山修之、于正昇、逢坂良太、小林直人,7.4,25486,https://lain.bgm.tv/r/400/pic/cover/l/2e/c8/23686_e36x9.jpg,https://bangumi.tv/subject/23686
1180,剧场版 黄金拼图 谢谢你!!,剧场版,1,2021-08-20,名和宗則,綾奈ゆにこ,西明日香、田中真奈美、種田梨沙、内山夕実、東山奈央、諏訪彩花、中津真莉、田村ゆかり、佐藤聡美、大西沙織、潘めぐみ、村川梨衣、高橋美佳子、大原さやか、木村亜希子、川澄綾子、奥井ゆうこ、大原さやか,7.4,989,https://lain.bgm.tv/r/400/pic/cover/l/e1/7c/302373_jHFzJ.jpg,https://bangumi.tv/subject/302373
1181,旋风管家,TV,52,2007-04-01,川口敬一郎,高橋ナツコ、猪爪慎一、植田浩二、浦沢義雄、福田裕子、武上純希,釘宮理恵、田中理恵、伊藤静、白石涼子、松来未祐、植田佳奈、中島沙樹、井上麻里奈、生天目仁美、高橋美佳子、矢作紗友里、中尾衣里、浅野真澄、中島沙樹、鳥海浩輔、佐藤利奈、小西克幸、若本規夫、加藤英美里、関智一、ワタナベシンイチ、藤村歩、志村知幸、中島沙樹、若本規夫,7.4,5591,https://lain.bgm.tv/r/400/pic/cover/l/a8/ec/808_wmqKJ.jpg,https://bangumi.tv/subject/808
1182,剧场总集篇孤独摇滚！ Re:,剧场版,1,2024-06-07,斎藤圭一郎,吉田恵里香,青山吉能、阎么么、鈴代紗弓、姜英俊、水野朔、张雨曦、長谷川育美、月夜桥、叶知秋、黑特、幽舞越山、郝祥海、楚越、刘知否,7.4,2583,https://lain.bgm.tv/r/400/pic/cover/l/4d/fe/436738_Z960u.jpg,https://bangumi.tv/subject/436738
1183,蜘蛛侠 第三季：父辈们的罪恶,TV,14,1996-04-27,未知,,Christopher Daniel Barnes、Hank Azaria、Roscoe Lee Browne、David Hayter、Cam Clarke、Quinton Flynn,7.6,84,https://lain.bgm.tv/r/400/pic/cover/l/60/93/287126_Sm58g.jpg,https://bangumi.tv/subject/287126
1184,小马宝莉：友谊就是魔法 第七季,TV,26,2017-04-15,未知,,Tara Strong、洪海天,7.4,341,https://lain.bgm.tv/r/400/pic/cover/l/dc/37/208576_9euK8.jpg,https://bangumi.tv/subject/208576
1185,剧场版 明日之丈2,剧场版,1,1981-07-04,出﨑統,出﨑統、篠崎好、山崎晴哉、大和屋竺、高屋敷英夫,あおい輝彦、細川俊之、檀ふみ、藤岡重慶、岸部四郎、納谷六朗、ジョー山中,7.5,132,https://lain.bgm.tv/r/400/pic/cover/l/8f/a7/67755_ZlhnK.jpg,https://bangumi.tv/subject/67755
1186,黑猫警长,TV,5,1984,戴铁郎、范马迪、熊南清,戴铁郎,史东敏、王卫、王卫、战车,7.4,2482,https://lain.bgm.tv/r/400/pic/cover/l/c4/1d/5868_pFmev.jpg,https://bangumi.tv/subject/5868
1187,双面骑士,TV,24,2006-08-19,古橋一浩,菅正太郎、冲方丁、むとうやすゆき,野島昭生、泰勇気、水野理紗、成田剣、松元恵、佐藤晴男、櫻井孝宏、稲田徹、喜多村英梨,7.4,551,https://lain.bgm.tv/r/400/pic/cover/l/3e/9e/2083_U7L07.jpg,https://bangumi.tv/subject/2083
1188,宇宙兄弟#0,剧场版,1,2014-08-09,渡辺歩,小山宙哉,沢城みゆき、平田広明,7.5,154,https://lain.bgm.tv/r/400/pic/cover/l/c2/a2/90502_0dDP7.jpg,https://bangumi.tv/subject/90502
1189,乡下人 第一季,TV,15,2005-11-06,未知,,,7.7,56,https://lain.bgm.tv/r/400/pic/cover/l/ba/f8/150810_ezehZ.jpg,https://bangumi.tv/subject/150810
1190,MIX：明青故事,TV,24,2019-04-06,渡部穏寛,冨岡淳広、北条千夏、樋口達人、福嶋幸典、山田健一,梶裕貴、内田雄馬、内田真礼、花澤香菜、安元洋貴、篠原恵美、金野潤、中村大樹、武虎、宇垣秀成、樫井笙人、平田裕香、高木渉、井上喜久子、金光宣明、小林大紀、中尾隆聖、奈良徹、鈴木達央、西山宏太朗、遠藤大智、伊瀬茉莉也、最上嗣生、楠大典、日髙のり子、金光宣明、日髙のり子,7.4,881,https://lain.bgm.tv/r/400/pic/cover/l/bd/2f/255980_QS121.jpg,https://bangumi.tv/subject/255980
1191,Concrete Revolutio 超人幻想 THE LAST SONG,TV,11,2016-04-10,水島精二,會川昇、中島かずき、辻真先、虚淵玄,鷄冠井美智子、石川界人、上坂すみれ、豊崎愛生、中村繪里子、三木眞一郎、川島得愛、鈴村健一、大川透、浪川大輔、山根舞、金尾哲夫、西田雅一、西田雅一、山寺宏一、相楽信頼、村瀬歩、立花慎之介、竹達彩奈、木内秀信、佐藤健輔、櫻井トオル、大橋彩香、深川芹亜、キャンディスン、明坂聡美、沢井美優、田中正彦、嶋村侑、菊地瞳、安元洋貴、柿原徹也、内山昂輝、増元拓也、小堀幸、佐倉綾音、行成とあ、子安武人、大友龍三郎、木村拓、大原崇、いのくちゆか、逢田梨香子、北原沙弥香、水島大宙、寿美菜子、檜山修之、水樹奈々、大空直美、中博史、石川英郎、関口英司、中田譲治、阿澄佳奈、小西克幸、関智一、平井祥恵、長南翔太、松澤千晶,7.4,2510,https://lain.bgm.tv/r/400/pic/cover/l/97/56/160271_9i3RA.jpg,https://bangumi.tv/subject/160271
1192,灌篮高手 咆哮吧篮球员的灵魂！！花道和流川的灼热夏季,剧场版,1,1995-07-15,明比正行,岸間信明,置鮎龍太郎、陳彥鈞、草尾毅、西村知道,7.4,378,https://lain.bgm.tv/r/400/pic/cover/l/9d/75/3734_lxGT4.jpg,https://bangumi.tv/subject/3734
1193,第八届东方M-1漫才大赛,OVA,1,2013-12-30,上海アリス幻樂団,,佐藤ねこ丸、らんてぃ、山口瑞樹、ヒナコ、藤宮ゆき、ヒナコ、平山笑美、音鳴ころね、音鳴ころね、藤宮ゆき、金子未佳、天乙准花、天乙准花、涼貴涼、平山笑美、西浦のどか、犬飼あお、山口瑞樹、らんてぃ,7.5,176,https://lain.bgm.tv/r/400/pic/cover/l/3b/13/96643_N1xB0.jpg,https://bangumi.tv/subject/96643
1194,哆啦A梦：大雄的新恐龙,剧场版,1,2020-08-07,今井一暁,川村元気,水田わさび、陳美貞、大原めぐみ、楊凱凱、かかずゆみ、許淑嬪、木村昴、于正昌、関智一、劉傑、遠藤綾、釘宮理恵、松本保典、三石琴乃、間宮康弘、下和田ヒロキ、小野大輔、木村拓哉、渡辺直美、神木隆之介,7.4,1417,https://lain.bgm.tv/r/400/pic/cover/l/3e/f5/285759_z4dsD.jpg,https://bangumi.tv/subject/285759
1195,大雄的结婚前夜,剧场版,1,1999-03-06,渡辺歩,藤本信行,大山のぶ代、小原乃梨子、野村道子、たてかべ和也、肝付兼太,7.4,416,https://lain.bgm.tv/r/400/pic/cover/l/81/d4/121747_CUNZx.jpg,https://bangumi.tv/subject/121747
1196,魔法少女奈叶,TV,13,2004-10-01,新房昭之,都築真紀,田村ゆかり、水樹奈々、水橋かおり、桑谷夏子、久川綾、高橋美佳子、松岡由貴、釘宮理恵、清水愛、五十嵐麗、緑川光、白石涼子、一条和矢、天野エリカ、松来未祐、氷青、谷井あすか、木下紗華、Donna Burke、Kevin J.England、平井啓二,7.4,3677,https://lain.bgm.tv/r/400/pic/cover/l/dc/4c/1262_5ezbs.jpg,https://bangumi.tv/subject/1262
1197,噗妮露是可爱史莱姆 第二季,TV,12,2025-07-06,伊部勇志,横手美智子、池田臨太郎、平見瞠、伊部勇志,篠原侑、梅田修一朗、上坂すみれ、清水理沙、榎木淳弥、花守ゆみり、越後屋コースケ、武内駿輔、中井和哉、小林ゆう、大谷育江、大谷育江、田中有紀、稲垣好、伊藤彩沙、茶風林、斎賀みつき、井上喜久子、下野紘、井上ほの花、悠木碧,7.4,2362,https://lain.bgm.tv/r/400/pic/cover/l/14/f9/530115_8prir.jpg,https://bangumi.tv/subject/530115
1198,天才麻将少女 全国篇,TV,13,2014-01-05,小野学,浦畑達彦,植田佳奈、小清水亜美、釘宮理恵、伊藤静、白石涼子、福山潤、早見沙織、赤﨑千夏、水橋かおり、辻あゆみ、大原さやか、伊達朱里紗、佳村はるか、松田颯水、中津真莉、寿美菜子、長妻樹里、水野マリコ、豊田萌絵、佐藤利奈、内田真礼、茅原実里、福原香織、小岩井ことり、松来未祐、後藤沙緒里、田村睦心、田村ゆかり、浅野真澄、野中藍、甲斐田裕子、大橋歩夕、清水愛、小野大輔、堀江由衣、神崎ちろ、又吉愛、森永理科、七沢心、新谷良子、桑谷夏子、斎藤桃子、小林ゆう、伊藤かな恵、日笠陽子、小見川千明、花澤香菜、MAKO、東山奈央、内山夕実、悠木碧、進藤尚美、新井里美、大亀あすか、中原麻衣、斎賀みつき、斎藤千和、三宅麻理恵、千葉千恵巳、松岡由貴、柚木涼香、中田譲治,7.4,4436,https://lain.bgm.tv/r/400/pic/cover/l/50/fa/52606_detm8.jpg,https://bangumi.tv/subject/52606
1199,侦探歌剧 少女福尔摩斯 第二幕,TV,12,2012-01-05,森脇真琴,山川進、筆安一幸、ヤスカワショウゴ、江夏由結,三森すずこ、橘田いずみ、佐々木未来、徳井青空、南條愛乃、明坂聡美、沢城みゆき、新谷良子、寺島拓篤、岸尾だいすけ、下野紘、田村ゆかり、青木強,7.4,1095,https://lain.bgm.tv/r/400/pic/cover/l/e7/cd/22287_PDdDE.jpg,https://bangumi.tv/subject/22287
1200,小红帽恰恰,TV,74,1994-01-07,辻初樹,金春智子、三井秀樹、柳川茂、山田隆司、戸田博史、高橋良輔、山口宏,泉類亨、熊肇川、陳進益、鈴木真仁、姚敏敏、林美秀、香取慎吾、李明幸、陶敏嫻、日髙のり子、朱憶華、雷碧文,7.5,169,https://lain.bgm.tv/r/400/pic/cover/l/f6/53/10409_OnW1o.jpg,https://bangumi.tv/subject/10409
